id,competition,stage,year,source_index_year,academic_year,region,days,grade_scope,role,provenance,path,sha256,bytes,retrieved_at,url,download_url,source_page,bundle_member,extraction_status
4015cc3a195c28,vsosh,municipal,2025,2026,2025/2026,Москва,[],[10],combined,organizer,archive/vsosh/municipal/2025-2026/moscow/4015cc3a195c28_ii-10.pdf,867de9e7241031b654bb48538a9525cceefee87e2d393d5d0a324bc2c95542e5,122899,2026-09-30T19:49:47.738779+00:00,https://olympiads.mccme.ru/vmo/2026/ii-10.pdf,https://olympiads.mccme.ru/vmo/2026/ii-10.pdf,https://olympiads.mccme.ru/vmo/,,text
b25fd7563997dd,vsosh,regional,2026,,2025/2026,Москва,[1],"[9, 10, 11]",tasks,organizer,archive/vsosh/regional/2025-2026/moscow/b25fd7563997dd_iii-day1.pdf,c690c043ef1e2cf3750b3c4a8cdb7b14759595b8a1f49aa2ef8d231298295773,133603,2026-10-01T06:30:35.872071+00:00,https://olympiads.mccme.ru/vmo/2026/iii-day1.pdf,https://olympiads.mccme.ru/vmo/2026/iii-day1.pdf,https://olympiads.mccme.ru/vmo/,,text
9c932d5166b11c,vsosh,regional,2026,,2025/2026,Москва,[2],"[9, 10, 11]",tasks,organizer,archive/vsosh/regional/2025-2026/moscow/9c932d5166b11c_iii-day2.pdf,98b2cc3d80c16ff9bcc37fc3ee26efd1fe38c42dd5cea5cb36fa0c6abd0377e6,130163,2026-09-30T19:49:31.513126+00:00,https://olympiads.mccme.ru/vmo/2026/iii-day2.pdf,https://olympiads.mccme.ru/vmo/2026/iii-day2.pdf,https://olympiads.mccme.ru/vmo/,,text
6d00d87003b353,vsosh,regional,2026,,2025/2026,Москва,[1],"[9, 10, 11]",combined,organizer,archive/vsosh/regional/2025-2026/moscow/6d00d87003b353_iii-1.pdf,f0ff1c26dcd8620269e6c1e58469fd254fddfb3a1b18305beda31b96b539a67c,706594,2026-09-30T19:49:32.007386+00:00,https://olympiads.mccme.ru/vmo/2026/iii-1.pdf,https://olympiads.mccme.ru/vmo/2026/iii-1.pdf,https://olympiads.mccme.ru/vmo/,,text
9530dfcbb81a50,vsosh,regional,2026,,2025/2026,Москва,[2],"[9, 10, 11]",combined,organizer,archive/vsosh/regional/2025-2026/moscow/9530dfcbb81a50_iii-2.pdf,b3f6b3616cf86fd2901c54a472453d1a0d45d8ed12aca1d48ae39c9569e66bbc,425194,2026-09-30T19:49:33.851973+00:00,https://olympiads.mccme.ru/vmo/2026/iii-2.pdf,https://olympiads.mccme.ru/vmo/2026/iii-2.pdf,https://olympiads.mccme.ru/vmo/,,text
8bc3912aedc0d6,vsosh,municipal,2024,2025,2024/2025,Москва,[],[10],combined,organizer,archive/vsosh/municipal/2024-2025/moscow/8bc3912aedc0d6_ii-10.pdf,14c9aebf436d3303d0f1a47a685497d4f41703880aaf3219619fc9075bef1693,160633,2026-09-30T19:49:33.523377+00:00,https://olympiads.mccme.ru/vmo/2025/ii-10.pdf,https://olympiads.mccme.ru/vmo/2025/ii-10.pdf,https://olympiads.mccme.ru/vmo/,,text
0a18542fbdc079,vsosh,regional,2025,,2024/2025,Москва,[1],"[9, 10, 11]",combined,organizer,archive/vsosh/regional/2024-2025/moscow/0a18542fbdc079_iii-1.pdf,9cabfcba0780fe22988a0f22386d95a8a5a053c4bce442b25cdd8faafae8f777,395875,2026-09-30T19:49:34.927117+00:00,https://olympiads.mccme.ru/vmo/2025/iii-1.pdf,https://olympiads.mccme.ru/vmo/2025/iii-1.pdf,https://olympiads.mccme.ru/vmo/,,text
cf7fe34b6e6b42,vsosh,regional,2025,,2024/2025,Москва,[2],"[9, 10, 11]",combined,organizer,archive/vsosh/regional/2024-2025/moscow/cf7fe34b6e6b42_iii-2.pdf,1584ddab78ad16be304862cd489be660ffeb211bc18f381da614f5c3c987ca59,393484,2026-09-30T19:49:35.177389+00:00,https://olympiads.mccme.ru/vmo/2025/iii-2.pdf,https://olympiads.mccme.ru/vmo/2025/iii-2.pdf,https://olympiads.mccme.ru/vmo/,,text
21aa37a66eb0a2,vsosh,municipal,2023,2024,2023/2024,Москва,[],[10],combined,organizer,archive/vsosh/municipal/2023-2024/moscow/21aa37a66eb0a2_ii-10.pdf,7095643ffa0f11440d44f38563f4bc3ec07768364285d1dea26b9e72841f8ecf,30484,2026-09-30T19:49:35.914657+00:00,https://olympiads.mccme.ru/vmo/2024/ii-10.pdf,https://olympiads.mccme.ru/vmo/2024/ii-10.pdf,https://olympiads.mccme.ru/vmo/,,text
515d0e8ba3e2f7,vsosh,regional,2024,,2023/2024,Москва,[1],"[9, 10, 11]",combined,organizer,archive/vsosh/regional/2023-2024/moscow/515d0e8ba3e2f7_iii-1.pdf,4ae9cb504e97666ed4b3d8550c555942db702076c2dd2640920c30c9deac5c09,422504,2026-09-30T19:49:53.143356+00:00,https://olympiads.mccme.ru/vmo/2024/iii-1.pdf,https://olympiads.mccme.ru/vmo/2024/iii-1.pdf,https://olympiads.mccme.ru/vmo/,,text
4135ee13e271a9,vsosh,regional,2024,,2023/2024,Москва,[2],"[9, 10, 11]",combined,organizer,archive/vsosh/regional/2023-2024/moscow/4135ee13e271a9_iii-2.pdf,c328c6b031850630335c40bf6f628fb5835a29af3b64c2d39326f7eae4230fdd,415595,2026-09-30T19:49:37.622005+00:00,https://olympiads.mccme.ru/vmo/2024/iii-2.pdf,https://olympiads.mccme.ru/vmo/2024/iii-2.pdf,https://olympiads.mccme.ru/vmo/,,text
e42525c108ecf2,vsosh,municipal,2022,2023,2022/2023,Москва,[],[10],combined,organizer,archive/vsosh/municipal/2022-2023/moscow/e42525c108ecf2_ii-10.pdf,7ee510b93a6dfcebd3a06aeb4b4dfe1540bc57eb9ac0dbb96c247dff3e45f953,487729,2026-09-30T19:49:38.927890+00:00,https://olympiads.mccme.ru/vmo/2023/ii-10.pdf,https://olympiads.mccme.ru/vmo/2023/ii-10.pdf,https://olympiads.mccme.ru/vmo/,,text
8e6f6f0c4f00b0,vsosh,regional,2023,,2022/2023,Москва,[1],"[9, 10, 11]",combined,organizer,archive/vsosh/regional/2022-2023/moscow/8e6f6f0c4f00b0_iii-1.pdf,7c58c56a19f298029b1e938cb0134e526306f2538eb267d5b86cd0306b8fbd2c,377083,2026-09-30T19:49:40.187521+00:00,https://olympiads.mccme.ru/vmo/2023/iii-1.pdf,https://olympiads.mccme.ru/vmo/2023/iii-1.pdf,https://olympiads.mccme.ru/vmo/,,text
7b9b42627842cd,vsosh,regional,2023,,2022/2023,Москва,[2],"[9, 10, 11]",combined,organizer,archive/vsosh/regional/2022-2023/moscow/7b9b42627842cd_iii-2.pdf,cd1aa2e8c6f833111903b98eaa1967e5df41371f7806215b55160e41efd30cc9,380124,2026-09-30T19:49:41.979360+00:00,https://olympiads.mccme.ru/vmo/2023/iii-2.pdf,https://olympiads.mccme.ru/vmo/2023/iii-2.pdf,https://olympiads.mccme.ru/vmo/,,text
5e8a2f052ed565,vsosh,municipal,2021,2022,2021/2022,Москва,[],[10],combined,organizer,archive/vsosh/municipal/2021-2022/moscow/5e8a2f052ed565_ii-10.pdf,17b99ec9d3dd28c3ff4f8d6bf0a8d317333cbef68a082f3189cc5963e14c7d88,116269,2026-09-30T19:49:43.057893+00:00,https://olympiads.mccme.ru/vmo/2022/ii-10.pdf,https://olympiads.mccme.ru/vmo/2022/ii-10.pdf,https://olympiads.mccme.ru/vmo/,,text
d500b9b75022fc,vsosh,regional,2022,,2021/2022,Москва,[1],"[9, 10, 11]",combined,organizer,archive/vsosh/regional/2021-2022/moscow/d500b9b75022fc_iii-1.pdf,83783f597b77eafa182e4fba2c31b84825ff3bcf89b7f1c85fff19b4e319d386,380680,2026-09-30T19:49:44.320102+00:00,https://olympiads.mccme.ru/vmo/2022/iii-1.pdf,https://olympiads.mccme.ru/vmo/2022/iii-1.pdf,https://olympiads.mccme.ru/vmo/,,text
22e5e7e62e828e,vsosh,regional,2022,,2021/2022,Москва,[2],"[9, 10, 11]",combined,organizer,archive/vsosh/regional/2021-2022/moscow/22e5e7e62e828e_iii-2.pdf,b150ecf514c250e2b5b2d6da7a34e9d7a2221c373433a4f012919706ffcad25d,390583,2026-09-30T19:49:45.520796+00:00,https://olympiads.mccme.ru/vmo/2022/iii-2.pdf,https://olympiads.mccme.ru/vmo/2022/iii-2.pdf,https://olympiads.mccme.ru/vmo/,,text
004500fb756cec,vsosh,municipal,2020,2021,2020/2021,Москва,[],[10],combined,organizer,archive/vsosh/municipal/2020-2021/moscow/004500fb756cec_ii-10.pdf,c4cefb4a6481d22be1c703e7a19d5894d54cc7398def9e19d66958f052f6ddbc,163116,2026-09-30T19:49:46.708019+00:00,https://olympiads.mccme.ru/vmo/2021/ii-10.pdf,https://olympiads.mccme.ru/vmo/2021/ii-10.pdf,https://olympiads.mccme.ru/vmo/,,text
667adcf7b8263f,vsosh,regional,2021,,2020/2021,Москва,[],"[9, 10, 11]",regulations,organizer,archive/vsosh/regional/2020-2021/moscow/667adcf7b8263f_pr-minpros-669-ot-24-11-2020.pdf,8eeec25ade1367ad1da48dcf9bb59180534497f80da26ffca3f3035485f4e555,1146092,2026-09-30T19:50:04.396766+00:00,https://vos.olimpiada.ru/files/m_files/158/pr-minpros-669-ot-24-11-2020.pdf,https://vos.olimpiada.ru/files/m_files/158/pr-minpros-669-ot-24-11-2020.pdf,https://olympiads.mccme.ru/vmo/,,requires_visual_reading
c9bb543200000e,vsosh,regional,2021,,2020/2021,Москва,[1],"[9, 10, 11]",combined,organizer,archive/vsosh/regional/2020-2021/moscow/c9bb543200000e_iii-1.pdf,8c935102ca8aca9ec9501ce7a3c2ceca777a36a80045982ecccbe9a21f44e1a6,394092,2026-09-30T19:49:48.930063+00:00,https://olympiads.mccme.ru/vmo/2021/iii-1.pdf,https://olympiads.mccme.ru/vmo/2021/iii-1.pdf,https://olympiads.mccme.ru/vmo/,,text
4610608a0e95fa,vsosh,regional,2021,,2020/2021,Москва,[2],"[9, 10, 11]",combined,organizer,archive/vsosh/regional/2020-2021/moscow/4610608a0e95fa_iii-2.pdf,ce54a760b30e221bc9b4610470bc79920f0e32b39d683f472e241aaab64547ed,412972,2026-09-30T19:49:50.121622+00:00,https://olympiads.mccme.ru/vmo/2021/iii-2.pdf,https://olympiads.mccme.ru/vmo/2021/iii-2.pdf,https://olympiads.mccme.ru/vmo/,,text
3ea7ce3cbe3ef5,vsosh,regional,2020,,2019/2020,Москва,[],"[9, 10, 11]",regulations,organizer,archive/vsosh/regional/2019-2020/moscow/3ea7ce3cbe3ef5_pr-minpros-604-ot-12-11-19.pdf,c18e6c7da3babca59b604e1b7ac37dd3002b266ab0dc9cd1d925c0628ac57b69,191841,2026-09-30T19:49:55.068239+00:00,http://vos.olimpiada.ru/files/m_files/123/pr-minpros-604-ot-12-11-19.pdf,https://vos.olimpiada.ru/files/m_files/123/pr-minpros-604-ot-12-11-19.pdf,https://olympiads.mccme.ru/vmo/,,requires_visual_reading
eb7b43159ad224,vsosh,regional,2019,,2018/2019,Москва,[],"[9, 10, 11]",regulations,organizer,archive/vsosh/regional/2018-2019/moscow/eb7b43159ad224_pr202-minprosvet-ot-12.11.18.pdf,21282f9cc758d46b1d6dc030cf3087bf9c48caa69f383777366eb5154f854558,116172,2026-09-30T19:49:59.603752+00:00,http://vos.olimpiada.ru/files/m_files/108/pr202-minprosvet-ot-12.11.18.pdf,https://vos.olimpiada.ru/files/m_files/108/pr202-minprosvet-ot-12.11.18.pdf,https://olympiads.mccme.ru/vmo/,,requires_visual_reading
aa310fdd08152d,vsosh,regional,2016,,2015/2016,Москва,[],"[9, 10, 11]",regulations,organizer,archive/vsosh/regional/2015-2016/moscow/aa310fdd08152d_10576_3BE9460ED24B80BE.pdf,801bdc96fb4d89e3b0645c0d493e616cf469fe1cf260904999e5252339bddf1f,94368,2026-09-30T19:50:05.879377+00:00,http://www.rosolymp.ru/attachments/10576_3BE9460ED24B80BE.pdf,https://rosolymp.ru/attachments/10576_3BE9460ED24B80BE.pdf,https://olympiads.mccme.ru/vmo/,,requires_visual_reading
669bf6d6c8d917,vsosh,regional,2011,,2010/2011,Москва,[],"[9, 10, 11]",regulations,organizer,archive/vsosh/regional/2010-2011/moscow/669bf6d6c8d917_Pr-MON-1163-sroki3.pdf,757e898cfeb6daf53f63c92609a4989ac2466e8894d98049065e8876a6932b89,79621,2026-09-30T19:50:27.375026+00:00,http://olympiads.mccme.ru/grafik/20102011/Pr-MON-1163-sroki3.pdf,https://olympiads.mccme.ru/grafik/20102011/Pr-MON-1163-sroki3.pdf,https://olympiads.mccme.ru/vmo/,,requires_visual_reading
8c54a3d3b31b2f,vsosh,municipal,2019,2020,2019/2020,Москва,[],[10],combined,organizer,archive/vsosh/municipal/2019-2020/moscow/8c54a3d3b31b2f_Resh_10.pdf,926a5be78f0661097a973619cd8f731ef37e0128c40a7650a70ff26c29c86197,273612,2026-10-01T06:28:17.839344+00:00,https://mmo.mccme.ru/2020/okrug/Resh_10.pdf,https://mmo.mccme.ru/2020/okrug/Resh_10.pdf,https://olympiads.mccme.ru/mmo/okrug/okr19.htm,,text
b5a8551a0dc061,vsosh,regional,2020,,2019/2020,Москва,[1],[10],combined,organizer,archive/vsosh/regional/2019-2020/moscow/b5a8551a0dc061_iii-1.pdf,4ff24b0760868b9a0a20fcacedfefc3294a2ff139098bc9035f00413e0bb6575,125969,2026-10-01T06:28:17.691069+00:00,https://olympiads.mccme.ru/vmo/2020/iii-1.pdf,https://olympiads.mccme.ru/vmo/2020/iii-1.pdf,https://olympiads.mccme.ru/vmo/2020/index.html#pdf,,text
297d395f1667c2,vsosh,regional,2020,,2019/2020,Москва,[2],[10],combined,organizer,archive/vsosh/regional/2019-2020/moscow/297d395f1667c2_iii-2.pdf,e8f9b826cb5e3db60bd93197e2c6aa16791dedf81902562fee2c3c55c586bdb6,172343,2026-10-01T06:28:19.051555+00:00,https://olympiads.mccme.ru/vmo/2020/iii-2.pdf,https://olympiads.mccme.ru/vmo/2020/iii-2.pdf,https://olympiads.mccme.ru/vmo/2020/index.html#pdf,,text
e0bcdb81a64e0a,vsosh,regional,2020,,2019/2020,Москва,[1],[10],tasks,organizer,archive/vsosh/regional/2019-2020/moscow/e0bcdb81a64e0a_iii-day1.pdf,beace72549a73aafe3e0dfa20ad8488b5ad195f8982a881dc622b5f3d2ddb782,58170,2026-10-01T06:28:18.874317+00:00,https://olympiads.mccme.ru/vmo/2020/iii-day1.pdf,https://olympiads.mccme.ru/vmo/2020/iii-day1.pdf,https://olympiads.mccme.ru/vmo/2020/index.html#pdf,,text
2e887ae52d5be7,vsosh,regional,2020,,2019/2020,Москва,[2],[10],tasks,organizer,archive/vsosh/regional/2019-2020/moscow/2e887ae52d5be7_iii-day2.pdf,83682eaa3998053085f138556fa2b507bf2a12caf0f7efd0f7fd4607eae2399e,61299,2026-10-01T06:28:18.972480+00:00,https://olympiads.mccme.ru/vmo/2020/iii-day2.pdf,https://olympiads.mccme.ru/vmo/2020/iii-day2.pdf,https://olympiads.mccme.ru/vmo/2020/index.html#pdf,,text
ab486a73205f6a,vsosh,municipal,2018,2019,2018/2019,Москва,[],[10],combined,organizer,archive/vsosh/municipal/2018-2019/moscow/ab486a73205f6a_Resh_10.pdf,42677515bea1b5c7c08e2a4910ae1b3f512b9e30e13ef7e0fa43594d77f742f4,516897,2026-10-01T06:28:20.332299+00:00,https://mmo.mccme.ru/2019/okrug/Resh_10.pdf,https://mmo.mccme.ru/2019/okrug/Resh_10.pdf,https://olympiads.mccme.ru/mmo/okrug/okr18.htm,,text
d58556db131ff7,vsosh,regional,2019,,2018/2019,Москва,[1],[10],combined,organizer,archive/vsosh/regional/2018-2019/moscow/d58556db131ff7_iii-1.pdf,a19784bc085d29381845b711a01df6dc02598496706be5d8a726a601b0e04537,351222,2026-10-01T06:28:20.168267+00:00,https://olympiads.mccme.ru/vmo/2019/iii-1.pdf,https://olympiads.mccme.ru/vmo/2019/iii-1.pdf,https://olympiads.mccme.ru/vmo/2019/index.html#pdf,,text
cc376166b6c6b1,vsosh,regional,2019,,2018/2019,Москва,[2],[10],combined,organizer,archive/vsosh/regional/2018-2019/moscow/cc376166b6c6b1_iii-2.pdf,b532eefa6423eb533cbfc4af73b3284e53a031692d7f01c4285b9d91d7d483ef,344480,2026-10-01T06:28:20.280695+00:00,https://olympiads.mccme.ru/vmo/2019/iii-2.pdf,https://olympiads.mccme.ru/vmo/2019/iii-2.pdf,https://olympiads.mccme.ru/vmo/2019/index.html#pdf,,text
209d3bd3a6ea3f,vsosh,regional,2019,,2018/2019,Москва,[1],[10],tasks,organizer,archive/vsosh/regional/2018-2019/moscow/209d3bd3a6ea3f_iii-day1.pdf,1af114ab43a8f2fb57bab67a9b7779a3cc385cf05827f3977a40418888e3163f,63728,2026-10-01T06:28:21.234063+00:00,https://olympiads.mccme.ru/vmo/2019/iii-day1.pdf,https://olympiads.mccme.ru/vmo/2019/iii-day1.pdf,https://olympiads.mccme.ru/vmo/2019/index.html#pdf,,text
0b54e710ef4b25,vsosh,regional,2019,,2018/2019,Москва,[2],[10],tasks,organizer,archive/vsosh/regional/2018-2019/moscow/0b54e710ef4b25_iii-day2.pdf,3da70d73ff919bb3e73e849ba8eb70eb752319de5e1d5440c50dd1ddb6719272,64182,2026-10-01T06:28:21.229614+00:00,https://olympiads.mccme.ru/vmo/2019/iii-day2.pdf,https://olympiads.mccme.ru/vmo/2019/iii-day2.pdf,https://olympiads.mccme.ru/vmo/2019/index.html#pdf,,text
d0e44aa3b38b1f,vsosh,municipal,2017,2018,2017/2018,Москва,[],[10],combined,organizer,archive/vsosh/municipal/2017-2018/moscow/d0e44aa3b38b1f_Resh_10.pdf,a19b8bd40fcfe43e8ca14e754a393566c31387c84f5c02252e9cba117c395b4f,483716,2026-10-01T06:28:22.379681+00:00,https://mmo.mccme.ru/2018/okrug/Resh_10.pdf,https://mmo.mccme.ru/2018/okrug/Resh_10.pdf,https://olympiads.mccme.ru/mmo/okrug/okr17.htm,,text
23b875e4f79310,vsosh,regional,2018,,2017/2018,Москва,[1],[10],combined,organizer,archive/vsosh/regional/2017-2018/moscow/23b875e4f79310_iii-1.pdf,54868623b0c59e2d6866359817ce2ee7a882a95f2299e86b9f1fd3196f4b3915,376379,2026-10-01T06:28:22.634137+00:00,https://olympiads.mccme.ru/vmo/2018/iii-1.pdf,https://olympiads.mccme.ru/vmo/2018/iii-1.pdf,https://olympiads.mccme.ru/vmo/2018/index.html#pdf,,text
b2f286a2066355,vsosh,regional,2018,,2017/2018,Москва,[2],[10],combined,organizer,archive/vsosh/regional/2017-2018/moscow/b2f286a2066355_iii-2.pdf,bee94c7f690abd5e37648ae75ff75383f0fd41cb154e3fde3220bb6784cc2668,436706,2026-10-01T06:28:23.366325+00:00,https://olympiads.mccme.ru/vmo/2018/iii-2.pdf,https://olympiads.mccme.ru/vmo/2018/iii-2.pdf,https://olympiads.mccme.ru/vmo/2018/index.html#pdf,,text
a863a3fbd92d08,vsosh,regional,2018,,2017/2018,Москва,[1],[10],tasks,organizer,archive/vsosh/regional/2017-2018/moscow/a863a3fbd92d08_iii-day1.pdf,7394f81216365b43a602afd686da5640d1c4ddbb7f022a938e8d759ee61a24ae,51617,2026-10-01T06:28:23.367256+00:00,https://olympiads.mccme.ru/vmo/2018/iii-day1.pdf,https://olympiads.mccme.ru/vmo/2018/iii-day1.pdf,https://olympiads.mccme.ru/vmo/2018/index.html#pdf,,text
aae8f652a0d229,vsosh,regional,2018,,2017/2018,Москва,[2],[10],tasks,organizer,archive/vsosh/regional/2017-2018/moscow/aae8f652a0d229_iii-day2.pdf,9fd49e9045206d320e52395db3299e714d600b9b0c2f064e9591b7c169f55838,55712,2026-10-01T06:28:23.637784+00:00,https://olympiads.mccme.ru/vmo/2018/iii-day2.pdf,https://olympiads.mccme.ru/vmo/2018/iii-day2.pdf,https://olympiads.mccme.ru/vmo/2018/index.html#pdf,,text
f229444adcc963,vsosh,municipal,2014,2015,2014/2015,Москва,[],[10],tasks,organizer,archive/vsosh/municipal/2014-2015/moscow/f229444adcc963_usl_10.pdf,346b60803ca1a8812b343d27256184d0692d72bf9225b7ccfbfd1e63bc2dcb55,65211,2026-10-01T06:28:26.546843+00:00,https://mmo.mccme.ru/2015/okrug/usl_10.pdf,https://mmo.mccme.ru/2015/okrug/usl_10.pdf,https://olympiads.mccme.ru/mmo/okrug/okr14.htm,,text
54bc8e83586260,vsosh,regional,2015,,2014/2015,Москва,[1],[10],combined,organizer,archive/vsosh/regional/2014-2015/moscow/54bc8e83586260_iii-1.pdf,da7d17ac0d258eadf29bcfe07479cdf8f8ea411faf6a5b634b4edccc69f7ec7a,180623,2026-10-01T06:28:43.653733+00:00,https://olympiads.mccme.ru/vmo/2015/iii-1.pdf,https://olympiads.mccme.ru/vmo/2015/iii-1.pdf,https://olympiads.mccme.ru/vmo/2015/index.htm#pdf,,text
d3ce5c412aa76c,vsosh,regional,2015,,2014/2015,Москва,[2],[10],combined,organizer,archive/vsosh/regional/2014-2015/moscow/d3ce5c412aa76c_iii-2.pdf,d5ad3fc21e584b003d3a5190837438b0a6fd9d4900943308bed169f712d8e396,210365,2026-10-01T06:28:28.606973+00:00,https://olympiads.mccme.ru/vmo/2015/iii-2.pdf,https://olympiads.mccme.ru/vmo/2015/iii-2.pdf,https://olympiads.mccme.ru/vmo/2015/index.htm#pdf,,text
dfd286357b017d,vsosh,regional,2015,,2014/2015,Москва,[1],[10],tasks,organizer,archive/vsosh/regional/2014-2015/moscow/dfd286357b017d_iii-day1.pdf,05fb17a0f690bdf7800386e801c66aaa079badaaec80e4f9447ae125ef0c23c1,50491,2026-10-01T06:28:29.504320+00:00,https://olympiads.mccme.ru/vmo/2015/iii-day1.pdf,https://olympiads.mccme.ru/vmo/2015/iii-day1.pdf,https://olympiads.mccme.ru/vmo/2015/index.htm#pdf,,text
e7f525b51f90ad,vsosh,regional,2015,,2014/2015,Москва,[2],[10],tasks,organizer,archive/vsosh/regional/2014-2015/moscow/e7f525b51f90ad_iii-day2.pdf,bd15f1b19929718643820299a461df2b251d6cb7f80da887dd2968f6bb8ec1d2,42337,2026-10-01T06:28:30.451238+00:00,https://olympiads.mccme.ru/vmo/2015/iii-day2.pdf,https://olympiads.mccme.ru/vmo/2015/iii-day2.pdf,https://olympiads.mccme.ru/vmo/2015/index.htm#pdf,,text
f08d03ea83d401,vsosh,municipal,2012,2013,2012/2013,Москва,[],[10],tasks,organizer,archive/vsosh/municipal/2012-2013/moscow/f08d03ea83d401_usl_10.pdf,86b613744a61dc491f4bbe60ebab1f9de409a44aa7e223e37382eed7b688070a,54253,2026-10-01T06:28:37.100366+00:00,https://mmo.mccme.ru/2013/okrug/usl_10.pdf,https://mmo.mccme.ru/2013/okrug/usl_10.pdf,https://olympiads.mccme.ru/mmo/okrug/okr12.htm,,text
2cec5b9c863746,vsosh,municipal,2012,2013,2012/2013,Москва,[],[10],combined,organizer,archive/vsosh/municipal/2012-2013/moscow/2cec5b9c863746_pr.644_1.10.12.dogm.pdf,68f3f6e03254a8a3a323c90e1883efcb1f0b6d1968d815f5b5bb97b835f33adc,394914,2026-10-01T06:28:40.077697+00:00,http://vos.olimpiada.ru/files/m_files/19/pr.644_1.10.12.dogm.pdf,https://vos.olimpiada.ru/files/m_files/19/pr.644_1.10.12.dogm.pdf,https://olympiads.mccme.ru/mmo/okrug/okr12.htm,,text
655a98c7784eed,vsosh,regional,2013,,2012/2013,Москва,[1],[10],combined,organizer,archive/vsosh/regional/2012-2013/moscow/655a98c7784eed_iii-1.pdf,f9f8e71e158843ee768da98d644454a0fdfeaf5ccd607aa21d13f724ff8aa7c4,213128,2026-10-01T06:28:41.315182+00:00,https://olympiads.mccme.ru/vmo/2013/iii-1.pdf,https://olympiads.mccme.ru/vmo/2013/iii-1.pdf,https://olympiads.mccme.ru/vmo/2013/index.htm#pdf,,text
4eff01b22aeaea,vsosh,regional,2013,,2012/2013,Москва,[2],[10],combined,organizer,archive/vsosh/regional/2012-2013/moscow/4eff01b22aeaea_iii-2.pdf,578f4bb4a1d52f838f20f8996c7bd5061ae2c29f20f32d3abe4e97b2b92b7691,242084,2026-10-01T06:28:42.472279+00:00,https://olympiads.mccme.ru/vmo/2013/iii-2.pdf,https://olympiads.mccme.ru/vmo/2013/iii-2.pdf,https://olympiads.mccme.ru/vmo/2013/index.htm#pdf,,text
ab9932c17685fe,vsosh,regional,2013,,2012/2013,Москва,[1],[10],tasks,organizer,archive/vsosh/regional/2012-2013/moscow/ab9932c17685fe_iii-day1.pdf,f88c379e51cf656730b334e9db44ec79c097f4fc7e169ed822b5299ec9e90324,52169,2026-10-01T06:28:42.622714+00:00,https://olympiads.mccme.ru/vmo/2013/iii-day1.pdf,https://olympiads.mccme.ru/vmo/2013/iii-day1.pdf,https://olympiads.mccme.ru/vmo/2013/index.htm#pdf,,text
296589f4971e9f,vsosh,regional,2013,,2012/2013,Москва,[2],[10],tasks,organizer,archive/vsosh/regional/2012-2013/moscow/296589f4971e9f_iii-day2.pdf,6c19810baf4a824cfa86357b735e3c0d22d4174de06abccd89b3966231665ca6,60657,2026-10-01T06:28:43.437952+00:00,https://olympiads.mccme.ru/vmo/2013/iii-day2.pdf,https://olympiads.mccme.ru/vmo/2013/iii-day2.pdf,https://olympiads.mccme.ru/vmo/2013/index.htm#pdf,,text
85ae71710a6ff6,vsosh,municipal,2011,2012,2011/2012,Москва,[],"[7, 8, 9, 10, 11]",combined,organizer,archive/vsosh/municipal/2011-2012/moscow/85ae71710a6ff6_7-11.pdf,8a2209829669d393ca9051c25d805d0d638e454e24d91e736fd235c96825e08b,166327,2026-10-01T06:28:43.683288+00:00,https://mmo.mccme.ru/2012/okrug/7-11.pdf,https://mmo.mccme.ru/2012/okrug/7-11.pdf,https://olympiads.mccme.ru/mmo/okrug/okr11.htm,,text
c3f947ec6a5ef8,vsosh,municipal,2011,2012,2011/2012,Москва,[],[10],tasks,organizer,archive/vsosh/municipal/2011-2012/moscow/c3f947ec6a5ef8_usl_10.pdf,aaa09762e331cf918be0fb0f0c57e8824c712bcddcb6bed8e99c35c18e7d53e1,62348,2026-10-01T06:28:45.391039+00:00,https://mmo.mccme.ru/2012/okrug/usl_10.pdf,https://mmo.mccme.ru/2012/okrug/usl_10.pdf,https://olympiads.mccme.ru/mmo/okrug/okr11.htm,,requires_visual_reading
cac7d13c18e58b,vsosh,regional,2012,,2011/2012,Москва,[1],[10],combined,organizer,archive/vsosh/regional/2011-2012/moscow/cac7d13c18e58b_iii-1.pdf,e06c990c8a6cd79ee19ebd8b536448ac77317d05ebf68c2b4710da78fc42d8a1,149733,2026-10-01T06:28:45.922663+00:00,https://olympiads.mccme.ru/vmo/2012/iii-1.pdf,https://olympiads.mccme.ru/vmo/2012/iii-1.pdf,https://olympiads.mccme.ru/vmo/2012/index.htm#pdf,,text
ca7c31756fdaa9,vsosh,regional,2012,,2011/2012,Москва,[2],[10],combined,organizer,archive/vsosh/regional/2011-2012/moscow/ca7c31756fdaa9_iii-2.pdf,cc776003485ed1cb14262bf98b2a1bf375c6a002d15fabf6304c760b0033bf8f,143556,2026-10-01T06:29:02.440656+00:00,https://olympiads.mccme.ru/vmo/2012/iii-2.pdf,https://olympiads.mccme.ru/vmo/2012/iii-2.pdf,https://olympiads.mccme.ru/vmo/2012/index.htm#pdf,,text
5fa1088f91c924,vsosh,regional,2012,,2011/2012,Москва,[1],[10],tasks,organizer,archive/vsosh/regional/2011-2012/moscow/5fa1088f91c924_iii-day1.pdf,1e8a35b74ba6dea156669db6ed259d57517288b979bfcb2f19aa1f3614f1aba4,50031,2026-10-01T06:28:46.577135+00:00,https://olympiads.mccme.ru/vmo/2012/iii-day1.pdf,https://olympiads.mccme.ru/vmo/2012/iii-day1.pdf,https://olympiads.mccme.ru/vmo/2012/index.htm#pdf,,text
0b788b9b3656b7,vsosh,regional,2012,,2011/2012,Москва,[2],[10],tasks,organizer,archive/vsosh/regional/2011-2012/moscow/0b788b9b3656b7_iii-day2.pdf,6889fc866f53b2865ca930c922ca577d2abcd58d428dad6f2fcf33b6f68be1e6,45848,2026-10-01T06:28:46.853134+00:00,https://olympiads.mccme.ru/vmo/2012/iii-day2.pdf,https://olympiads.mccme.ru/vmo/2012/iii-day2.pdf,https://olympiads.mccme.ru/vmo/2012/index.htm#pdf,,text
9113b9d98c9c13,vsosh,municipal,2010,2011,2010/2011,Москва,[],"[7, 8, 9, 10, 11]",combined,organizer,archive/vsosh/municipal/2010-2011/moscow/9113b9d98c9c13_7-11.pdf,569f52073f47cb9488b4a6ec96e0362c730014fb090c823f2249ef19b42e83d8,316722,2026-10-01T06:28:47.719803+00:00,https://mmo.mccme.ru/2011/okrug/7-11.pdf,https://mmo.mccme.ru/2011/okrug/7-11.pdf,https://olympiads.mccme.ru/mmo/okrug/okr10.htm,,requires_visual_reading
dc6b634b767298,vsosh,municipal,2010,2011,2010/2011,Москва,[],[10],tasks,organizer,archive/vsosh/municipal/2010-2011/moscow/dc6b634b767298_usl_10.pdf,d31d33e0a5cc86c6ea317fd4cae4ce8e793a8f010dbfa2bb3b28802ed225c05c,51407,2026-10-01T06:28:49.746838+00:00,https://mmo.mccme.ru/2011/okrug/usl_10.pdf,https://mmo.mccme.ru/2011/okrug/usl_10.pdf,https://olympiads.mccme.ru/mmo/okrug/okr10.htm,,requires_visual_reading
5e60d68aecae1b,vsosh,regional,2011,,2010/2011,Москва,[1],[10],combined,organizer,archive/vsosh/regional/2010-2011/moscow/5e60d68aecae1b_iii-1.pdf,849e82b5396c8436144bd5d20e0995ae75ccdddc1c01b555019b63e705d02641,152960,2026-10-01T06:28:50.611973+00:00,https://olympiads.mccme.ru/vmo/2011/iii-1.pdf,https://olympiads.mccme.ru/vmo/2011/iii-1.pdf,https://olympiads.mccme.ru/vmo/2011/index.htm#pdf,,text
60fbdeaa08db78,vsosh,regional,2011,,2010/2011,Москва,[2],[10],combined,organizer,archive/vsosh/regional/2010-2011/moscow/60fbdeaa08db78_iii-2.pdf,0a9ab475737a91c405587bbbf0d4e8c0b41e77d7ba2246df6722fe588069cac7,168866,2026-10-01T06:28:50.831311+00:00,https://olympiads.mccme.ru/vmo/2011/iii-2.pdf,https://olympiads.mccme.ru/vmo/2011/iii-2.pdf,https://olympiads.mccme.ru/vmo/2011/index.htm#pdf,,text
429113b052a71a,vsosh,municipal,2009,2010,2009/2010,Москва,[],[10],combined,organizer,archive/vsosh/municipal/2009-2010/moscow/429113b052a71a_usl10_2to1.pdf,f2fa4cc60e1836ee62498a3f5ff91d53e47758cafd660d45f60b514bad5f52c4,100122,2026-10-01T06:28:50.742633+00:00,https://mmo.mccme.ru/2010/okrug/usl10_2to1.pdf,https://mmo.mccme.ru/2010/okrug/usl10_2to1.pdf,https://olympiads.mccme.ru/mmo/okrug/okr09.htm,,requires_visual_reading
75edb205cbc8f4,vsosh,municipal,2009,2010,2009/2010,Москва,[],[10],combined,organizer,archive/vsosh/municipal/2009-2010/moscow/75edb205cbc8f4_resh10.pdf,555b604ed1ea7baf665b881fa575f8d000d3028cedf6de63c163480014adfb33,105541,2026-10-01T06:28:51.634206+00:00,https://mmo.mccme.ru/2010/okrug/resh10.pdf,https://mmo.mccme.ru/2010/okrug/resh10.pdf,https://olympiads.mccme.ru/mmo/okrug/okr09.htm,,text
95e4e137817524,vsosh,regional,2010,,2009/2010,Москва,[],[10],requirements,organizer,archive/vsosh/regional/2009-2010/moscow/95e4e137817524_instr.pdf,294d8f28ac3c69307d33dd82fd60b23e4209499644ec818b3dd42a42cf40d992,101403,2026-10-01T06:28:51.748058+00:00,https://olympiads.mccme.ru/vmo/2010/instr.pdf,https://olympiads.mccme.ru/vmo/2010/instr.pdf,https://olympiads.mccme.ru/vmo/2010/index.htm#task,,text
822eaa1cef6f8d,vsosh,regional,2010,,2009/2010,Москва,[1],[10],tasks,organizer,archive/vsosh/regional/2009-2010/moscow/822eaa1cef6f8d_1.pdf,5c073100635ac435d9bc92a73a1d0c6474a2ddd9937a8fc1acdaa9b522505f54,46179,2026-10-01T06:28:51.755713+00:00,https://olympiads.mccme.ru/vmo/2010/1.pdf,https://olympiads.mccme.ru/vmo/2010/1.pdf,https://olympiads.mccme.ru/vmo/2010/index.htm#task,,text
cc1f9847c963ac,vsosh,regional,2010,,2009/2010,Москва,[1],[10],combined,organizer,archive/vsosh/regional/2009-2010/moscow/cc1f9847c963ac_resh1.pdf,05a7efc46b87b91c960602a34bccc454e98109b47a78a431e9595f8971a9e456,163536,2026-10-01T06:28:52.667942+00:00,https://olympiads.mccme.ru/vmo/2010/resh1.pdf,https://olympiads.mccme.ru/vmo/2010/resh1.pdf,https://olympiads.mccme.ru/vmo/2010/index.htm#task,,text
81b37e6f718fc3,vsosh,regional,2010,,2009/2010,Москва,[2],[10],tasks,organizer,archive/vsosh/regional/2009-2010/moscow/81b37e6f718fc3_2.pdf,df9cfc6e46ee14620c6cef245206b6cb0fcb60f86b9d9dcf962117ce2dd07d1c,47316,2026-10-01T06:29:08.727125+00:00,https://olympiads.mccme.ru/vmo/2010/2.pdf,https://olympiads.mccme.ru/vmo/2010/2.pdf,https://olympiads.mccme.ru/vmo/2010/index.htm#task,,text
7c8f27f858d63a,vsosh,regional,2010,,2009/2010,Москва,[2],[10],combined,organizer,archive/vsosh/regional/2009-2010/moscow/7c8f27f858d63a_resh2.pdf,533af587a821ac7cd20205605ff7becc9cba444146d6ad067712321d09f25f22,151550,2026-10-01T06:28:52.775798+00:00,https://olympiads.mccme.ru/vmo/2010/resh2.pdf,https://olympiads.mccme.ru/vmo/2010/resh2.pdf,https://olympiads.mccme.ru/vmo/2010/index.htm#task,,text
6b41bc18afcdbe,mosh,main,2013,,2012/2013,Москва,[1],"[8, 9, 10, 11]",combined,organizer,archive/mosh/main/2012-2013/moscow/6b41bc18afcdbe_76mmo.pdf,f9f8cf27e2264087198ae2a263aeb71326cde0aa25745b510b5d67aca7335ec3,389737,2026-10-01T06:29:09.920792+00:00,https://mmo.mccme.ru/2013/76mmo.pdf,https://mmo.mccme.ru/2013/76mmo.pdf,https://mmo.mccme.ru/2013/mmo2013.htm,,text
87110516111b16,mosh,main,2013,,2012/2013,Москва,[1],"[8, 9, 10, 11]",tasks,organizer,archive/mosh/main/2012-2013/moscow/87110516111b16_var.pdf,7da6fe9f68bae819d0fe83edb1067283c454fa0a845f6515589683bb5c428138,140668,2026-10-01T06:28:53.787453+00:00,https://mmo.mccme.ru/2013/var.pdf,https://mmo.mccme.ru/2013/var.pdf,https://mmo.mccme.ru/2013/mmo2013.htm,,text
ec4f319a466a44,mosh,main,2012,,2011/2012,Москва,[1],"[8, 9, 10, 11]",combined,organizer,archive/mosh/main/2011-2012/moscow/ec4f319a466a44_75mmo.pdf,da4193d44576e1a4680c2af9eeeba8790d7f518d832ab5564ef977b60911193a,683120,2026-10-01T06:28:54.966671+00:00,https://mmo.mccme.ru/2012/75mmo.pdf,https://mmo.mccme.ru/2012/75mmo.pdf,https://mmo.mccme.ru/2012/mmo2012.htm,,text
8d1e8e4a316174,mosh,main,2012,,2011/2012,Москва,[1],"[8, 9, 10, 11]",tasks,organizer,archive/mosh/main/2011-2012/moscow/8d1e8e4a316174_var-2012.pdf,99df83a8b37e7827f3b5229637f056e746d5d14006b998af3ab2def7b459d2cb,75914,2026-10-01T06:28:55.891578+00:00,https://mmo.mccme.ru/2012/var-2012.pdf,https://mmo.mccme.ru/2012/var-2012.pdf,https://mmo.mccme.ru/2012/mmo2012.htm,,text
db89a62a9ac861,mosh,main,2012,,2011/2012,Москва,[1],[10],combined,organizer,archive/mosh/main/2011-2012/moscow/db89a62a9ac861_10.pdf,524e23ff04c91291b42b490c7ff7d3466347dc64286d66a35d69d97e4cc4796d,26991,2026-10-01T06:28:56.831443+00:00,https://mmo.mccme.ru/2012/10.pdf,https://mmo.mccme.ru/2012/10.pdf,https://mmo.mccme.ru/2012/mmo2012.htm,,text
2a105626006a1e,mosh,main,2015,,2014/2015,Москва,[1],"[8, 9, 10, 11]",tasks,organizer,archive/mosh/main/2014-2015/moscow/2a105626006a1e_var.pdf,098827d13eab2adc2ed1559785591137ce6cabd2c265cbe7c1c519f07f08d71e,430048,2026-10-01T06:28:58.054804+00:00,https://mmo.mccme.ru/2015/var.pdf,https://mmo.mccme.ru/2015/var.pdf,https://mmo.mccme.ru/2015/mmo2015.htm,,text
6923eaeb74e728,mosh,main,2015,,2014/2015,Москва,[1],"[8, 9, 10, 11]",combined,organizer,archive/mosh/main/2014-2015/moscow/6923eaeb74e728_78mmo.pdf,c91f7a3a8fe5869c7a8cfe6892fd67f82f194044185f980acdb8612533b353a8,2219859,2026-10-01T06:28:59.600913+00:00,https://mmo.mccme.ru/2015/78mmo.pdf,https://mmo.mccme.ru/2015/78mmo.pdf,https://mmo.mccme.ru/2015/mmo2015.htm,,text
8b1f20ac803264,mosh,main,2014,,2013/2014,Москва,[1],"[8, 9, 10, 11]",combined,organizer,archive/mosh/main/2013-2014/moscow/8b1f20ac803264_77mmo.pdf,300bc929c46a4d4a92c3a0376f4c70555232037be7997c4eb3aef9b6bdd2ff09,1534905,2026-10-01T06:29:01.037250+00:00,https://mmo.mccme.ru/2014/77mmo.pdf,https://mmo.mccme.ru/2014/77mmo.pdf,https://mmo.mccme.ru/2014/mmo2014.htm,,text
d92c1eecdd2358,mosh,main,2014,,2013/2014,Москва,[1],"[8, 9, 10, 11]",tasks,organizer,archive/mosh/main/2013-2014/moscow/d92c1eecdd2358_var.pdf,baac20b0415c0fbc07bbc9cbd6c68fc0e0b3afa95bc71d4f7b611f1632f44d43,74409,2026-10-01T06:29:18.008656+00:00,https://mmo.mccme.ru/2014/var.pdf,https://mmo.mccme.ru/2014/var.pdf,https://mmo.mccme.ru/2014/mmo2014.htm,,text
e24f809d4cf2e9,mosh,main,2016,,2015/2016,Москва,[1],"[8, 9, 10, 11]",tasks,organizer,archive/mosh/main/2015-2016/moscow/e24f809d4cf2e9_var.pdf,a55ecb0ca6d4c537c7d168632def7470779d51dfab14fdeb2defb3a8d418ce86,818897,2026-10-01T06:29:03.885661+00:00,https://mmo.mccme.ru/2016/var.pdf,https://mmo.mccme.ru/2016/var.pdf,https://mmo.mccme.ru/2016/mmo2016.htm,,text
3d566aea441cf2,mosh,main,2016,,2015/2016,Москва,[1],"[8, 9, 10, 11]",combined,organizer,archive/mosh/main/2015-2016/moscow/3d566aea441cf2_79mmo.pdf,985b6c4a2e414b79bcbe17061373f334ca4fd2dcc324eaeaa95f4a412cc5822c,1514532,2026-10-01T06:29:21.382662+00:00,https://mmo.mccme.ru/2016/79mmo.pdf,https://mmo.mccme.ru/2016/79mmo.pdf,https://mmo.mccme.ru/2016/mmo2016.htm,,text
b0f17d17ba9af0,mosh,main,2017,,2016/2017,Москва,[1],"[8, 9, 10, 11]",tasks,organizer,archive/mosh/main/2016-2017/moscow/b0f17d17ba9af0_var.pdf,98bfe10ed016e2169d13b3550c2db7931f718bc951a18b6d41fdbc59a9389573,967410,2026-10-01T06:29:10.111183+00:00,https://mmo.mccme.ru/2017/var.pdf,https://mmo.mccme.ru/2017/var.pdf,https://mmo.mccme.ru/2017/mmo2017.htm,,text
7b31306712e89c,mosh,main,2017,,2016/2017,Москва,[1],"[8, 9, 10, 11]",combined,organizer,archive/mosh/main/2016-2017/moscow/7b31306712e89c_80mmo.pdf,8d89e5eddcb1421e438c8c9b71a373081b52cc7785f3ae7ed51f9eea04f53101,522194,2026-10-01T06:29:11.164236+00:00,https://mmo.mccme.ru/2017/80mmo.pdf,https://mmo.mccme.ru/2017/80mmo.pdf,https://mmo.mccme.ru/2017/mmo2017.htm,,text
75c8d10d13861f,mosh,main,2020,,2019/2020,Москва,[1],"[8, 9, 10, 11]",combined,organizer,archive/mosh/main/2019-2020/moscow/75c8d10d13861f_83mmo.pdf,586a5d31c4e0f29e32f6b28717f900dc1fff33f8c0b6f7210cfc6442ba38bc6b,649745,2026-10-01T06:29:27.354128+00:00,https://mmo.mccme.ru/2020/83mmo.pdf,https://mmo.mccme.ru/2020/83mmo.pdf,https://mmo.mccme.ru/2020/,,text
eb2a3398d4db43,mosh,main,2020,,2019/2020,Москва,[1],[10],tasks,organizer,archive/mosh/main/2019-2020/moscow/eb2a3398d4db43_mmo2020-var10.pdf,632bceb46ad42eec0e3c21ae01ac57b11ec049b31690d7b1c3c4a2332c05990a,32669,2026-10-01T06:29:12.099975+00:00,https://mmo.mccme.ru/2020/mmo2020-var10.pdf,https://mmo.mccme.ru/2020/mmo2020-var10.pdf,https://mmo.mccme.ru/2020/,,text
33e5461feeb82c,mosh,main,2021,,2020/2021,Москва,[1],"[8, 9, 10, 11]",combined,organizer,archive/mosh/main/2020-2021/moscow/33e5461feeb82c_84mmo.pdf,a5f51910326f97314f9a5595e928e92735d8e4227fb75d25387f4465973c6223,1580020,2026-10-01T06:29:13.575208+00:00,https://mmo.mccme.ru/2021/84mmo.pdf,https://mmo.mccme.ru/2021/84mmo.pdf,https://mmo.mccme.ru/2021/,,text
9f9c82f9b5b55c,mosh,main,2021,,2020/2021,Москва,[1],[10],tasks,organizer,archive/mosh/main/2020-2021/moscow/9f9c82f9b5b55c_mmo2021-var10.pdf,5a08085929726cc83c3fcebca010286d0a1699997daa170f9fdffa05758aa79d,33300,2026-10-01T06:29:14.502241+00:00,https://mmo.mccme.ru/2021/mmo2021-var10.pdf,https://mmo.mccme.ru/2021/mmo2021-var10.pdf,https://mmo.mccme.ru/2021/,,text
5f670624d30cb6,mosh,main,2023,,2022/2023,Москва,[1],"[8, 9, 10, 11]",combined,organizer,archive/mosh/main/2022-2023/moscow/5f670624d30cb6_86mmo.pdf,9f20107a0019197ce6fcab11fb55f2dd11b1572829d140453610ececfdfdc64d,1504336,2026-10-01T06:29:15.872340+00:00,https://mmo.mccme.ru/2023/86mmo.pdf,https://mmo.mccme.ru/2023/86mmo.pdf,https://mmo.mccme.ru/2023/,,text
4b8d9ee4deb508,mosh,main,2023,,2022/2023,Москва,[1],[10],tasks,organizer,archive/mosh/main/2022-2023/moscow/4b8d9ee4deb508_mmo2023-var10.pdf,c6ab545963f8e18c6ba44e27500ecb3f2e4488168e433bbf05a0a44c3755e0cd,35440,2026-10-01T06:29:16.761742+00:00,https://mmo.mccme.ru/2023/mmo2023-var10.pdf,https://mmo.mccme.ru/2023/mmo2023-var10.pdf,https://mmo.mccme.ru/2023/,,text
0a5f683b66f8e0,mosh,main,2023,,2022/2023,Москва,[1],[10],solutions,organizer,archive/mosh/main/2022-2023/moscow/0a5f683b66f8e0_10-sol.pdf,8781c750f93151eb35b9d6da17d4872724ceb45249a11b548a73a39d27f72592,963570,2026-10-01T06:29:18.009515+00:00,https://mmo.mccme.ru/2023/10-sol.pdf,https://mmo.mccme.ru/2023/10-sol.pdf,https://mmo.mccme.ru/2023/,,text
c68d95d179e223,mosh,main,2023,,2022/2023,Москва,[1],[10],criteria,organizer,archive/mosh/main/2022-2023/moscow/c68d95d179e223_10-krit.pdf,9baa630ab9497f1bd1cbb12ca05e9acb1b8f78eea9c278c59cc9e730c57ba831,74408,2026-10-01T06:29:19.028769+00:00,https://mmo.mccme.ru/2023/10-krit.pdf,https://mmo.mccme.ru/2023/10-krit.pdf,https://mmo.mccme.ru/2023/,,text
90b886904e8347,mosh,main,2024,,2023/2024,Москва,[1],"[8, 9, 10, 11]",combined,organizer,archive/mosh/main/2023-2024/moscow/90b886904e8347_87mmo.pdf,cc71e06fcbd5c80b89aa9876a52faf71fc59ef4216a4df134f02ecbb89953744,1526021,2026-10-01T06:29:19.479218+00:00,https://mmo.mccme.ru/2024/87mmo.pdf,https://mmo.mccme.ru/2024/87mmo.pdf,https://mmo.mccme.ru/2024/,,text
07221a49c39cc0,mosh,main,2024,,2023/2024,Москва,[1],[10],tasks,organizer,archive/mosh/main/2023-2024/moscow/07221a49c39cc0_mmo2024-var10.pdf,82121cfa634538489e4828887e8e209410ea5f3c9753a390c71cb37bcd4e0e35,37547,2026-10-01T06:29:19.890587+00:00,https://mmo.mccme.ru/2024/mmo2024-var10.pdf,https://mmo.mccme.ru/2024/mmo2024-var10.pdf,https://mmo.mccme.ru/2024/,,text
75e043b3e832b4,mosh,main,2024,,2023/2024,Москва,[1],[10],solutions,organizer,archive/mosh/main/2023-2024/moscow/75e043b3e832b4_10-sol.pdf,0235f2476827ea7cee9316153b561521e0d4dc01a920a088bdaf381486f54a1f,196909,2026-10-01T06:29:20.614706+00:00,https://mmo.mccme.ru/2024/10-sol.pdf,https://mmo.mccme.ru/2024/10-sol.pdf,https://mmo.mccme.ru/2024/,,text
0cf023a4a04b79,mosh,main,2024,,2023/2024,Москва,[1],[10],criteria,organizer,archive/mosh/main/2023-2024/moscow/0cf023a4a04b79_10-krit.pdf,0abad525545e7f67dd2cd7bbb1f7af6ce32200e02964222ca02be9f525e759e2,83123,2026-10-01T06:29:20.850934+00:00,https://mmo.mccme.ru/2024/10-krit.pdf,https://mmo.mccme.ru/2024/10-krit.pdf,https://mmo.mccme.ru/2024/,,text
1a79b61ac1eaf5,mosh,main,2025,,2024/2025,Москва,[1],"[8, 9, 10, 11]",combined,organizer,archive/mosh/main/2024-2025/moscow/1a79b61ac1eaf5_88mmo.pdf,bf5cea723eb1090746930ceb16a9d1f399130ebb4848235bae8afa8c874ff3cb,1785877,2026-10-01T06:29:22.058622+00:00,https://mmo.mccme.ru/2025/88mmo.pdf,https://mmo.mccme.ru/2025/88mmo.pdf,https://mmo.mccme.ru/2025/,,text
97b8ea0c522871,mosh,main,2025,,2024/2025,Москва,[1],[10],tasks,organizer,archive/mosh/main/2024-2025/moscow/97b8ea0c522871_mmo2025-var10.pdf,a789d453b0631a95821ff0ffeadf0b2b3599ad853fd0d9aece8c2085c4bdef33,67467,2026-10-01T06:29:21.815809+00:00,https://mmo.mccme.ru/2025/mmo2025-var10.pdf,https://mmo.mccme.ru/2025/mmo2025-var10.pdf,https://mmo.mccme.ru/2025/,,text
231a871c4987e9,mosh,main,2025,,2024/2025,Москва,[1],[10],solutions,organizer,archive/mosh/main/2024-2025/moscow/231a871c4987e9_10-sol.pdf,3639bf46b80a65584f34eccd90a8036024d6253d5f93f90db203ff1550f1fc2a,188573,2026-10-01T06:29:22.440749+00:00,https://mmo.mccme.ru/2025/10-sol.pdf,https://mmo.mccme.ru/2025/10-sol.pdf,https://mmo.mccme.ru/2025/,,text
63f73274e4edb8,mosh,main,2025,,2024/2025,Москва,[1],[10],criteria,organizer,archive/mosh/main/2024-2025/moscow/63f73274e4edb8_10-krit.pdf,48be9634d4f1fa15ba1dadc03f3fa2a64e62b2c24a38ec2471f3567a4e28de46,120095,2026-10-01T06:29:22.812909+00:00,https://mmo.mccme.ru/2025/10-krit.pdf,https://mmo.mccme.ru/2025/10-krit.pdf,https://mmo.mccme.ru/2025/,,text
0a3df2d1444984,mosh,main,2018,,2017/2018,Москва,[1],"[8, 9, 10, 11]",tasks,organizer,archive/mosh/main/2017-2018/moscow/0a3df2d1444984_var.pdf,526f0aa178950c67dbf26c7e921f2e14827696b3006bbaec5b3a84917331944d,983110,2026-10-01T06:29:23.550634+00:00,https://mmo.mccme.ru/2018/var.pdf,https://mmo.mccme.ru/2018/var.pdf,https://mmo.mccme.ru/2018/,,text
824ddd95b013f4,mosh,main,2018,,2017/2018,Москва,[1],"[8, 9, 10, 11]",combined,organizer,archive/mosh/main/2017-2018/moscow/824ddd95b013f4_81mmo.pdf,399446106f445f475f705690abfcbfb877882c6a6065964d008a2690631fae75,465941,2026-10-01T06:29:39.799893+00:00,https://mmo.mccme.ru/2018/81mmo.pdf,https://mmo.mccme.ru/2018/81mmo.pdf,https://mmo.mccme.ru/2018/,,text
2fa7450202e79a,mosh,main,2019,,2018/2019,Москва,[1],"[8, 9, 10, 11]",combined,organizer,archive/mosh/main/2018-2019/moscow/2fa7450202e79a_82mmo.pdf,be022281e42a307d353a4d2f48f98102d65a2ffa37e90fb8fdb1ddf069a5c2f6,1484723,2026-10-01T06:29:24.227935+00:00,https://mmo.mccme.ru/2019/82mmo.pdf,https://mmo.mccme.ru/2019/82mmo.pdf,https://mmo.mccme.ru/2019/,,text
eaa8090702289a,mosh,main,2019,,2018/2019,Москва,[1],[10],tasks,organizer,archive/mosh/main/2018-2019/moscow/eaa8090702289a_mmo2019-var10.pdf,32735f73722328b378875c9398c7aaacc4ac51899bab36d843fe3b1e5b02c84c,35021,2026-10-01T06:29:40.512185+00:00,https://mmo.mccme.ru/2019/mmo2019-var10.pdf,https://mmo.mccme.ru/2019/mmo2019-var10.pdf,https://mmo.mccme.ru/2019/,,text
5cd32baf2daa17,mosh,main,2022,,2021/2022,Москва,[1],"[8, 9, 10, 11]",combined,organizer,archive/mosh/main/2021-2022/moscow/5cd32baf2daa17_85mmo.pdf,57c55b06fff9ef9898151d7bd387d3ee7ce9db8d28d4a329febd48507eb59196,1168632,2026-10-01T06:29:41.720912+00:00,https://mmo.mccme.ru/2022/85mmo.pdf,https://mmo.mccme.ru/2022/85mmo.pdf,https://mmo.mccme.ru/2022/,,text
3adddc9e2c0c8c,mosh,main,2022,,2021/2022,Москва,[1],[10],tasks,organizer,archive/mosh/main/2021-2022/moscow/3adddc9e2c0c8c_mmo2022-var10.pdf,06382c758a970a6a6b0cb91b82ca9ab1259e6af096cf702d53d711e583172da5,149027,2026-10-01T06:29:28.638766+00:00,https://mmo.mccme.ru/2022/mmo2022-var10.pdf,https://mmo.mccme.ru/2022/mmo2022-var10.pdf,https://mmo.mccme.ru/2022/,,text
494b34508ef0c4,vsosh,regional,2023,,2022/2023,Свердловская область,[1],[10],tasks,organizer,archive/vsosh/regional/2022-2023/sverdlovsk/494b34508ef0c4_usloviya-i-tur-10-klass.pdf,8114761a27cc5a6994c22dc3c661a15be7a1ec6bfe4012902593b642f6ab52da,99528,2026-10-01T06:29:29.636893+00:00,https://zsfond.ru/wp-content/uploads/2023/02/usloviya-i-tur-10-klass.pdf,https://zsfond.ru/wp-content/uploads/2023/02/usloviya-i-tur-10-klass.pdf,https://zsfond.ru/vsosh/regionalnyj-etap/matematika-regionalnyj-etap/,,text
c5e52df2c6218d,vsosh,regional,2023,,2022/2023,Свердловская область,[2],[10],tasks,organizer,archive/vsosh/regional/2022-2023/sverdlovsk/c5e52df2c6218d_usloviya-ii-tur-10-klass.pdf,d61be2bfc7f2c8102f96562b1b4192cf68ff25df7e24c8da1df610a17dd623b9,116717,2026-10-01T06:29:30.744458+00:00,https://zsfond.ru/wp-content/uploads/2023/02/usloviya-ii-tur-10-klass.pdf,https://zsfond.ru/wp-content/uploads/2023/02/usloviya-ii-tur-10-klass.pdf,https://zsfond.ru/vsosh/regionalnyj-etap/matematika-regionalnyj-etap/,,text
1891ffad846647,vsosh,regional,2023,,2022/2023,Свердловская область,[1],[10],solutions,organizer,archive/vsosh/regional/2022-2023/sverdlovsk/1891ffad846647_resheniya-i-tur-10-klass.pdf,69da2d7c9daa76bb76b1683f8258e47df6a5f25442da9c8a6f91833eb7f5500d,210600,2026-10-01T06:29:31.775236+00:00,https://zsfond.ru/wp-content/uploads/2023/02/resheniya-i-tur-10-klass.pdf,https://zsfond.ru/wp-content/uploads/2023/02/resheniya-i-tur-10-klass.pdf,https://zsfond.ru/vsosh/regionalnyj-etap/matematika-regionalnyj-etap/,,text
c6523f49efe3fa,vsosh,regional,2023,,2022/2023,Свердловская область,[2],[10],solutions,organizer,archive/vsosh/regional/2022-2023/sverdlovsk/c6523f49efe3fa_resheniya-ii-tur-10-klass.pdf,dc96b6ac1c9bd3443fe11903f29097a32ac48c45c2d45ff2c245f0e8fbf916a5,227127,2026-10-01T06:29:33.242227+00:00,https://zsfond.ru/wp-content/uploads/2023/02/resheniya-ii-tur-10-klass.pdf,https://zsfond.ru/wp-content/uploads/2023/02/resheniya-ii-tur-10-klass.pdf,https://zsfond.ru/vsosh/regionalnyj-etap/matematika-regionalnyj-etap/,,text
5142b7c9536f59,vsosh,regional,2023,,2022/2023,Свердловская область,"[1, 2]",[10],criteria,organizer,archive/vsosh/regional/2022-2023/sverdlovsk/5142b7c9536f59_kriterii-region-10-klass.-oba-dnya.pdf,ab5c1d8cef70dcd20daad287ebb31238ba6b40cdddf50decf7dee1ddbd0f16a1,117522,2026-10-01T06:29:34.199538+00:00,https://zsfond.ru/wp-content/uploads/2023/02/kriterii-region-10-klass.-oba-dnya.pdf,https://zsfond.ru/wp-content/uploads/2023/02/kriterii-region-10-klass.-oba-dnya.pdf,https://zsfond.ru/vsosh/regionalnyj-etap/matematika-regionalnyj-etap/,,text
68cebd691fc652,vsosh,regional,2024,,2023/2024,Свердловская область,[1],[10],tasks,organizer,archive/vsosh/regional/2023-2024/sverdlovsk/68cebd691fc652_10-klass-zadanie-1-tura.pdf,fed808d55c02055267e1fdcb57fc8798558ccd2d38276047c92f0071b5a8c620,253762,2026-10-01T06:29:36.323660+00:00,https://zsfond.ru/wp-content/uploads/2024/02/10-klass-zadanie-1-tura.pdf,https://zsfond.ru/wp-content/uploads/2024/02/10-klass-zadanie-1-tura.pdf,https://zsfond.ru/vsosh/regionalnyj-etap/matematika-regionalnyj-etap/,,text
923f8a25e377eb,vsosh,regional,2024,,2023/2024,Свердловская область,[2],[10],tasks,organizer,archive/vsosh/regional/2023-2024/sverdlovsk/923f8a25e377eb_10-klass-zadanie-2-tur.pdf,47b89c94027a064471830480162d4fbf8a9f213d70b7fb213cfa59238b815ecb,116241,2026-10-01T06:29:37.360538+00:00,https://zsfond.ru/wp-content/uploads/2024/02/10-klass-zadanie-2-tur.pdf,https://zsfond.ru/wp-content/uploads/2024/02/10-klass-zadanie-2-tur.pdf,https://zsfond.ru/vsosh/regionalnyj-etap/matematika-regionalnyj-etap/,,text
ffa3c6aca95dc0,vsosh,regional,2024,,2023/2024,Свердловская область,[1],"[9, 10, 11]",solutions,organizer,archive/vsosh/regional/2023-2024/sverdlovsk/ffa3c6aca95dc0_9-11-reshenie-1-tur.pdf,4f584abdab5dada1d92b357e0a0bc5baa1ab4faafc077ebc362939934366aee7,452325,2026-10-01T06:29:38.681407+00:00,https://zsfond.ru/wp-content/uploads/2024/02/9-11-reshenie-1-tur.pdf,https://zsfond.ru/wp-content/uploads/2024/02/9-11-reshenie-1-tur.pdf,https://zsfond.ru/vsosh/regionalnyj-etap/matematika-regionalnyj-etap/,,text
2c6ba3b8f12b0a,vsosh,regional,2024,,2023/2024,Свердловская область,[2],"[9, 10, 11]",solutions,organizer,archive/vsosh/regional/2023-2024/sverdlovsk/2c6ba3b8f12b0a_9-11-reshenie-2-tur.pdf,c328c6b031850630335c40bf6f628fb5835a29af3b64c2d39326f7eae4230fdd,415595,2026-10-01T06:29:39.864736+00:00,https://zsfond.ru/wp-content/uploads/2024/02/9-11-reshenie-2-tur.pdf,https://zsfond.ru/wp-content/uploads/2024/02/9-11-reshenie-2-tur.pdf,https://zsfond.ru/vsosh/regionalnyj-etap/matematika-regionalnyj-etap/,,text
81517167987d67,vsosh,regional,2025,,2024/2025,Свердловская область,[1],"[9, 10, 11]",tasks,organizer,archive/vsosh/regional/2024-2025/sverdlovsk/81517167987d67_usloviya-1-den-9-11-klass.pdf,402e7fca909132d076fde6633cf583d8dbad99ae2c675768443a7bf8bc3ccab9,181408,2026-10-01T06:29:40.884825+00:00,https://zsfond.ru/wp-content/uploads/2025/02/usloviya-1-den-9-11-klass.pdf,https://zsfond.ru/wp-content/uploads/2025/02/usloviya-1-den-9-11-klass.pdf,https://zsfond.ru/vsosh/regionalnyj-etap/matematika-regionalnyj-etap/,,text
e87595d1af6bf7,vsosh,regional,2025,,2024/2025,Свердловская область,[2],"[9, 10, 11]",tasks,organizer,archive/vsosh/regional/2024-2025/sverdlovsk/e87595d1af6bf7_usloviya-2-den-9-11-klass.pdf,d4868eb1090d86f6d69499c6fe30aa2318c20a75b68feb87142bace895f511ad,150954,2026-10-01T06:29:40.966054+00:00,https://zsfond.ru/wp-content/uploads/2025/02/usloviya-2-den-9-11-klass.pdf,https://zsfond.ru/wp-content/uploads/2025/02/usloviya-2-den-9-11-klass.pdf,https://zsfond.ru/vsosh/regionalnyj-etap/matematika-regionalnyj-etap/,,text
a150fdc9c69257,vsosh,regional,2025,,2024/2025,Свердловская область,[1],"[9, 10, 11]",criteria,organizer,archive/vsosh/regional/2024-2025/sverdlovsk/a150fdc9c69257_1-den-9-11-klass-resheniya-i-kriterii-.pdf,9cabfcba0780fe22988a0f22386d95a8a5a053c4bce442b25cdd8faafae8f777,395875,2026-10-01T06:29:41.742317+00:00,https://zsfond.ru/wp-content/uploads/2025/02/1-den-9-11-klass-resheniya-i-kriterii-.pdf,https://zsfond.ru/wp-content/uploads/2025/02/1-den-9-11-klass-resheniya-i-kriterii-.pdf,https://zsfond.ru/vsosh/regionalnyj-etap/matematika-regionalnyj-etap/,,text
6bf7593cf77054,vsosh,regional,2025,,2024/2025,Свердловская область,[2],"[9, 10, 11]",criteria,organizer,archive/vsosh/regional/2024-2025/sverdlovsk/6bf7593cf77054_2-den-9-11-klass-resheniya-i-kriterii-.pdf,1584ddab78ad16be304862cd489be660ffeb211bc18f381da614f5c3c987ca59,393484,2026-10-01T06:29:41.986920+00:00,https://zsfond.ru/wp-content/uploads/2025/02/2-den-9-11-klass-resheniya-i-kriterii-.pdf,https://zsfond.ru/wp-content/uploads/2025/02/2-den-9-11-klass-resheniya-i-kriterii-.pdf,https://zsfond.ru/vsosh/regionalnyj-etap/matematika-regionalnyj-etap/,,text
06fcb1c977c18f,vsosh,regional,2026,,2025/2026,Свердловская область,[1],"[9, 10, 11]",tasks,organizer,archive/vsosh/regional/2025-2026/sverdlovsk/06fcb1c977c18f_zadaniya-9-10-11-klass-1-den.pdf,c690c043ef1e2cf3750b3c4a8cdb7b14759595b8a1f49aa2ef8d231298295773,133603,2026-10-01T06:29:42.071232+00:00,https://zsfond.ru/wp-content/uploads/2026/02/zadaniya-9-10-11-klass-1-den.pdf,https://zsfond.ru/wp-content/uploads/2026/02/zadaniya-9-10-11-klass-1-den.pdf,https://zsfond.ru/vsosh/regionalnyj-etap/matematika-regionalnyj-etap/,,text
2d07891684a8c0,vsosh,regional,2026,,2025/2026,Свердловская область,[2],"[9, 10, 11]",tasks,organizer,archive/vsosh/regional/2025-2026/sverdlovsk/2d07891684a8c0_zadaniya-9-10-11-klass-2-den.pdf,98b2cc3d80c16ff9bcc37fc3ee26efd1fe38c42dd5cea5cb36fa0c6abd0377e6,130163,2026-10-01T06:29:42.793015+00:00,https://zsfond.ru/wp-content/uploads/2026/02/zadaniya-9-10-11-klass-2-den.pdf,https://zsfond.ru/wp-content/uploads/2026/02/zadaniya-9-10-11-klass-2-den.pdf,https://zsfond.ru/vsosh/regionalnyj-etap/matematika-regionalnyj-etap/,,text
338c9cf7915992,vsosh,regional,2026,,2025/2026,Свердловская область,[1],"[9, 10, 11]",criteria,organizer,archive/vsosh/regional/2025-2026/sverdlovsk/338c9cf7915992_kriterii-9-10-11-klass-1-den.pdf,f0ff1c26dcd8620269e6c1e58469fd254fddfb3a1b18305beda31b96b539a67c,706594,2026-10-01T06:29:42.935498+00:00,https://zsfond.ru/wp-content/uploads/2026/02/kriterii-9-10-11-klass-1-den.pdf,https://zsfond.ru/wp-content/uploads/2026/02/kriterii-9-10-11-klass-1-den.pdf,https://zsfond.ru/vsosh/regionalnyj-etap/matematika-regionalnyj-etap/,,text
8e68605acbddd5,vsosh,regional,2026,,2025/2026,Свердловская область,[2],"[9, 10, 11]",criteria,organizer,archive/vsosh/regional/2025-2026/sverdlovsk/8e68605acbddd5_kriterii-9-10-11-klass-2-den.pdf,b3f6b3616cf86fd2901c54a472453d1a0d45d8ed12aca1d48ae39c9569e66bbc,425194,2026-10-01T06:29:43.316408+00:00,https://zsfond.ru/wp-content/uploads/2026/02/kriterii-9-10-11-klass-2-den.pdf,https://zsfond.ru/wp-content/uploads/2026/02/kriterii-9-10-11-klass-2-den.pdf,https://zsfond.ru/vsosh/regionalnyj-etap/matematika-regionalnyj-etap/,,text
04b78203db8261,vsosh,regional,2022,,2021/2022,Федеральный комплект,[1],"[9, 10, 11]",tasks,federal_publisher,archive/vsosh/regional/2021-2022/federal/04b78203db8261_day1-all-three.pdf,d54904862548a5e72d454d952c66cfa7c2e26e351a6f8293e8e4a48be0fbcb4c,270036,2026-10-01T06:36:35.181884+00:00,https://vso.edsoo.ru/index.php/s/gQkkPcaC5LQkwzy/download/%D0%9C%D0%B0%D1%82%D0%B5%D0%BC%D0%B0%D1%82%D0%B8%D0%BA%D0%B0.7z,https://vso.edsoo.ru/public.php/dav/files/gQkkPcaC5LQkwzy,https://vserosolimp.edsoo.ru/region_way,Математика-20220810T152538Z-001/Математика/Задания/day1-all-three.pdf,text
79cec42c2f0bd1,vsosh,regional,2022,,2021/2022,Федеральный комплект,[2],"[9, 10, 11]",tasks,federal_publisher,archive/vsosh/regional/2021-2022/federal/79cec42c2f0bd1_day2-all-three.pdf,c5f926af40f5da835844b629ee927ccbc8b1f80209cc2c98a8a7457d884e7f80,283258,2026-10-01T06:36:35.181884+00:00,https://vso.edsoo.ru/index.php/s/gQkkPcaC5LQkwzy/download/%D0%9C%D0%B0%D1%82%D0%B5%D0%BC%D0%B0%D1%82%D0%B8%D0%BA%D0%B0.7z,https://vso.edsoo.ru/public.php/dav/files/gQkkPcaC5LQkwzy,https://vserosolimp.edsoo.ru/region_way,Математика-20220810T152538Z-001/Математика/Задания/day2-all-three.pdf,text
e5b52a649024e5,vsosh,regional,2022,,2021/2022,Федеральный комплект,"[1, 2]","[9, 10, 11]",criteria,federal_publisher,archive/vsosh/regional/2021-2022/federal/e5b52a649024e5_book.pdf,8b3fdb2ccac75d9b6dc4f6c29844e3346bf18aa40bd5e357be22093f80ad856c,481315,2026-10-01T06:36:35.181884+00:00,https://vso.edsoo.ru/index.php/s/gQkkPcaC5LQkwzy/download/%D0%9C%D0%B0%D1%82%D0%B5%D0%BC%D0%B0%D1%82%D0%B8%D0%BA%D0%B0.7z,https://vso.edsoo.ru/public.php/dav/files/gQkkPcaC5LQkwzy,https://vserosolimp.edsoo.ru/region_way,Математика-20220810T152538Z-001/Математика/Критерии и методика оценивания/book.pdf,text
210a49b27a50d5,vsosh,regional,2022,,2021/2022,Федеральный комплект,"[1, 2]","[9, 10, 11]",criteria,federal_publisher,archive/vsosh/regional/2021-2022/federal/210a49b27a50d5_sols1.pdf,83783f597b77eafa182e4fba2c31b84825ff3bcf89b7f1c85fff19b4e319d386,380680,2026-10-01T06:36:35.181884+00:00,https://vso.edsoo.ru/index.php/s/gQkkPcaC5LQkwzy/download/%D0%9C%D0%B0%D1%82%D0%B5%D0%BC%D0%B0%D1%82%D0%B8%D0%BA%D0%B0.7z,https://vso.edsoo.ru/public.php/dav/files/gQkkPcaC5LQkwzy,https://vserosolimp.edsoo.ru/region_way,Математика-20220810T152538Z-001/Математика/Критерии и методика оценивания/sols1.pdf,text
25053c0cf56164,vsosh,regional,2022,,2021/2022,Федеральный комплект,"[1, 2]","[9, 10, 11]",criteria,federal_publisher,archive/vsosh/regional/2021-2022/federal/25053c0cf56164_sols2.pdf,b150ecf514c250e2b5b2d6da7a34e9d7a2221c373433a4f012919706ffcad25d,390583,2026-10-01T06:36:35.181884+00:00,https://vso.edsoo.ru/index.php/s/gQkkPcaC5LQkwzy/download/%D0%9C%D0%B0%D1%82%D0%B5%D0%BC%D0%B0%D1%82%D0%B8%D0%BA%D0%B0.7z,https://vso.edsoo.ru/public.php/dav/files/gQkkPcaC5LQkwzy,https://vserosolimp.edsoo.ru/region_way,Математика-20220810T152538Z-001/Математика/Критерии и методика оценивания/sols2.pdf,text
48f2dbbebe9984,vsosh,regional,2024,,2023/2024,Федеральный комплект,"[1, 2]","[9, 10, 11]",tasks,federal_publisher,archive/vsosh/regional/2023-2024/federal/48f2dbbebe9984_Задания_РЭ_ВсОШ_2023-24_математика.pdf,4a8fca197a577e5ac85925afd1d02e9a9e1a28602960a1fe87c44301d545ccab,177492,2026-10-01T06:48:19.182514+00:00,https://vso.edsoo.ru/index.php/s/Z6koPaoPfx2Fjse/download/%D0%9C%D0%B0%D1%82%D0%B5%D0%BC%D0%B0%D1%82%D0%B8%D0%BA%D0%B0%20%D0%A0%D0%AD%20%D0%92%D1%81%D0%9E%D0%A8%202023-24.zip,https://vso.edsoo.ru/index.php/s/Z6koPaoPfx2Fjse/download/%D0%9C%D0%B0%D1%82%D0%B5%D0%BC%D0%B0%D1%82%D0%B8%D0%BA%D0%B0%20%D0%A0%D0%AD%20%D0%92%D1%81%D0%9E%D0%A8%202023-24.zip,https://vserosolimp.edsoo.ru/region_way,Математика РЭ ВсОШ 2023-24/Задания РЭ ВсОШ 2023-24 математика.pdf,text
4ee4b440ac6e05,vsosh,regional,2024,,2023/2024,Федеральный комплект,"[1, 2]","[9, 10, 11]",criteria,federal_publisher,archive/vsosh/regional/2023-2024/federal/4ee4b440ac6e05_Критерии_РЭ_ВсОШ_2023-24_математика.pdf,b6b4f52e311fe1975bd7c727f62beb79829863713834b71bb470e65e9ab30708,507944,2026-10-01T06:48:19.182514+00:00,https://vso.edsoo.ru/index.php/s/Z6koPaoPfx2Fjse/download/%D0%9C%D0%B0%D1%82%D0%B5%D0%BC%D0%B0%D1%82%D0%B8%D0%BA%D0%B0%20%D0%A0%D0%AD%20%D0%92%D1%81%D0%9E%D0%A8%202023-24.zip,https://vso.edsoo.ru/index.php/s/Z6koPaoPfx2Fjse/download/%D0%9C%D0%B0%D1%82%D0%B5%D0%BC%D0%B0%D1%82%D0%B8%D0%BA%D0%B0%20%D0%A0%D0%AD%20%D0%92%D1%81%D0%9E%D0%A8%202023-24.zip,https://vserosolimp.edsoo.ru/region_way,Математика РЭ ВсОШ 2023-24/Критерии РЭ ВсОШ 2023-24 математика.pdf,text
5eb7c8be3bcbf3,vsosh,regional,2025,,2024/2025,Федеральный комплект,"[1, 2]","[9, 10, 11]",combined,federal_publisher,archive/vsosh/regional/2024-2025/federal/5eb7c8be3bcbf3_combined.pdf,fed8743e090a4f56e780938a64ba737ed062c0bec337c47120a1a1223c52f221,393343,2026-10-01T06:29:44.518129+00:00,https://vso.edsoo.ru/public.php/dav/files/P7zkwyspGemkXcZ/?accept=zip,https://vso.edsoo.ru/public.php/dav/files/P7zkwyspGemkXcZ/?accept=zip,https://vserosolimp.edsoo.ru/region_way,,text
716d977d49b560,vsosh,regional,2026,,2025/2026,Федеральный комплект,[1],"[9, 10, 11]",tasks,federal_publisher,archive/vsosh/regional/2025-2026/federal/716d977d49b560_Условия_математика_день_1.pdf,c3223b77e5621fc1d928dbd32d9c1b3618f98074ffef54f69e2e52db4ee853c2,135938,2026-10-01T06:29:45.953043+00:00,https://vso.edsoo.ru/public.php/dav/files/QyStAcPbTwCFbGB/?accept=zip,https://vso.edsoo.ru/public.php/dav/files/QyStAcPbTwCFbGB/?accept=zip,https://vserosolimp.edsoo.ru/region_way,Математика РЭ ВсОШ 2025-26/задания РЭ ВсОШ 2025-26 математика/Условия математика день 1.pdf,text
818461bd67de1c,vsosh,regional,2026,,2025/2026,Федеральный комплект,[2],"[9, 10, 11]",tasks,federal_publisher,archive/vsosh/regional/2025-2026/federal/818461bd67de1c_Условия_математика_день_2.pdf,b2e049e23127176979b026cb3e503a644c167f45f2d7a60d1e4e62a5a71f462a,133017,2026-10-01T06:29:45.953043+00:00,https://vso.edsoo.ru/public.php/dav/files/QyStAcPbTwCFbGB/?accept=zip,https://vso.edsoo.ru/public.php/dav/files/QyStAcPbTwCFbGB/?accept=zip,https://vserosolimp.edsoo.ru/region_way,Математика РЭ ВсОШ 2025-26/задания РЭ ВсОШ 2025-26 математика/Условия математика день 2.pdf,text
7c4d25e62d3b3a,vsosh,regional,2026,,2025/2026,Федеральный комплект,[1],"[9, 10, 11]",combined,federal_publisher,archive/vsosh/regional/2025-2026/federal/7c4d25e62d3b3a_Решения_и_критерии_математика_день_1.pdf,903c1bbf51ef5f8794600c0e8e1c4b761753fe775a537d46f60719e2a60b0fa9,706582,2026-10-01T06:29:45.953043+00:00,https://vso.edsoo.ru/public.php/dav/files/QyStAcPbTwCFbGB/?accept=zip,https://vso.edsoo.ru/public.php/dav/files/QyStAcPbTwCFbGB/?accept=zip,https://vserosolimp.edsoo.ru/region_way,Математика РЭ ВсОШ 2025-26/критерии РЭ ВсОШ 2025-26 математика/Решения и критерии математика день 1.pdf,text
f10fb484d7d461,vsosh,regional,2026,,2025/2026,Федеральный комплект,[2],"[9, 10, 11]",combined,federal_publisher,archive/vsosh/regional/2025-2026/federal/f10fb484d7d461_Решения_и_критерии_математика_день_2.pdf,867c1aca7cadfacca0a5cca1019779d6234342fd0ba9d068fde23276997cba56,425808,2026-10-01T06:29:45.953043+00:00,https://vso.edsoo.ru/public.php/dav/files/QyStAcPbTwCFbGB/?accept=zip,https://vso.edsoo.ru/public.php/dav/files/QyStAcPbTwCFbGB/?accept=zip,https://vserosolimp.edsoo.ru/region_way,Математика РЭ ВсОШ 2025-26/критерии РЭ ВсОШ 2025-26 математика/Решения и критерии математика день 2.pdf,text
23b5ab2d22eb43,vsosh,regional,2026,,2025/2026,Федеральные требования,[],"[9, 10, 11]",requirements,federal_publisher,archive/vsosh/regional/2025-2026/federal/23b5ab2d22eb43_requirements.pdf,ecfac306529ee57285e33277dbc4c929fcdfca4c3127bdbd10e59364489c3a86,3669386,2026-10-01T06:29:48.135600+00:00,https://vso.edsoo.ru/public.php/dav/files/RZxQ6HWzNqPFfoG/?accept=zip,https://vso.edsoo.ru/public.php/dav/files/RZxQ6HWzNqPFfoG/?accept=zip,https://vserosolimp.edsoo.ru/region_way,,text
83815d8fdd11f4,vsosh,municipal,2026,2027,2026/2027,Федеральные рекомендации,[],[10],methodology,federal_publisher,archive/vsosh/municipal/2026-2027/federal/83815d8fdd11f4_methodology.pdf,2e3b71a1a92bf65b2846ca4e7012dbb3522291a6d4608dc94925c1d932772ac3,786425,2026-10-01T06:43:07.812669+00:00,https://vso.edsoo.ru/public.php/dav/files/XbXMjL8dp7tmXbw/?accept=zip,https://vso.edsoo.ru/public.php/dav/files/XbXMjL8dp7tmXbw/?accept=zip,https://vserosolimp.edsoo.ru/school_way,,text
2bb297ce02ce60,vsosh,regional,2016,,2015/2016,Москва,[1],[10],combined,organizer,archive/vsosh/regional/2015-2016/moscow/2bb297ce02ce60_iii-1.pdf,4acf5c3c92288fcf278dbaa161c01292a33c8b1c091deab1d07a181c4bcadfbc,171691,2026-10-01T06:36:15.332171+00:00,https://olympiads.mccme.ru/vmo/2016/iii-1.pdf,https://olympiads.mccme.ru/vmo/2016/iii-1.pdf,https://olympiads.mccme.ru/vmo/2016/index.htm#pdf,,text
87ed119a51dc8e,vsosh,regional,2016,,2015/2016,Москва,[2],[10],combined,organizer,archive/vsosh/regional/2015-2016/moscow/87ed119a51dc8e_iii-2.pdf,12b043a0cd092d5abea19de373ca4cff5b5676a65eb8e5b5ce54c47f69f87f2d,180850,2026-10-01T06:36:15.222462+00:00,https://olympiads.mccme.ru/vmo/2016/iii-2.pdf,https://olympiads.mccme.ru/vmo/2016/iii-2.pdf,https://olympiads.mccme.ru/vmo/2016/index.htm#pdf,,text
1d3cf4382aa4fa,vsosh,regional,2016,,2015/2016,Москва,[1],[10],tasks,organizer,archive/vsosh/regional/2015-2016/moscow/1d3cf4382aa4fa_iii-day1.pdf,7387b58764987b567d73cf7b766ff2a78a35b64180f0ba227dcc31205109eedb,48362,2026-10-01T06:36:15.120933+00:00,https://olympiads.mccme.ru/vmo/2016/iii-day1.pdf,https://olympiads.mccme.ru/vmo/2016/iii-day1.pdf,https://olympiads.mccme.ru/vmo/2016/index.htm#pdf,,text
6a26b3e08e8c14,vsosh,regional,2016,,2015/2016,Москва,[2],[10],tasks,organizer,archive/vsosh/regional/2015-2016/moscow/6a26b3e08e8c14_iii-day2.pdf,37b5466a36248c7a0d8d8e4acade2b7f86ec2d5e4f47148d56c2d3ae89d95410,50352,2026-10-01T06:36:15.132153+00:00,https://olympiads.mccme.ru/vmo/2016/iii-day2.pdf,https://olympiads.mccme.ru/vmo/2016/iii-day2.pdf,https://olympiads.mccme.ru/vmo/2016/index.htm#pdf,,text
b5d2e6fc2dd1df,vsosh,municipal,2012,2013,2012/2013,Москва,[],"[7, 8, 9, 10, 11]",tasks,organizer,archive/vsosh/municipal/2012-2013/moscow/b5d2e6fc2dd1df_7-11.pdf,fee5c93d4c71dc46e19340a2ca453af2af118b6aacc42ba74177b90cc3a7b458,146046,2026-10-01T06:36:16.262647+00:00,https://mmo.mccme.ru/2013/okrug/7-11.pdf,https://mmo.mccme.ru/2013/okrug/7-11.pdf,https://olympiads.mccme.ru/mmo/okrug/okr12.htm,,text
3f0930df263fcd,mosh,main,2011,,2010/2011,Москва,[1],"[8, 9, 10, 11]",combined,organizer,archive/mosh/main/2010-2011/moscow/3f0930df263fcd_74mmo.pdf,4a41a0be34addd56c939c1efbea04c651fc14a4911fa27b14e488cba6e36b58f,657372,2026-10-01T06:36:16.473047+00:00,https://mmo.mccme.ru/2011/74mmo.pdf,https://mmo.mccme.ru/2011/74mmo.pdf,https://mmo.mccme.ru/2011/mmo2011.htm,,text
5e083072b5b673,mosh,main,2011,,2010/2011,Москва,[1],"[8, 9, 10, 11]",tasks,organizer,archive/mosh/main/2010-2011/moscow/5e083072b5b673_var-2011.pdf,27e7a8a48933da9eea0ea24c84539295bebb1409968476794be57813428b71f6,80981,2026-10-01T06:36:16.277741+00:00,https://mmo.mccme.ru/2011/var-2011.pdf,https://mmo.mccme.ru/2011/var-2011.pdf,https://mmo.mccme.ru/2011/mmo2011.htm,,text
9d024aed37f08c,mosh,main,2026,,2025/2026,Москва,[1],"[8, 9, 10, 11]",combined,organizer,archive/mosh/main/2025-2026/moscow/9d024aed37f08c_89mmo.pdf,7f1436dce526b363ea65aec1bf78aaaa52a852540f70b566e4a0691c7a81206b,651695,2026-10-01T06:36:16.758411+00:00,https://mmo.mccme.ru/2026/89mmo.pdf,https://mmo.mccme.ru/2026/89mmo.pdf,https://mmo.mccme.ru/2026/,,text
beaceb3346fcde,mosh,main,2026,,2025/2026,Москва,[1],[10],tasks,organizer,archive/mosh/main/2025-2026/moscow/beaceb3346fcde_mmo2026-var10.pdf,0bb5c6a7d769deae146b39cec51479120f69bb4fc86b79abd3a221c13c824e99,43813,2026-10-01T06:36:17.328716+00:00,https://mmo.mccme.ru/2026/mmo2026-var10.pdf,https://mmo.mccme.ru/2026/mmo2026-var10.pdf,https://mmo.mccme.ru/2026/,,text
4169f13085eeab,mosh,main,2026,,2025/2026,Москва,[1],[10],solutions,organizer,archive/mosh/main/2025-2026/moscow/4169f13085eeab_10-sol.pdf,eca9dd3a0b811cec617fc2d2d3c77f16cdf404c2c233257644611e798b6df491,775854,2026-10-01T06:36:17.717519+00:00,https://mmo.mccme.ru/2026/10-sol.pdf,https://mmo.mccme.ru/2026/10-sol.pdf,https://mmo.mccme.ru/2026/,,text
3940d1f5cddde8,mosh,main,2026,,2025/2026,Москва,[1],[10],criteria,organizer,archive/mosh/main/2025-2026/moscow/3940d1f5cddde8_10-krit.pdf,8e62f58bc8bd40e9160b711ea5b34c4eb4716a6e614fdeaa3a32f79c6d32e2d3,31531,2026-10-01T06:36:17.408956+00:00,https://mmo.mccme.ru/2026/10-krit.pdf,https://mmo.mccme.ru/2026/10-krit.pdf,https://mmo.mccme.ru/2026/,,text
5bad30852fc998,vsosh,municipal,2025,2026,2025/2026,Калининградская область,[],[10],tasks,archive_mirror,archive/vsosh/municipal/2025-2026/kalin/5bad30852fc998_tasks-math-10-mun-kalin-25-26.pdf,3019d5242a5e3ad3e96306c8fe00fa14e56c39201498f7263ce07a2d5585d668,412902,2026-10-01T06:42:51.750599+00:00,https://tasks.olimpiada.ru/upload/files/tasks/72/2025/tasks-math-10-mun-kalin-25-26.pdf,http://tasks.olimpiada.ru/upload/files/tasks/72/2025/tasks-math-10-mun-kalin-25-26.pdf,https://olimpiada.ru/activity/72/tasks/2025?class=10,,text
d29796225e13ee,vsosh,municipal,2025,2026,2025/2026,Калининградская область,[],[10],solutions,archive_mirror,archive/vsosh/municipal/2025-2026/kalin/d29796225e13ee_sol-math-10-mun-kalin-25-26.pdf,0f37c181d7ce9250c1991eb4202705fc7b47bf2fd279390dc5f570c876874753,627201,2026-10-01T06:42:53.152359+00:00,https://tasks.olimpiada.ru/upload/files/tasks/72/2025/sol-math-10-mun-kalin-25-26.pdf,http://tasks.olimpiada.ru/upload/files/tasks/72/2025/sol-math-10-mun-kalin-25-26.pdf,https://olimpiada.ru/activity/72/tasks/2025?class=10,,text
571e0b9fc488d0,vsosh,municipal,2025,2026,2025/2026,Архангельская область,[],[10],tasks,archive_mirror,archive/vsosh/municipal/2025-2026/arh/571e0b9fc488d0_tasks-math-10-mun-arh-25-26.pdf,46ddf954761638b6e3175e86d7f34e7820f4716feb490cda6ae95e2f8b2b03c0,350165,2026-10-01T06:42:53.077454+00:00,https://tasks.olimpiada.ru/upload/files/tasks/72/2025/tasks-math-10-mun-arh-25-26.pdf,http://tasks.olimpiada.ru/upload/files/tasks/72/2025/tasks-math-10-mun-arh-25-26.pdf,https://olimpiada.ru/activity/72/tasks/2025?class=10,,text
afb0d92c541a00,vsosh,municipal,2025,2026,2025/2026,Архангельская область,[],[10],solutions,archive_mirror,archive/vsosh/municipal/2025-2026/arh/afb0d92c541a00_sol-math-10-mun-arh-25-26.pdf,0f4c014646b4537ffd9b7ef2e75c41d21a7c353b0d32322e4c7bdcf05c9f2d1a,705954,2026-10-01T06:42:54.147210+00:00,https://tasks.olimpiada.ru/upload/files/tasks/72/2025/sol-math-10-mun-arh-25-26.pdf,http://tasks.olimpiada.ru/upload/files/tasks/72/2025/sol-math-10-mun-arh-25-26.pdf,https://olimpiada.ru/activity/72/tasks/2025?class=10,,text
a5669e834b6b41,vsosh,municipal,2025,2026,2025/2026,Тюменская область,[],[10],tasks,archive_mirror,archive/vsosh/municipal/2025-2026/tyumen/a5669e834b6b41_tasks-math-10-mun-tyumen-25-26.pdf,261f947710aa5fb35deefdd5ca7c89f5fd25b28259369a2ba40127090d8ff1ff,809475,2026-10-01T06:42:54.264199+00:00,https://tasks.olimpiada.ru/upload/files/tasks/72/2025/tasks-math-10-mun-tyumen-25-26.pdf,http://tasks.olimpiada.ru/upload/files/tasks/72/2025/tasks-math-10-mun-tyumen-25-26.pdf,https://olimpiada.ru/activity/72/tasks/2025?class=10,,text
8032baa17641ab,vsosh,municipal,2025,2026,2025/2026,Тюменская область,[],[10],solutions,archive_mirror,archive/vsosh/municipal/2025-2026/tyumen/8032baa17641ab_sol-math-10-mun-tyumen-25-26.pdf,135d7fb8457b5e9b18f4d4a87e73827d894ecd7493b25e4d9d0b48eb6f30c408,516772,2026-10-01T06:42:55.295863+00:00,https://tasks.olimpiada.ru/upload/files/tasks/72/2025/sol-math-10-mun-tyumen-25-26.pdf,http://tasks.olimpiada.ru/upload/files/tasks/72/2025/sol-math-10-mun-tyumen-25-26.pdf,https://olimpiada.ru/activity/72/tasks/2025?class=10,,text
d9dd1ef085eb5e,vsosh,municipal,2025,2026,2025/2026,Пермский край,[],[10],tasks,archive_mirror,archive/vsosh/municipal/2025-2026/perm/d9dd1ef085eb5e_tasks-math-10-mun-perm-25-26.pdf,0f95bca500e592327c2987d5cc716f3e51a9dd6a48a8605c8a87ad550723d7c6,481149,2026-10-01T06:42:55.470241+00:00,https://tasks.olimpiada.ru/upload/files/tasks/72/2025/tasks-math-10-mun-perm-25-26.pdf,http://tasks.olimpiada.ru/upload/files/tasks/72/2025/tasks-math-10-mun-perm-25-26.pdf,https://olimpiada.ru/activity/72/tasks/2025?class=10,,text
20f3c03f97402e,vsosh,municipal,2025,2026,2025/2026,Пермский край,[],[10],solutions,archive_mirror,archive/vsosh/municipal/2025-2026/perm/20f3c03f97402e_sol-math-10-mun-perm-25-26.pdf,d128bffcaa69fb4e622bb13a5ae43d5c16a21862388e5ff875b8b0bc4526f892,536415,2026-10-01T06:42:56.416275+00:00,https://tasks.olimpiada.ru/upload/files/tasks/72/2025/sol-math-10-mun-perm-25-26.pdf,http://tasks.olimpiada.ru/upload/files/tasks/72/2025/sol-math-10-mun-perm-25-26.pdf,https://olimpiada.ru/activity/72/tasks/2025?class=10,,text
0eea5ba8ff170c,vsosh,municipal,2025,2026,2025/2026,Ленинградская область,[],[10],tasks,archive_mirror,archive/vsosh/municipal/2025-2026/lenobl/0eea5ba8ff170c_tasks-math-10-mun-lenobl-25-26.pdf,ef761bc8b22a72cd1a31c2891f59e822c38aba8381f94614282ac7fc02d79395,151374,2026-10-01T06:42:56.419084+00:00,https://tasks.olimpiada.ru/upload/files/tasks/72/2025/tasks-math-10-mun-lenobl-25-26.pdf,http://tasks.olimpiada.ru/upload/files/tasks/72/2025/tasks-math-10-mun-lenobl-25-26.pdf,https://olimpiada.ru/activity/72/tasks/2025?class=10,,text
daca1a67b105b1,vsosh,municipal,2025,2026,2025/2026,Ленинградская область,[],[10],solutions,archive_mirror,archive/vsosh/municipal/2025-2026/lenobl/daca1a67b105b1_sol-math-10-mun-lenobl-25-26.pdf,a43a256c8872100b156c725e1f0fdf45b2b156399b76efc47062aab7dbedd3f2,131723,2026-10-01T06:43:13.302132+00:00,https://tasks.olimpiada.ru/upload/files/tasks/72/2025/sol-math-10-mun-lenobl-25-26.pdf,http://tasks.olimpiada.ru/upload/files/tasks/72/2025/sol-math-10-mun-lenobl-25-26.pdf,https://olimpiada.ru/activity/72/tasks/2025?class=10,,text
3328ca6a83c8ba,vsosh,municipal,2025,2026,2025/2026,Московская область,[],[10],tasks,archive_mirror,archive/vsosh/municipal/2025-2026/mosobl/3328ca6a83c8ba_tasks-math-10-mun-mosobl-25-26.pdf,b862896289b703eadfb4d051149b78e2f2c292a673c36ff51e1c3d2d54f9e912,555420,2026-10-01T06:42:57.545440+00:00,https://tasks.olimpiada.ru/upload/files/tasks/72/2025/tasks-math-10-mun-mosobl-25-26.pdf,http://tasks.olimpiada.ru/upload/files/tasks/72/2025/tasks-math-10-mun-mosobl-25-26.pdf,https://olimpiada.ru/activity/72/tasks/2025?class=10,,text
b23156c65de254,vsosh,municipal,2025,2026,2025/2026,Московская область,[],[10],solutions,archive_mirror,archive/vsosh/municipal/2025-2026/mosobl/b23156c65de254_sol-math-10-mun-mosobl-25-26.pdf,6514f19068c88792f8c47e1ae016548c2062865f39125ce9a01a6914b9cb06f9,704430,2026-10-01T06:42:58.598406+00:00,https://tasks.olimpiada.ru/upload/files/tasks/72/2025/sol-math-10-mun-mosobl-25-26.pdf,http://tasks.olimpiada.ru/upload/files/tasks/72/2025/sol-math-10-mun-mosobl-25-26.pdf,https://olimpiada.ru/activity/72/tasks/2025?class=10,,text
17d3e130ab9775,vsosh,municipal,2025,2026,2025/2026,Калужская область,[],[10],tasks,archive_mirror,archive/vsosh/municipal/2025-2026/kaluga/17d3e130ab9775_tasks-math-10-mun-kaluga-25-26.pdf,12a626a9b93f22480448c5ec8eac763681fc70c6dd5c20592ce5d6b61859f921,398408,2026-10-01T06:42:59.696510+00:00,https://tasks.olimpiada.ru/upload/files/tasks/72/2025/tasks-math-10-mun-kaluga-25-26.pdf,http://tasks.olimpiada.ru/upload/files/tasks/72/2025/tasks-math-10-mun-kaluga-25-26.pdf,https://olimpiada.ru/activity/72/tasks/2025?class=10,,text
9fe7b185855403,vsosh,municipal,2025,2026,2025/2026,Калужская область,[],[10],solutions,archive_mirror,archive/vsosh/municipal/2025-2026/kaluga/9fe7b185855403_sol-math-10-mun-kaluga-25-26.pdf,9a037904920756d22724ee1cbcca3bce2fb0fc53966355b0026a84dc559d82b0,1834465,2026-10-01T06:43:01.160610+00:00,https://tasks.olimpiada.ru/upload/files/tasks/72/2025/sol-math-10-mun-kaluga-25-26.pdf,http://tasks.olimpiada.ru/upload/files/tasks/72/2025/sol-math-10-mun-kaluga-25-26.pdf,https://olimpiada.ru/activity/72/tasks/2025?class=10,,text
c3d0e708aa56a7,vsosh,municipal,2025,2026,2025/2026,Республика Башкортостан,[],[10],tasks,archive_mirror,archive/vsosh/municipal/2025-2026/bash/c3d0e708aa56a7_tasks-math-10-mun-bash-25-26.pdf,7705e19de742526841139eeb6ad6966d0406155ed099c251d1b8ef3dd06982ad,344137,2026-10-01T06:43:02.231272+00:00,https://tasks.olimpiada.ru/upload/files/tasks/72/2025/tasks-math-10-mun-bash-25-26.pdf,http://tasks.olimpiada.ru/upload/files/tasks/72/2025/tasks-math-10-mun-bash-25-26.pdf,https://olimpiada.ru/activity/72/tasks/2025?class=10,,text
bfea63b4520155,vsosh,municipal,2025,2026,2025/2026,Республика Башкортостан,[],[10],solutions,archive_mirror,archive/vsosh/municipal/2025-2026/bash/bfea63b4520155_sol-math-10-mun-bash-25-26.pdf,a8b670b09996a2d3f9503e9d6afc183c1354f0c1860b213d58c80413da58fa7a,662258,2026-10-01T06:43:03.323659+00:00,https://tasks.olimpiada.ru/upload/files/tasks/72/2025/sol-math-10-mun-bash-25-26.pdf,http://tasks.olimpiada.ru/upload/files/tasks/72/2025/sol-math-10-mun-bash-25-26.pdf,https://olimpiada.ru/activity/72/tasks/2025?class=10,,text
7a80773f930e57,vsosh,municipal,2025,2026,2025/2026,Республика Хакасия,[],[10],tasks,archive_mirror,archive/vsosh/municipal/2025-2026/xakas/7a80773f930e57_tasks-math-10-mun-xakas-25-26.pdf,85716627fa7f5c04433e46c9a7d518e6632b686ea54b192da7dd2d8ddea08935,1075169,2026-10-01T06:43:04.540824+00:00,https://tasks.olimpiada.ru/upload/files/tasks/72/2025/tasks-math-10-mun-xakas-25-26.pdf,http://tasks.olimpiada.ru/upload/files/tasks/72/2025/tasks-math-10-mun-xakas-25-26.pdf,https://olimpiada.ru/activity/72/tasks/2025?class=10,,text
244ef7fc5c9cf6,vsosh,municipal,2025,2026,2025/2026,Республика Хакасия,[],[10],solutions,archive_mirror,archive/vsosh/municipal/2025-2026/xakas/244ef7fc5c9cf6_sol-math-10-mun-xakas-25-26.pdf,54e40716228617b3ff7dd1114f3ef8a6009d095462a1c9d9759762714c57c382,626706,2026-10-01T06:43:05.622297+00:00,https://tasks.olimpiada.ru/upload/files/tasks/72/2025/sol-math-10-mun-xakas-25-26.pdf,http://tasks.olimpiada.ru/upload/files/tasks/72/2025/sol-math-10-mun-xakas-25-26.pdf,https://olimpiada.ru/activity/72/tasks/2025?class=10,,text
7220edf7b02263,vsosh,municipal,2025,2026,2025/2026,Рязанская область,[],[10],tasks,archive_mirror,archive/vsosh/municipal/2025-2026/ryazan/7220edf7b02263_tasks-math-10-mun-ryazan-25-26.pdf,5ed40284539fd15bafb80874b7699f38edf72b50580282ac5496f69d06019bb0,504465,2026-10-01T06:43:06.721740+00:00,https://tasks.olimpiada.ru/upload/files/tasks/72/2025/tasks-math-10-mun-ryazan-25-26.pdf,http://tasks.olimpiada.ru/upload/files/tasks/72/2025/tasks-math-10-mun-ryazan-25-26.pdf,https://olimpiada.ru/activity/72/tasks/2025?class=10,,text
0efa739df5c440,vsosh,municipal,2025,2026,2025/2026,Рязанская область,[],[10],solutions,archive_mirror,archive/vsosh/municipal/2025-2026/ryazan/0efa739df5c440_sol-math-10-mun-ryazan-25-26.pdf,1d6b2a0566f1f499e0008b9fbeef215412b437164b119e492cecb259fd360eb9,660095,2026-10-01T06:43:07.345594+00:00,https://tasks.olimpiada.ru/upload/files/tasks/72/2025/sol-math-10-mun-ryazan-25-26.pdf,http://tasks.olimpiada.ru/upload/files/tasks/72/2025/sol-math-10-mun-ryazan-25-26.pdf,https://olimpiada.ru/activity/72/tasks/2025?class=10,,text
2f0d2e67580860,vsosh,municipal,2025,2026,2025/2026,Санкт-Петербург,[],[10],tasks,archive_mirror,archive/vsosh/municipal/2025-2026/spb/2f0d2e67580860_tasks-math-10-mun-spb-25-26.pdf,7aad7a614efbdba6b4b52dee43ea80eaf54501719a7db4cf3513e924c528171f,226524,2026-10-01T06:43:07.409079+00:00,https://tasks.olimpiada.ru/upload/files/tasks/72/2025/tasks-math-10-mun-spb-25-26.pdf,http://tasks.olimpiada.ru/upload/files/tasks/72/2025/tasks-math-10-mun-spb-25-26.pdf,https://olimpiada.ru/activity/72/tasks/2025?class=10,,text
060042aff5039c,vsosh,municipal,2025,2026,2025/2026,Санкт-Петербург,[],[10],criteria,archive_mirror,archive/vsosh/municipal/2025-2026/spb/060042aff5039c_krit-math-10-mun-spb-25-26.pdf,43808abeae483b87d40a7210291e7e13318d56b89cbe6a07593e76a96ede5b31,183450,2026-10-01T06:43:07.424483+00:00,https://tasks.olimpiada.ru/upload/files/tasks/72/2025/krit-math-10-mun-spb-25-26.pdf,http://tasks.olimpiada.ru/upload/files/tasks/72/2025/krit-math-10-mun-spb-25-26.pdf,https://olimpiada.ru/activity/72/tasks/2025?class=10,,text
babfa3cbc485f2,vsosh,municipal,2025,2026,2025/2026,Нижегородская область,[],[10],tasks,archive_mirror,archive/vsosh/municipal/2025-2026/nn/babfa3cbc485f2_tasks-math-10-mun-nn-25-26.pdf,fccc43e7b3812961696a8b0d10519f6207084f0eaabc73cccb6f87e7c021c81d,128615,2026-10-01T06:43:07.641138+00:00,https://tasks.olimpiada.ru/upload/files/tasks/72/2025/tasks-math-10-mun-nn-25-26.pdf,http://tasks.olimpiada.ru/upload/files/tasks/72/2025/tasks-math-10-mun-nn-25-26.pdf,https://olimpiada.ru/activity/72/tasks/2025?class=10,,text
f511a5baeddbec,vsosh,municipal,2025,2026,2025/2026,Нижегородская область,[],[10],solutions,archive_mirror,archive/vsosh/municipal/2025-2026/nn/f511a5baeddbec_sol-math-10-mun-nn-25-26.pdf,2176ce7a4e9005d229444ee726e5967a902d916df5e47b47a27b0c077cdd4f30,387466,2026-10-01T06:43:08.455862+00:00,https://tasks.olimpiada.ru/upload/files/tasks/72/2025/sol-math-10-mun-nn-25-26.pdf,http://tasks.olimpiada.ru/upload/files/tasks/72/2025/sol-math-10-mun-nn-25-26.pdf,https://olimpiada.ru/activity/72/tasks/2025?class=10,,text
3a5c6437edd085,vsosh,municipal,2025,2026,2025/2026,Камчатский край,[],[10],tasks,archive_mirror,archive/vsosh/municipal/2025-2026/kamchatka/3a5c6437edd085_tasks-math-10-mun-kamchatka-25-26.pdf,3798b5ea997e10043bbaa7ee072952c62c93a005a13d8eaff38f408713082449,366300,2026-10-01T06:43:08.455713+00:00,https://tasks.olimpiada.ru/upload/files/tasks/72/2025/tasks-math-10-mun-kamchatka-25-26.pdf,http://tasks.olimpiada.ru/upload/files/tasks/72/2025/tasks-math-10-mun-kamchatka-25-26.pdf,https://olimpiada.ru/activity/72/tasks/2025?class=10,,text
b05e808674e009,vsosh,municipal,2025,2026,2025/2026,Камчатский край,[],[10],solutions,archive_mirror,archive/vsosh/municipal/2025-2026/kamchatka/b05e808674e009_sol-math-10-mun-kamchatka-25-26.pdf,ecb1b28e285b90d440bb88e80e03131638cd4d955b3e0a2dfda3e79976896f37,412697,2026-10-01T06:43:08.418109+00:00,https://tasks.olimpiada.ru/upload/files/tasks/72/2025/sol-math-10-mun-kamchatka-25-26.pdf,http://tasks.olimpiada.ru/upload/files/tasks/72/2025/sol-math-10-mun-kamchatka-25-26.pdf,https://olimpiada.ru/activity/72/tasks/2025?class=10,,text
635fa96340211c,vsosh,municipal,2025,2026,2025/2026,Белгородская область,[],[10],tasks,archive_mirror,archive/vsosh/municipal/2025-2026/belgor/635fa96340211c_tasks-math-10-mun-belgor-25-26.pdf,5b4968d212852ee3875afeef657c53fa93ddebb9960930c7b7429dca0b506e68,494602,2026-10-01T06:43:09.017336+00:00,https://tasks.olimpiada.ru/upload/files/tasks/72/2025/tasks-math-10-mun-belgor-25-26.pdf,http://tasks.olimpiada.ru/upload/files/tasks/72/2025/tasks-math-10-mun-belgor-25-26.pdf,https://olimpiada.ru/activity/72/tasks/2025?class=10,,text
9454a7280064cc,vsosh,municipal,2025,2026,2025/2026,Белгородская область,[],[10],solutions,archive_mirror,archive/vsosh/municipal/2025-2026/belgor/9454a7280064cc_sol-math-10-mun-belgor-25-26.pdf,5bece475f3d76d8ac0c5f8229715f6668bcd103750bb0233065c2d98b208395d,624202,2026-10-01T06:43:09.019819+00:00,https://tasks.olimpiada.ru/upload/files/tasks/72/2025/sol-math-10-mun-belgor-25-26.pdf,http://tasks.olimpiada.ru/upload/files/tasks/72/2025/sol-math-10-mun-belgor-25-26.pdf,https://olimpiada.ru/activity/72/tasks/2025?class=10,,text
b54ce0733e2b51,vsosh,municipal,2025,2026,2025/2026,Челябинская область,[],[10],tasks,archive_mirror,archive/vsosh/municipal/2025-2026/chel/b54ce0733e2b51_tasks-math-10-mun-chel-25-26.pdf,f66d1c61bd8c70794d2dddc13b16d594bd39d763877c3e708e772d4871621064,130327,2026-10-01T06:43:09.402942+00:00,https://tasks.olimpiada.ru/upload/files/tasks/72/2025/tasks-math-10-mun-chel-25-26.pdf,http://tasks.olimpiada.ru/upload/files/tasks/72/2025/tasks-math-10-mun-chel-25-26.pdf,https://olimpiada.ru/activity/72/tasks/2025?class=10,,text
55add0152a7e0b,vsosh,municipal,2025,2026,2025/2026,Свердловская область,[],[10],tasks,archive_mirror,archive/vsosh/municipal/2025-2026/sverd/55add0152a7e0b_tasks-math-10-mun-sverd-25-26.pdf,cd48b00e540a5664f14a27178397ef050ed9f4c231c4af74f3b5c0882f5da007,163685,2026-10-01T06:43:09.476348+00:00,https://tasks.olimpiada.ru/upload/files/tasks/72/2025/tasks-math-10-mun-sverd-25-26.pdf,http://tasks.olimpiada.ru/upload/files/tasks/72/2025/tasks-math-10-mun-sverd-25-26.pdf,https://olimpiada.ru/activity/72/tasks/2025?class=10,,text
7033f84bfd770e,vsosh,municipal,2025,2026,2025/2026,Свердловская область,[],[10],solutions,archive_mirror,archive/vsosh/municipal/2025-2026/sverd/7033f84bfd770e_sol-math-10-mun-sverd-25-26.pdf,ea78588fb80320e75085027404c5f22386f44deb0ec16e87c31436fd5a113dff,249472,2026-10-01T06:43:09.436592+00:00,https://tasks.olimpiada.ru/upload/files/tasks/72/2025/sol-math-10-mun-sverd-25-26.pdf,http://tasks.olimpiada.ru/upload/files/tasks/72/2025/sol-math-10-mun-sverd-25-26.pdf,https://olimpiada.ru/activity/72/tasks/2025?class=10,,text
829f33b2f521ac,vsosh,municipal,2025,2026,2025/2026,Новгородская область,[],[10],tasks,archive_mirror,archive/vsosh/municipal/2025-2026/novgorog/829f33b2f521ac_tasks-math-10-mun-novgorog-25-26.pdf,0ee1eada28c861b2e8d124b8ce4cf340fbdf0ca220a3096621152d99124bdab9,210639,2026-10-01T06:43:09.907372+00:00,https://tasks.olimpiada.ru/upload/files/tasks/72/2025/tasks-math-10-mun-novgorog-25-26.pdf,http://tasks.olimpiada.ru/upload/files/tasks/72/2025/tasks-math-10-mun-novgorog-25-26.pdf,https://olimpiada.ru/activity/72/tasks/2025?class=10,,text
6096968ee1961a,vsosh,municipal,2025,2026,2025/2026,Новгородская область,[],[10],solutions,archive_mirror,archive/vsosh/municipal/2025-2026/novgorog/6096968ee1961a_sol-math-10-mun-novgorog-25-26.pdf,7a66f16b6f88bddcdb884fc6f15cc049dd727fb084fa45550fe932a65746b5e9,262695,2026-10-01T06:43:10.056570+00:00,https://tasks.olimpiada.ru/upload/files/tasks/72/2025/sol-math-10-mun-novgorog-25-26.pdf,http://tasks.olimpiada.ru/upload/files/tasks/72/2025/sol-math-10-mun-novgorog-25-26.pdf,https://olimpiada.ru/activity/72/tasks/2025?class=10,,text
e01d83c966cd71,vsosh,municipal,2025,2026,2025/2026,Кемеровская область,[],[10],tasks,archive_mirror,archive/vsosh/municipal/2025-2026/kem/e01d83c966cd71_tasks-math-10-mun-kem-25-26.pdf,2ab34d113208f1ef182b5b58131fec369ce51022ea5e0fbfccc56ae9d255c40a,315037,2026-10-01T06:43:10.406616+00:00,https://tasks.olimpiada.ru/upload/files/tasks/72/2025/tasks-math-10-mun-kem-25-26.pdf,http://tasks.olimpiada.ru/upload/files/tasks/72/2025/tasks-math-10-mun-kem-25-26.pdf,https://olimpiada.ru/activity/72/tasks/2025?class=10,,text
52d7ccf13caf57,vsosh,municipal,2025,2026,2025/2026,Кемеровская область,[],[10],solutions,archive_mirror,archive/vsosh/municipal/2025-2026/kem/52d7ccf13caf57_sol-math-10-mun-kem-25-26.pdf,93c430569fbef8d9add2662a322ac3f63e10109acd636d4ac10c9bd44ce665e5,384197,2026-10-01T06:43:10.549276+00:00,https://tasks.olimpiada.ru/upload/files/tasks/72/2025/sol-math-10-mun-kem-25-26.pdf,http://tasks.olimpiada.ru/upload/files/tasks/72/2025/sol-math-10-mun-kem-25-26.pdf,https://olimpiada.ru/activity/72/tasks/2025?class=10,,text
65d380497fe811,vsosh,municipal,2025,2026,2025/2026,Брянская область,[],[10],tasks,archive_mirror,archive/vsosh/municipal/2025-2026/bryansk/65d380497fe811_tasks-math-10-mun-bryansk-25-26.pdf,66437b0228da21fefd6b5f9b6eeff61259d54898f115a885da7134f1bfa802ef,762087,2026-10-01T06:43:10.587877+00:00,https://tasks.olimpiada.ru/upload/files/tasks/72/2025/tasks-math-10-mun-bryansk-25-26.pdf,http://tasks.olimpiada.ru/upload/files/tasks/72/2025/tasks-math-10-mun-bryansk-25-26.pdf,https://olimpiada.ru/activity/72/tasks/2025?class=10,,text
38ef0126b65799,vsosh,municipal,2025,2026,2025/2026,Брянская область,[],[10],solutions,archive_mirror,archive/vsosh/municipal/2025-2026/bryansk/38ef0126b65799_sol-math-10-mun-bryansk-25-26.pdf,0ea4f4af0f3e3a84e3e4038c5f2450b2029635d5e92010124f6c5163a0c4be8e,953641,2026-10-01T06:43:27.136512+00:00,https://tasks.olimpiada.ru/upload/files/tasks/72/2025/sol-math-10-mun-bryansk-25-26.pdf,http://tasks.olimpiada.ru/upload/files/tasks/72/2025/sol-math-10-mun-bryansk-25-26.pdf,https://olimpiada.ru/activity/72/tasks/2025?class=10,,text
b39da1898b98f5,vsosh,municipal,2025,2026,2025/2026,Республика Татарстан,[],[10],tasks,archive_mirror,archive/vsosh/municipal/2025-2026/tat/b39da1898b98f5_tasks-math-10-mun-tat-25-26.pdf,15d86b8761cbfdd3b8de23f99584df027133b8007d4d18155f0d4b2e2ca603e5,134128,2026-10-01T06:43:11.004344+00:00,https://tasks.olimpiada.ru/upload/files/tasks/72/2025/tasks-math-10-mun-tat-25-26.pdf,http://tasks.olimpiada.ru/upload/files/tasks/72/2025/tasks-math-10-mun-tat-25-26.pdf,https://olimpiada.ru/activity/72/tasks/2025?class=10,,text
2f1f43acea4e78,vsosh,municipal,2025,2026,2025/2026,Республика Татарстан,[],[10],solutions,archive_mirror,archive/vsosh/municipal/2025-2026/tat/2f1f43acea4e78_sol-math-10-mun-tat-25-26.pdf,be29b6e7ce26aa256d690efb71e61e0e96033e3d956a072e1714d2da8e766d74,411677,2026-10-01T06:43:11.401232+00:00,https://tasks.olimpiada.ru/upload/files/tasks/72/2025/sol-math-10-mun-tat-25-26.pdf,http://tasks.olimpiada.ru/upload/files/tasks/72/2025/sol-math-10-mun-tat-25-26.pdf,https://olimpiada.ru/activity/72/tasks/2025?class=10,,text
ddb605889fec6c,vsosh,municipal,2025,2026,2025/2026,Новосибирская область,[],[10],tasks,archive_mirror,archive/vsosh/municipal/2025-2026/novosb/ddb605889fec6c_tasks-math-10-mun-novosb-25-26.pdf,509cf4c742685bcfbd1fd0c1c1cff60e6271834886bf1c7a17154cdb7d0630dd,118220,2026-10-01T06:43:11.544848+00:00,https://tasks.olimpiada.ru/upload/files/tasks/72/2025/tasks-math-10-mun-novosb-25-26.pdf,http://tasks.olimpiada.ru/upload/files/tasks/72/2025/tasks-math-10-mun-novosb-25-26.pdf,https://olimpiada.ru/activity/72/tasks/2025?class=10,,text
600740200a1292,vsosh,municipal,2025,2026,2025/2026,Новосибирская область,[],[10],solutions,archive_mirror,archive/vsosh/municipal/2025-2026/novosb/600740200a1292_sol-math-10-mun-novosb-25-26.pdf,28818f30ac3aad9805b34f7258fefcb00dddbfc5550900408a469440d6344027,256404,2026-10-01T06:43:11.651057+00:00,https://tasks.olimpiada.ru/upload/files/tasks/72/2025/sol-math-10-mun-novosb-25-26.pdf,http://tasks.olimpiada.ru/upload/files/tasks/72/2025/sol-math-10-mun-novosb-25-26.pdf,https://olimpiada.ru/activity/72/tasks/2025?class=10,,text
2df46a8d8227de,vsosh,municipal,2025,2026,2025/2026,Республика Коми,[],[10],tasks,archive_mirror,archive/vsosh/municipal/2025-2026/komi/2df46a8d8227de_tasks-math-10-mun-komi-25-26.pdf,884428d66794a0b11f4b42a82bdca294ef7a6c6c03c0cca79ac26874ff812734,257794,2026-10-01T06:43:12.243719+00:00,https://tasks.olimpiada.ru/upload/files/tasks/72/2025/tasks-math-10-mun-komi-25-26.pdf,http://tasks.olimpiada.ru/upload/files/tasks/72/2025/tasks-math-10-mun-komi-25-26.pdf,https://olimpiada.ru/activity/72/tasks/2025?class=10,,text
8652a2b384c1a5,vsosh,municipal,2025,2026,2025/2026,Республика Коми,[],[10],solutions,archive_mirror,archive/vsosh/municipal/2025-2026/komi/8652a2b384c1a5_sol-math-10-mun-komi-25-26.pdf,ef1bc0c3e35c85886eb646d006d79a8e081e909f9f15db8151e3da59f5d79cd6,563420,2026-10-01T06:43:12.594151+00:00,https://tasks.olimpiada.ru/upload/files/tasks/72/2025/sol-math-10-mun-komi-25-26.pdf,http://tasks.olimpiada.ru/upload/files/tasks/72/2025/sol-math-10-mun-komi-25-26.pdf,https://olimpiada.ru/activity/72/tasks/2025?class=10,,text
384a6cf0b8acd7,vsosh,municipal,2025,2026,2025/2026,Владимирская область,[],[10],tasks,archive_mirror,archive/vsosh/municipal/2025-2026/vladimir/384a6cf0b8acd7_tasks-math-10-mun-vladimir-25-26.pdf,0e365f5999fb4913393bd51b544b2d877635cd56ad9bd3b5d149bece2a0d0279,51631,2026-10-01T06:43:12.418720+00:00,https://tasks.olimpiada.ru/upload/files/tasks/72/2025/tasks-math-10-mun-vladimir-25-26.pdf,http://tasks.olimpiada.ru/upload/files/tasks/72/2025/tasks-math-10-mun-vladimir-25-26.pdf,https://olimpiada.ru/activity/72/tasks/2025?class=10,,text
5a77158cf7e4fd,vsosh,municipal,2025,2026,2025/2026,Владимирская область,[],[10],solutions,archive_mirror,archive/vsosh/municipal/2025-2026/vladimir/5a77158cf7e4fd_sol-math-10-mun-vladimir-25-26.pdf,c4738d0f42d7b347dcd058b4d00a8a4fb750c8834ccd0ffdcf9f70c2a867d71e,76218,2026-10-01T06:43:12.480068+00:00,https://tasks.olimpiada.ru/upload/files/tasks/72/2025/sol-math-10-mun-vladimir-25-26.pdf,http://tasks.olimpiada.ru/upload/files/tasks/72/2025/sol-math-10-mun-vladimir-25-26.pdf,https://olimpiada.ru/activity/72/tasks/2025?class=10,,text
018daa9f6ccea5,vsosh,municipal,2025,2026,2025/2026,Тверская область,[],[10],tasks,archive_mirror,archive/vsosh/municipal/2025-2026/tver/018daa9f6ccea5_tasks-math-10-mun-tver-25-26.pdf,81cfaff014023f089b1d856a6f4625eff6a5463fb89e50a9af0d2f44bea0462c,877418,2026-10-01T06:43:13.358220+00:00,https://tasks.olimpiada.ru/upload/files/tasks/72/2025/tasks-math-10-mun-tver-25-26.pdf,http://tasks.olimpiada.ru/upload/files/tasks/72/2025/tasks-math-10-mun-tver-25-26.pdf,https://olimpiada.ru/activity/72/tasks/2025?class=10,,text
a50239e1251686,vsosh,municipal,2025,2026,2025/2026,Тверская область,[],[10],solutions,archive_mirror,archive/vsosh/municipal/2025-2026/tver/a50239e1251686_sol-math-10-mun-tver-25-26.pdf,abe370e1f122ba30e6175a71635eb51c83518cb0f27c5e235363a3c7fa518a6d,609755,2026-10-01T06:43:13.611753+00:00,https://tasks.olimpiada.ru/upload/files/tasks/72/2025/sol-math-10-mun-tver-25-26.pdf,http://tasks.olimpiada.ru/upload/files/tasks/72/2025/sol-math-10-mun-tver-25-26.pdf,https://olimpiada.ru/activity/72/tasks/2025?class=10,,text
64330730639deb,vsosh,municipal,2025,2026,2025/2026,Омская область,[],[10],tasks,archive_mirror,archive/vsosh/municipal/2025-2026/omsk/64330730639deb_tasks-math-10-mun-omsk-25-26.pdf,e3cdef4d0a1048814ed6b86dafa2c9fb571d00df5502bed5f2798e65fd1250aa,126139,2026-10-01T06:43:13.411949+00:00,https://tasks.olimpiada.ru/upload/files/tasks/72/2025/tasks-math-10-mun-omsk-25-26.pdf,http://tasks.olimpiada.ru/upload/files/tasks/72/2025/tasks-math-10-mun-omsk-25-26.pdf,https://olimpiada.ru/activity/72/tasks/2025?class=10,,text
cd59e27fc4f8cf,vsosh,municipal,2025,2026,2025/2026,Омская область,[],[10],solutions,archive_mirror,archive/vsosh/municipal/2025-2026/omsk/cd59e27fc4f8cf_sol-math-10-mun-omsk-25-26.pdf,8aeb7ef9f9da61eb98c9db33969f982485214bc42d08f465a560213be404263d,239316,2026-10-01T06:43:29.593937+00:00,https://tasks.olimpiada.ru/upload/files/tasks/72/2025/sol-math-10-mun-omsk-25-26.pdf,http://tasks.olimpiada.ru/upload/files/tasks/72/2025/sol-math-10-mun-omsk-25-26.pdf,https://olimpiada.ru/activity/72/tasks/2025?class=10,,text
b78e3aedc336e1,vsosh,municipal,2025,2026,2025/2026,Красноярский край,[],[10],tasks,archive_mirror,archive/vsosh/municipal/2025-2026/kryar/b78e3aedc336e1_tasks-math-10-mun-kryar-25-26.pdf,236fb41394677006fe9277f517ab1e1e78c5993b810d151264e84ee9566b8539,75456,2026-10-01T06:43:14.218792+00:00,https://tasks.olimpiada.ru/upload/files/tasks/72/2025/tasks-math-10-mun-kryar-25-26.pdf,http://tasks.olimpiada.ru/upload/files/tasks/72/2025/tasks-math-10-mun-kryar-25-26.pdf,https://olimpiada.ru/activity/72/tasks/2025?class=10,,text
b8a7deb9e83eb3,vsosh,municipal,2025,2026,2025/2026,Красноярский край,[],[10],solutions,archive_mirror,archive/vsosh/municipal/2025-2026/kryar/b8a7deb9e83eb3_sol-math-10-mun-kryar-25-26.pdf,4fe2bb5ffc1dedc621ea512118afe2e4676660b14c5836f50a4f8cf3d6d4215a,119542,2026-10-01T06:43:14.357566+00:00,https://tasks.olimpiada.ru/upload/files/tasks/72/2025/sol-math-10-mun-kryar-25-26.pdf,http://tasks.olimpiada.ru/upload/files/tasks/72/2025/sol-math-10-mun-kryar-25-26.pdf,https://olimpiada.ru/activity/72/tasks/2025?class=10,,text
bd7a9a0fbe09d7,vsosh,municipal,2025,2026,2025/2026,Вологодская область,[],[10],tasks,archive_mirror,archive/vsosh/municipal/2025-2026/volog/bd7a9a0fbe09d7_tasks-math-10-mun-volog-25-26.pdf,fc591a73cd44a1589c972341aa5b63bceee738b9145f53fddafd95d63be4fcf9,231950,2026-10-01T06:43:14.412452+00:00,https://tasks.olimpiada.ru/upload/files/tasks/72/2025/tasks-math-10-mun-volog-25-26.pdf,http://tasks.olimpiada.ru/upload/files/tasks/72/2025/tasks-math-10-mun-volog-25-26.pdf,https://olimpiada.ru/activity/72/tasks/2025?class=10,,text
700018046f29a2,vsosh,municipal,2025,2026,2025/2026,Вологодская область,[],[10],solutions,archive_mirror,archive/vsosh/municipal/2025-2026/volog/700018046f29a2_sol-math-10-mun-volog-25-26.pdf,e8cc91b04b50377ef621249671844eb1062943b8bf387a2dd8c6f2fe8f324e2d,808566,2026-10-01T06:43:14.703001+00:00,https://tasks.olimpiada.ru/upload/files/tasks/72/2025/sol-math-10-mun-volog-25-26.pdf,http://tasks.olimpiada.ru/upload/files/tasks/72/2025/sol-math-10-mun-volog-25-26.pdf,https://olimpiada.ru/activity/72/tasks/2025?class=10,,text
94392112e6cd2e,vsosh,municipal,2025,2026,2025/2026,Москва,[],[10],tasks,organizer,archive/vsosh/municipal/2025-2026/moscow/94392112e6cd2e_tasks-math-10-mun-msk-25-26.pdf,e4f5028668a3cd9d0b363ac4e82ac36132517f7221e2ff20730bee5884efd6f3,93536,2026-10-01T06:37:13.561910+00:00,https://всош.цпм.рф/upload/files/Arhive_tasks/2025-26/mun/math/tasks-math-10-mun-msk-25-26.pdf,https://xn--b1ayi3a.xn--l1afu.xn--p1ai/upload/files/Arhive_tasks/2025-26/mun/math/tasks-math-10-mun-msk-25-26.pdf,https://olimpiada.ru/activity/72/tasks/2025?class=10,,text
c388f0c06d0c45,vsosh,municipal,2025,2026,2025/2026,Москва,[],[10],solutions,organizer,archive/vsosh/municipal/2025-2026/moscow/c388f0c06d0c45_sol-math-10-mun-msk-25-26.pdf,867de9e7241031b654bb48538a9525cceefee87e2d393d5d0a324bc2c95542e5,122899,2026-10-01T06:37:14.728096+00:00,https://всош.цпм.рф/upload/files/Arhive_tasks/2025-26/mun/math/sol-math-10-mun-msk-25-26.pdf,https://xn--b1ayi3a.xn--l1afu.xn--p1ai/upload/files/Arhive_tasks/2025-26/mun/math/sol-math-10-mun-msk-25-26.pdf,https://olimpiada.ru/activity/72/tasks/2025?class=10,,text
40cedad3053885,vsosh,municipal,2025,2026,2025/2026,Томская область,[],[10],tasks,archive_mirror,archive/vsosh/municipal/2025-2026/tomsk/40cedad3053885_tasks-math-10-mun-tomsk-25-26.pdf,fbe80754e5d57da20beac6787030d7a1cf4aea182ff6463def8cd397c1a72727,578862,2026-10-01T06:43:15.365085+00:00,https://tasks.olimpiada.ru/upload/files/tasks/72/2025/tasks-math-10-mun-tomsk-25-26.pdf,http://tasks.olimpiada.ru/upload/files/tasks/72/2025/tasks-math-10-mun-tomsk-25-26.pdf,https://olimpiada.ru/activity/72/tasks/2025?class=10,,text
6a741df74678a1,vsosh,municipal,2025,2026,2025/2026,Томская область,[],[10],solutions,archive_mirror,archive/vsosh/municipal/2025-2026/tomsk/6a741df74678a1_sol-math-10-mun-tomsk-25-26.pdf,a44f54de83f44dc956b602d1d600991ebf4f51aa86bd728d9ff72f1023e2432c,645070,2026-10-01T06:43:31.531785+00:00,https://tasks.olimpiada.ru/upload/files/tasks/72/2025/sol-math-10-mun-tomsk-25-26.pdf,http://tasks.olimpiada.ru/upload/files/tasks/72/2025/sol-math-10-mun-tomsk-25-26.pdf,https://olimpiada.ru/activity/72/tasks/2025?class=10,,text
dcb4b5b5ff61a6,vsosh,municipal,2025,2026,2025/2026,Оренбургская область,[],[10],tasks,archive_mirror,archive/vsosh/municipal/2025-2026/orenb/dcb4b5b5ff61a6_tasks-math-10-mun-orenb-25-26.pdf,8a0f31e682673af7e40b2bbbcba396fac31e7d437ae2103c6288fbbe13d628d8,492018,2026-10-01T06:43:15.453498+00:00,https://tasks.olimpiada.ru/upload/files/tasks/72/2025/tasks-math-10-mun-orenb-25-26.pdf,http://tasks.olimpiada.ru/upload/files/tasks/72/2025/tasks-math-10-mun-orenb-25-26.pdf,https://olimpiada.ru/activity/72/tasks/2025?class=10,,text
addf18c5b9c27d,vsosh,municipal,2025,2026,2025/2026,Оренбургская область,[],[10],solutions,archive_mirror,archive/vsosh/municipal/2025-2026/orenb/addf18c5b9c27d_sol-math-10-mun-orenb-25-26.pdf,6024325444aa071eed9ad9738bd5f44a8cdbf3bb9d0f24eb8d7987cbceb52545,517869,2026-10-01T06:43:15.835452+00:00,https://tasks.olimpiada.ru/upload/files/tasks/72/2025/sol-math-10-mun-orenb-25-26.pdf,http://tasks.olimpiada.ru/upload/files/tasks/72/2025/sol-math-10-mun-orenb-25-26.pdf,https://olimpiada.ru/activity/72/tasks/2025?class=10,,text
e4a5d78bd15e62,vsosh,municipal,2025,2026,2025/2026,Республика Крым,[],[10],tasks,archive_mirror,archive/vsosh/municipal/2025-2026/crimea/e4a5d78bd15e62_tasks-math-10-mun-crimea-25-26.pdf,cf94b2793627bff2488b31447d774c7ca804def8df13f18c9a5d9e2afd728ae7,315534,2026-10-01T06:43:16.447167+00:00,https://tasks.olimpiada.ru/upload/files/tasks/72/2025/tasks-math-10-mun-crimea-25-26.pdf,http://tasks.olimpiada.ru/upload/files/tasks/72/2025/tasks-math-10-mun-crimea-25-26.pdf,https://olimpiada.ru/activity/72/tasks/2025?class=10,,text
64a91f98233eab,vsosh,municipal,2025,2026,2025/2026,Республика Крым,[],[10],solutions,archive_mirror,archive/vsosh/municipal/2025-2026/crimea/64a91f98233eab_sol-math-10-mun-crimea-25-26.pdf,216ba8cd2943cdbe38b22ffce3be1e6499d6df53ca4844661c0bf7903d52a7f9,254302,2026-10-01T06:43:16.477974+00:00,https://tasks.olimpiada.ru/upload/files/tasks/72/2025/sol-math-10-mun-crimea-25-26.pdf,http://tasks.olimpiada.ru/upload/files/tasks/72/2025/sol-math-10-mun-crimea-25-26.pdf,https://olimpiada.ru/activity/72/tasks/2025?class=10,,text
038abc98aff1eb,vsosh,municipal,2025,2026,2025/2026,Иркутская область,[],[10],tasks,archive_mirror,archive/vsosh/municipal/2025-2026/irk/038abc98aff1eb_tasks-math-10-mun-irk-25-26.pdf,51d2890b1a89ffb67925fe81c7c497cba3d4dccde54b50845510067062787f46,446035,2026-10-01T06:43:16.920203+00:00,https://tasks.olimpiada.ru/upload/files/tasks/72/2025/tasks-math-10-mun-irk-25-26.pdf,http://tasks.olimpiada.ru/upload/files/tasks/72/2025/tasks-math-10-mun-irk-25-26.pdf,https://olimpiada.ru/activity/72/tasks/2025?class=10,,text
0fcb151b8078b3,vsosh,municipal,2025,2026,2025/2026,Иркутская область,[],[10],solutions,archive_mirror,archive/vsosh/municipal/2025-2026/irk/0fcb151b8078b3_sol-math-10-mun-irk-25-26.pdf,ed1072f7e881ce4bc0c4e5bb81ae43b46ec31c763383fc5e4534694eea46e812,558793,2026-10-01T06:43:17.629376+00:00,https://tasks.olimpiada.ru/upload/files/tasks/72/2025/sol-math-10-mun-irk-25-26.pdf,http://tasks.olimpiada.ru/upload/files/tasks/72/2025/sol-math-10-mun-irk-25-26.pdf,https://olimpiada.ru/activity/72/tasks/2025?class=10,,text
560fea5897ca03,vsosh,municipal,2025,2026,2025/2026,Амурская область,[],[10],tasks,archive_mirror,archive/vsosh/municipal/2025-2026/amur/560fea5897ca03_tasks-math-10-mun-amur-25-26.pdf,e652f17dd15e58a6ca2248535675087828f9c1ba1ebdabbf1948544b437fb2f6,636774,2026-10-01T06:43:17.601736+00:00,https://tasks.olimpiada.ru/upload/files/tasks/72/2025/tasks-math-10-mun-amur-25-26.pdf,http://tasks.olimpiada.ru/upload/files/tasks/72/2025/tasks-math-10-mun-amur-25-26.pdf,https://olimpiada.ru/activity/72/tasks/2025?class=10,,text
7253846d96455e,vsosh,municipal,2025,2026,2025/2026,Тульская область,[],[10],tasks,archive_mirror,archive/vsosh/municipal/2025-2026/tula/7253846d96455e_tasks-math-10-mun-tula-25-26.pdf,3c5b49d3b82f8b8786bbc934d003dff82bf9ebbe5f708d5b3f116d5ba8c646b9,127274,2026-10-01T06:43:17.896117+00:00,https://tasks.olimpiada.ru/upload/files/tasks/72/2025/tasks-math-10-mun-tula-25-26.pdf,http://tasks.olimpiada.ru/upload/files/tasks/72/2025/tasks-math-10-mun-tula-25-26.pdf,https://olimpiada.ru/activity/72/tasks/2025?class=10,,text
3123dff3f31835,vsosh,municipal,2025,2026,2025/2026,Тульская область,[],[10],solutions,archive_mirror,archive/vsosh/municipal/2025-2026/tula/3123dff3f31835_sol-math-10-mun-tula-25-26.pdf,de273781b7ea11b59b4ed4cb672d08294f6f5d6f725b4f27175ec45c3434af5f,226744,2026-10-01T06:43:18.592055+00:00,https://tasks.olimpiada.ru/upload/files/tasks/72/2025/sol-math-10-mun-tula-25-26.pdf,http://tasks.olimpiada.ru/upload/files/tasks/72/2025/sol-math-10-mun-tula-25-26.pdf,https://olimpiada.ru/activity/72/tasks/2025?class=10,,text
dbb94b698243bf,vsosh,municipal,2025,2026,2025/2026,Орловская область,[],[10],tasks,archive_mirror,archive/vsosh/municipal/2025-2026/orel/dbb94b698243bf_tasks-math-10-mun-orel-25-26.pdf,be8846ea98a9aa264aac4124d50499ed5547db8322e713294501799c06092176,317606,2026-10-01T06:43:18.709076+00:00,https://tasks.olimpiada.ru/upload/files/tasks/72/2025/tasks-math-10-mun-orel-25-26.pdf,http://tasks.olimpiada.ru/upload/files/tasks/72/2025/tasks-math-10-mun-orel-25-26.pdf,https://olimpiada.ru/activity/72/tasks/2025?class=10,,text
8e512f95ee8a40,vsosh,municipal,2025,2026,2025/2026,Орловская область,[],[10],solutions,archive_mirror,archive/vsosh/municipal/2025-2026/orel/8e512f95ee8a40_sol-math-10-mun-orel-25-26.pdf,bbf1514260f59201fa6b33458044a1e9cbf6bb28988e237638298ea24f239a6d,611264,2026-10-01T06:43:19.066589+00:00,https://tasks.olimpiada.ru/upload/files/tasks/72/2025/sol-math-10-mun-orel-25-26.pdf,http://tasks.olimpiada.ru/upload/files/tasks/72/2025/sol-math-10-mun-orel-25-26.pdf,https://olimpiada.ru/activity/72/tasks/2025?class=10,,text
9c4853c4ef5903,vsosh,municipal,2025,2026,2025/2026,Курская область,[],[10],tasks,archive_mirror,archive/vsosh/municipal/2025-2026/kursk/9c4853c4ef5903_tasks-math-10-mun-kursk-25-26.pdf,dd2ec18c04fe9d6052a396a8434fe450872ff6dba8849687934331bfc1178b30,572765,2026-10-01T06:43:36.792340+00:00,https://tasks.olimpiada.ru/upload/files/tasks/72/2025/tasks-math-10-mun-kursk-25-26.pdf,http://tasks.olimpiada.ru/upload/files/tasks/72/2025/tasks-math-10-mun-kursk-25-26.pdf,https://olimpiada.ru/activity/72/tasks/2025?class=10,,text
ea240e75366dd5,vsosh,municipal,2025,2026,2025/2026,Курская область,[],[10],solutions,archive_mirror,archive/vsosh/municipal/2025-2026/kursk/ea240e75366dd5_sol-math-10-mun-kursk-25-26.pdf,891fb0baecce8485522e80fce2b83e214728c38095236b59cdb73bce4d87d469,614821,2026-10-01T06:43:19.916818+00:00,https://tasks.olimpiada.ru/upload/files/tasks/72/2025/sol-math-10-mun-kursk-25-26.pdf,http://tasks.olimpiada.ru/upload/files/tasks/72/2025/sol-math-10-mun-kursk-25-26.pdf,https://olimpiada.ru/activity/72/tasks/2025?class=10,,text
9e2af70a5390ec,vsosh,municipal,2025,2026,2025/2026,Донецкая Народная Республика,[],[10],tasks,archive_mirror,archive/vsosh/municipal/2025-2026/dnr/9e2af70a5390ec_tasks-math-10-mun-dnr-25-26.pdf,6e00d842e10a3086c3fbc7097fab7866ae2a221feec58c409b6884dd25c592ee,147597,2026-10-01T06:43:19.995300+00:00,https://tasks.olimpiada.ru/upload/files/tasks/72/2025/tasks-math-10-mun-dnr-25-26.pdf,http://tasks.olimpiada.ru/upload/files/tasks/72/2025/tasks-math-10-mun-dnr-25-26.pdf,https://olimpiada.ru/activity/72/tasks/2025?class=10,,text
79b7716e0214c6,vsosh,municipal,2025,2026,2025/2026,Донецкая Народная Республика,[],[10],solutions,archive_mirror,archive/vsosh/municipal/2025-2026/dnr/79b7716e0214c6_sol-math-10-mun-dnr-25-26.pdf,02ee6173eaf8748955416db3ec38488232344baddb56543152bb638a406a6d65,226898,2026-10-01T06:48:18.007010+00:00,https://tasks.olimpiada.ru/upload/files/tasks/72/2025/sol-math-10-mun-dnr-25-26.pdf,http://tasks.olimpiada.ru/upload/files/tasks/72/2025/sol-math-10-mun-dnr-25-26.pdf,https://olimpiada.ru/activity/72/tasks/2025?class=10,,text
51dd3d25887595,vsosh,municipal,2022,2023,2022/2023,Амурская область,[],[10],tasks,archive_mirror,archive/vsosh/municipal/2022-2023/amur/51dd3d25887595_tasks-math-10-mun-amur-22-23.pdf,358703c7b620a6b210443b1d09936106355f67cb68b686abeb7d854e45595ffa,545533,2026-10-01T06:43:21.071772+00:00,https://tasks.olimpiada.ru/upload/files/tasks/72/2022/tasks-math-10-mun-amur-22-23.pdf,http://tasks.olimpiada.ru/upload/files/tasks/72/2022/tasks-math-10-mun-amur-22-23.pdf,https://olimpiada.ru/activity/72/tasks/2022?class=10,,text
fa6b206e0c1f78,vsosh,municipal,2022,2023,2022/2023,Кировская область,[],[10],tasks,archive_mirror,archive/vsosh/municipal/2022-2023/kirov/fa6b206e0c1f78_tasks-math-10-mun-kirov-22-23.pdf,828ffadd5acbafd3cf98c96e98a4544f916ad6a0c87be1c92f430eca447f2876,368545,2026-10-01T06:43:21.398720+00:00,https://tasks.olimpiada.ru/upload/files/tasks/72/2022/tasks-math-10-mun-kirov-22-23.pdf,http://tasks.olimpiada.ru/upload/files/tasks/72/2022/tasks-math-10-mun-kirov-22-23.pdf,https://olimpiada.ru/activity/72/tasks/2022?class=10,,text
38a456f8da6146,vsosh,municipal,2022,2023,2022/2023,Кировская область,[],[10],solutions,archive_mirror,archive/vsosh/municipal/2022-2023/kirov/38a456f8da6146_sol-math-10-mun-kirov-22-23.pdf,6e1fadda49410a54062d7fa2e9ca1cf6d17c810db694e94fbfee1895a1912d72,305850,2026-10-01T06:43:22.069287+00:00,https://tasks.olimpiada.ru/upload/files/tasks/72/2022/sol-math-10-mun-kirov-22-23.pdf,http://tasks.olimpiada.ru/upload/files/tasks/72/2022/sol-math-10-mun-kirov-22-23.pdf,https://olimpiada.ru/activity/72/tasks/2022?class=10,,text
93271c4183cecc,vsosh,municipal,2022,2023,2022/2023,Орловская область,[],[10],tasks,archive_mirror,archive/vsosh/municipal/2022-2023/orel/93271c4183cecc_tasks-math-10-mun-orel-22-23.pdf,9bdf812f7e7676977ec7a3d7e878e8365fa9d8d7b49da915536866ae07ee8514,494112,2026-10-01T06:43:22.250150+00:00,https://tasks.olimpiada.ru/upload/files/tasks/72/2022/tasks-math-10-mun-orel-22-23.pdf,http://tasks.olimpiada.ru/upload/files/tasks/72/2022/tasks-math-10-mun-orel-22-23.pdf,https://olimpiada.ru/activity/72/tasks/2022?class=10,,text
0d18cbafecc17b,vsosh,municipal,2022,2023,2022/2023,Санкт-Петербург,[],[10],tasks,archive_mirror,archive/vsosh/municipal/2022-2023/sp/0d18cbafecc17b_tasks-math-10-mun-sp-22-23.pdf,7b3c292b8dec421e65edb571c5eac1e9d49e3784a591502bbb36a474991a7f7f,188819,2026-10-01T06:43:22.263720+00:00,https://tasks.olimpiada.ru/upload/files/tasks/72/2022/tasks-math-10-mun-sp-22-23.pdf,http://tasks.olimpiada.ru/upload/files/tasks/72/2022/tasks-math-10-mun-sp-22-23.pdf,https://olimpiada.ru/activity/72/tasks/2022?class=10,,text
8f03dffa6acc42,vsosh,municipal,2022,2023,2022/2023,Республика Саха (Якутия),[],[10],tasks,archive_mirror,archive/vsosh/municipal/2022-2023/yakut/8f03dffa6acc42_tasks-math-10-mun-yakut-22-23.pdf,1e1cbfb30c781d09ac4dfe74b0bc2f2a849a22764e826af4b7bdce290a25b674,350078,2026-10-01T06:43:23.028014+00:00,https://tasks.olimpiada.ru/upload/files/tasks/72/2022/tasks-math-10-mun-yakut-22-23.pdf,http://tasks.olimpiada.ru/upload/files/tasks/72/2022/tasks-math-10-mun-yakut-22-23.pdf,https://olimpiada.ru/activity/72/tasks/2022?class=10,,text
7f9f9684467f6b,vsosh,municipal,2022,2023,2022/2023,Москва,[],[10],combined,organizer,archive/vsosh/municipal/2022-2023/moscow/7f9f9684467f6b_taskssol-math-10-mun-msk-22-23.pdf,7ee510b93a6dfcebd3a06aeb4b4dfe1540bc57eb9ac0dbb96c247dff3e45f953,487729,2026-10-01T06:37:23.359152+00:00,https://всош.цпм.рф/upload/files/Arhive_tasks/2022-23/mun/math/taskssol-math-10-mun-msk-22-23.pdf,https://xn--b1ayi3a.xn--l1afu.xn--p1ai/upload/files/Arhive_tasks/2022-23/mun/math/taskssol-math-10-mun-msk-22-23.pdf,https://olimpiada.ru/activity/72/tasks/2022?class=10,,text
c6aed086daadc9,vsosh,municipal,2022,2023,2022/2023,Пермский край,[],[10],tasks,archive_mirror,archive/vsosh/municipal/2022-2023/perm/c6aed086daadc9_tasks-math-10-mun-perm-22-23.pdf,967699297d57117009fc24f09f4eeb352cf37d9b7fec8e3289672b493262a773,297837,2026-10-01T06:43:23.322317+00:00,https://tasks.olimpiada.ru/upload/files/tasks/72/2022/tasks-math-10-mun-perm-22-23.pdf,http://tasks.olimpiada.ru/upload/files/tasks/72/2022/tasks-math-10-mun-perm-22-23.pdf,https://olimpiada.ru/activity/72/tasks/2022?class=10,,text
9576d3face8d7f,vsosh,municipal,2022,2023,2022/2023,Пермский край,[],[10],solutions,archive_mirror,archive/vsosh/municipal/2022-2023/perm/9576d3face8d7f_sol-math-10-mun-perm-22-23.pdf,f2ec33bd224dcca59ee65332ec728c864b2d8a93dcffebfc30051da42a26f410,594779,2026-10-01T06:43:23.346309+00:00,https://tasks.olimpiada.ru/upload/files/tasks/72/2022/sol-math-10-mun-perm-22-23.pdf,http://tasks.olimpiada.ru/upload/files/tasks/72/2022/sol-math-10-mun-perm-22-23.pdf,https://olimpiada.ru/activity/72/tasks/2022?class=10,,text
9466a230307b8f,vsosh,municipal,2022,2023,2022/2023,Ростовская область,[],[10],tasks,archive_mirror,archive/vsosh/municipal/2022-2023/rostov/9466a230307b8f_tasks-math-10-mun-rostov-22-23.pdf,ff7bc26189148854d3c68b1720946441aa5c774d53cc8bf656b4b35cfc17bb87,103595,2026-10-01T06:43:23.856408+00:00,https://tasks.olimpiada.ru/upload/files/tasks/72/2022/tasks-math-10-mun-rostov-22-23.pdf,http://tasks.olimpiada.ru/upload/files/tasks/72/2022/tasks-math-10-mun-rostov-22-23.pdf,https://olimpiada.ru/activity/72/tasks/2022?class=10,,text
af1e28c00b4f60,vsosh,municipal,2022,2023,2022/2023,Ростовская область,[],[10],solutions,archive_mirror,archive/vsosh/municipal/2022-2023/rostov/af1e28c00b4f60_sol-math-10-mun-rostov-22-23.pdf,0bc2ce11a70c17721dd46d505600ddbb6ccb2697e4efbe58d9b783991cbd85ab,168036,2026-10-01T06:43:24.223400+00:00,https://tasks.olimpiada.ru/upload/files/tasks/72/2022/sol-math-10-mun-rostov-22-23.pdf,http://tasks.olimpiada.ru/upload/files/tasks/72/2022/sol-math-10-mun-rostov-22-23.pdf,https://olimpiada.ru/activity/72/tasks/2022?class=10,,text
b0af63a9f424a5,vsosh,municipal,2022,2023,2022/2023,Брянская область,[],[10],tasks,archive_mirror,archive/vsosh/municipal/2022-2023/bryansk/b0af63a9f424a5_tasks-math-10-mun-bryansk-22-23.pdf,bfecca14a81af205533d9ac26789f884cf5767edac90a52162a5c5a4a6d7aa00,75730,2026-10-01T06:43:24.206297+00:00,https://tasks.olimpiada.ru/upload/files/tasks/72/2022/tasks-math-10-mun-bryansk-22-23.pdf,http://tasks.olimpiada.ru/upload/files/tasks/72/2022/tasks-math-10-mun-bryansk-22-23.pdf,https://olimpiada.ru/activity/72/tasks/2022?class=10,,text
26f7502e3d042d,vsosh,municipal,2022,2023,2022/2023,Брянская область,[],[10],solutions,archive_mirror,archive/vsosh/municipal/2022-2023/bryansk/26f7502e3d042d_sol-math-10-mun-bryansk-22-23.pdf,f75c0d16f192b49693df303366e984fef2d558e043a61c41bc1882d07834bb5c,123758,2026-10-01T06:43:24.812068+00:00,https://tasks.olimpiada.ru/upload/files/tasks/72/2022/sol-math-10-mun-bryansk-22-23.pdf,http://tasks.olimpiada.ru/upload/files/tasks/72/2022/sol-math-10-mun-bryansk-22-23.pdf,https://olimpiada.ru/activity/72/tasks/2022?class=10,,text
b747ed092bb185,vsosh,municipal,2022,2023,2022/2023,Тульская область,[],[10],tasks,archive_mirror,archive/vsosh/municipal/2022-2023/tula/b747ed092bb185_tasks-math-10-mun-tula-22-23.pdf,7f880eda52469ca751371110ce544bec1b99d6fc58f7d46b39fa599f10c203c8,381197,2026-10-01T06:43:25.263147+00:00,https://tasks.olimpiada.ru/upload/files/tasks/72/2022/tasks-math-10-mun-tula-22-23.pdf,http://tasks.olimpiada.ru/upload/files/tasks/72/2022/tasks-math-10-mun-tula-22-23.pdf,https://olimpiada.ru/activity/72/tasks/2022?class=10,,text
54434a19226767,vsosh,municipal,2022,2023,2022/2023,Тульская область,[],[10],solutions,archive_mirror,archive/vsosh/municipal/2022-2023/tula/54434a19226767_sol-math-10-mun-tula-22-23.pdf,369e45c3a5c65d4b8a2a727dff4c5a4ff7309f1def15811568a688f5cd68c5bb,542842,2026-10-01T06:43:44.506924+00:00,https://tasks.olimpiada.ru/upload/files/tasks/72/2022/sol-math-10-mun-tula-22-23.pdf,http://tasks.olimpiada.ru/upload/files/tasks/72/2022/sol-math-10-mun-tula-22-23.pdf,https://olimpiada.ru/activity/72/tasks/2022?class=10,,text
202bc0a3962175,vsosh,municipal,2022,2023,2022/2023,Ямало-Ненецкий автономный округ,[],[10],tasks,archive_mirror,archive/vsosh/municipal/2022-2023/yamal/202bc0a3962175_tasks-math-10-mun-yamal-22-23.pdf,ed20b220e00236d41bbff0b13289c84a62431d71087fb8d65171a3ff9316fe45,98228,2026-10-01T06:43:25.634932+00:00,https://tasks.olimpiada.ru/upload/files/tasks/72/2022/tasks-math-10-mun-yamal-22-23.pdf,http://tasks.olimpiada.ru/upload/files/tasks/72/2022/tasks-math-10-mun-yamal-22-23.pdf,https://olimpiada.ru/activity/72/tasks/2022?class=10,,text
0a96d16050c449,vsosh,municipal,2022,2023,2022/2023,Ямало-Ненецкий автономный округ,[],[10],solutions,archive_mirror,archive/vsosh/municipal/2022-2023/yamal/0a96d16050c449_sol-math-10-mun-yamal-22-23.pdf,e79852990becdbd83da0eb0e193a8dcf879739aa3c4dbb922c2a6c07e2c098ca,201046,2026-10-01T06:43:26.135275+00:00,https://tasks.olimpiada.ru/upload/files/tasks/72/2022/sol-math-10-mun-yamal-22-23.pdf,http://tasks.olimpiada.ru/upload/files/tasks/72/2022/sol-math-10-mun-yamal-22-23.pdf,https://olimpiada.ru/activity/72/tasks/2022?class=10,,text
b6b714cb483dc2,vsosh,municipal,2022,2023,2022/2023,Республика Татарстан,[],[10],tasks,archive_mirror,archive/vsosh/municipal/2022-2023/tat/b6b714cb483dc2_tasks-math-10-mun-tat-22-23.pdf,cc0019e05ec4cfba7d2f9a1683b8b9bbd9401678755d5fa0f90468468e8dfcbe,153515,2026-10-01T06:43:26.584607+00:00,https://tasks.olimpiada.ru/upload/files/tasks/72/2022/tasks-math-10-mun-tat-22-23.pdf,http://tasks.olimpiada.ru/upload/files/tasks/72/2022/tasks-math-10-mun-tat-22-23.pdf,https://olimpiada.ru/activity/72/tasks/2022?class=10,,requires_visual_reading
b73de3c58fa569,vsosh,municipal,2022,2023,2022/2023,Республика Татарстан,[],[10],solutions,archive_mirror,archive/vsosh/municipal/2022-2023/tat/b73de3c58fa569_sol-math-10-mun-tat-22-23.pdf,b5c6820f437bd65471d222174b6c7b56ebb9c3a8cc76cf9b6f7f99c4e33b17fa,306032,2026-10-01T06:43:27.177603+00:00,https://tasks.olimpiada.ru/upload/files/tasks/72/2022/sol-math-10-mun-tat-22-23.pdf,http://tasks.olimpiada.ru/upload/files/tasks/72/2022/sol-math-10-mun-tat-22-23.pdf,https://olimpiada.ru/activity/72/tasks/2022?class=10,,text
deb7ff84e3d58d,vsosh,municipal,2022,2023,2022/2023,Челябинская область,[],[10],tasks,archive_mirror,archive/vsosh/municipal/2022-2023/chel/deb7ff84e3d58d_tasks-math-10-mun-chel-22-23.pdf,a120b6ebd15436c5669ec137db5b0ea080f58d1697b2d25e812d0b19e7a44edb,481154,2026-10-01T06:43:27.782852+00:00,https://tasks.olimpiada.ru/upload/files/tasks/72/2022/tasks-math-10-mun-chel-22-23.pdf,http://tasks.olimpiada.ru/upload/files/tasks/72/2022/tasks-math-10-mun-chel-22-23.pdf,https://olimpiada.ru/activity/72/tasks/2022?class=10,,requires_visual_reading
974e32a10297bd,vsosh,municipal,2022,2023,2022/2023,Челябинская область,[],[10],solutions,archive_mirror,archive/vsosh/municipal/2022-2023/chel/974e32a10297bd_sol-math-10-mun-chel-22-23.pdf,28c756ee8cb986eff20616d9228a4983d270f971462d8d34169495f1b98a8f52,2493310,2026-10-01T06:43:28.569758+00:00,https://tasks.olimpiada.ru/upload/files/tasks/72/2022/sol-math-10-mun-chel-22-23.pdf,http://tasks.olimpiada.ru/upload/files/tasks/72/2022/sol-math-10-mun-chel-22-23.pdf,https://olimpiada.ru/activity/72/tasks/2022?class=10,,requires_visual_reading
6f3db678b4c9c8,vsosh,municipal,2022,2023,2022/2023,Камчатский край,[],[10],tasks,archive_mirror,archive/vsosh/municipal/2022-2023/kamchat/6f3db678b4c9c8_tasks-math-10-mun-kamchat-22-23.pdf,1a39e92c6fe2f218e68f8e6b7139ee4c95d398f373835140f136a70b9bc4feb9,332689,2026-10-01T06:43:28.139490+00:00,https://tasks.olimpiada.ru/upload/files/tasks/72/2022/tasks-math-10-mun-kamchat-22-23.pdf,http://tasks.olimpiada.ru/upload/files/tasks/72/2022/tasks-math-10-mun-kamchat-22-23.pdf,https://olimpiada.ru/activity/72/tasks/2022?class=10,,text
e28931fb462e63,vsosh,municipal,2022,2023,2022/2023,Камчатский край,[],[10],solutions,archive_mirror,archive/vsosh/municipal/2022-2023/kamchat/e28931fb462e63_sol-math-10-mun-kamchat-22-23.pdf,62b733c474993c69f12907fa8ae7c1fa786f986c6385ce5c4d81467dfba7fb02,457450,2026-10-01T06:43:28.793003+00:00,https://tasks.olimpiada.ru/upload/files/tasks/72/2022/sol-math-10-mun-kamchat-22-23.pdf,http://tasks.olimpiada.ru/upload/files/tasks/72/2022/sol-math-10-mun-kamchat-22-23.pdf,https://olimpiada.ru/activity/72/tasks/2022?class=10,,text
af1b45000a64b0,vsosh,municipal,2022,2023,2022/2023,Владимирская область,[],[10],tasks,archive_mirror,archive/vsosh/municipal/2022-2023/vladimir/af1b45000a64b0_tasks-math-10-mun-vladimir-22-23.pdf,fbfb98a6b0d86a999663ce31e6ce1f7673e14b14c8a5b3fe1bdb8b4b383e3de3,199375,2026-10-01T06:43:29.058359+00:00,https://tasks.olimpiada.ru/upload/files/tasks/72/2022/tasks-math-10-mun-vladimir-22-23.pdf,http://tasks.olimpiada.ru/upload/files/tasks/72/2022/tasks-math-10-mun-vladimir-22-23.pdf,https://olimpiada.ru/activity/72/tasks/2022?class=10,,text
a63a94bc7991da,vsosh,municipal,2022,2023,2022/2023,Владимирская область,[],[10],solutions,archive_mirror,archive/vsosh/municipal/2022-2023/vladimir/a63a94bc7991da_sol-math-10-mun-vladimir-22-23.pdf,dd147e9f7c25c891be9f8a684407b717932e3c03d9f4d4b490a9d4895d426d7e,192083,2026-10-01T06:43:29.497252+00:00,https://tasks.olimpiada.ru/upload/files/tasks/72/2022/sol-math-10-mun-vladimir-22-23.pdf,http://tasks.olimpiada.ru/upload/files/tasks/72/2022/sol-math-10-mun-vladimir-22-23.pdf,https://olimpiada.ru/activity/72/tasks/2022?class=10,,text
fc7c5e58402792,vsosh,municipal,2022,2023,2022/2023,Калужская область,[],[10],tasks,archive_mirror,archive/vsosh/municipal/2022-2023/kalug/fc7c5e58402792_tasks-math-10-mun-kalug-22-23.pdf,0aa8cc6bb16bb32c01e6d2029def4baa4e6afd82f68b0380e6339826e31dcfb4,328897,2026-10-01T06:43:29.781575+00:00,https://tasks.olimpiada.ru/upload/files/tasks/72/2022/tasks-math-10-mun-kalug-22-23.pdf,http://tasks.olimpiada.ru/upload/files/tasks/72/2022/tasks-math-10-mun-kalug-22-23.pdf,https://olimpiada.ru/activity/72/tasks/2022?class=10,,text
a21d7bf037cab0,vsosh,municipal,2022,2023,2022/2023,Калужская область,[],[10],solutions,archive_mirror,archive/vsosh/municipal/2022-2023/kalug/a21d7bf037cab0_sol-math-10-mun-kalug-22-23.pdf,7081e6a30ef66b136c0c4f167b69fc436d74c98d361f440144137ac47d2c5d56,396644,2026-10-01T06:43:30.191473+00:00,https://tasks.olimpiada.ru/upload/files/tasks/72/2022/sol-math-10-mun-kalug-22-23.pdf,http://tasks.olimpiada.ru/upload/files/tasks/72/2022/sol-math-10-mun-kalug-22-23.pdf,https://olimpiada.ru/activity/72/tasks/2022?class=10,,text
201aad91a4f5e8,vsosh,municipal,2022,2023,2022/2023,Республика Хакасия,[],[10],tasks,archive_mirror,archive/vsosh/municipal/2022-2023/xakas/201aad91a4f5e8_tasks-math-10-mun-xakas-22-23.pdf,89c98050557fbfa6e2531e01859f749cc7100e0bb7928d25feac46111e2a0b0c,381592,2026-10-01T06:43:30.708660+00:00,https://tasks.olimpiada.ru/upload/files/tasks/72/2022/tasks-math-10-mun-xakas-22-23.pdf,http://tasks.olimpiada.ru/upload/files/tasks/72/2022/tasks-math-10-mun-xakas-22-23.pdf,https://olimpiada.ru/activity/72/tasks/2022?class=10,,text
c342bae8fd2bec,vsosh,municipal,2022,2023,2022/2023,Республика Хакасия,[],[10],solutions,archive_mirror,archive/vsosh/municipal/2022-2023/xakas/c342bae8fd2bec_sol-math-10-mun-xakas-22-23.pdf,c4f28339c36af80aa5a9da87f7acd8c485ce56d44859f5666574c41967eec053,576149,2026-10-01T06:43:30.776304+00:00,https://tasks.olimpiada.ru/upload/files/tasks/72/2022/sol-math-10-mun-xakas-22-23.pdf,http://tasks.olimpiada.ru/upload/files/tasks/72/2022/sol-math-10-mun-xakas-22-23.pdf,https://olimpiada.ru/activity/72/tasks/2022?class=10,,text
e7732e62f3550b,vsosh,municipal,2022,2023,2022/2023,Костромская область,[],[10],tasks,archive_mirror,archive/vsosh/municipal/2022-2023/kostroma/e7732e62f3550b_tasks-math-10-mun-kostroma-22-23.pdf,825ba38fb2ab19712e161c375f976dd12915e6385b84b0d789d6a7af35498302,200500,2026-10-01T06:48:17.991347+00:00,https://tasks.olimpiada.ru/upload/files/tasks/72/2022/tasks-math-10-mun-kostroma-22-23.pdf,http://tasks.olimpiada.ru/upload/files/tasks/72/2022/tasks-math-10-mun-kostroma-22-23.pdf,https://olimpiada.ru/activity/72/tasks/2022?class=10,,text
6989ae9eefc98e,vsosh,municipal,2022,2023,2022/2023,Костромская область,[],[10],solutions,archive_mirror,archive/vsosh/municipal/2022-2023/kostroma/6989ae9eefc98e_sol-math-10-mun-kostroma-22-23.pdf,c728303c49f89f12d4a87f3158863e40285b44519d00754399ba865a02336255,277792,2026-10-01T06:43:31.172502+00:00,https://tasks.olimpiada.ru/upload/files/tasks/72/2022/sol-math-10-mun-kostroma-22-23.pdf,http://tasks.olimpiada.ru/upload/files/tasks/72/2022/sol-math-10-mun-kostroma-22-23.pdf,https://olimpiada.ru/activity/72/tasks/2022?class=10,,text
8770e453e1afef,vsosh,municipal,2022,2023,2022/2023,Архангельская область,[],[10],tasks,archive_mirror,archive/vsosh/municipal/2022-2023/arh/8770e453e1afef_tasks-math-10-mun-arh-22-23.pdf,b8e760c51fdd13b044ba1bcb0439c115ddaf06c88bb47decc8ed30e650966850,373089,2026-10-01T06:43:31.704667+00:00,https://tasks.olimpiada.ru/upload/files/tasks/72/2022/tasks-math-10-mun-arh-22-23.pdf,http://tasks.olimpiada.ru/upload/files/tasks/72/2022/tasks-math-10-mun-arh-22-23.pdf,https://olimpiada.ru/activity/72/tasks/2022?class=10,,text
6dbff3198a740c,vsosh,municipal,2022,2023,2022/2023,Архангельская область,[],[10],solutions,archive_mirror,archive/vsosh/municipal/2022-2023/arh/6dbff3198a740c_sol-math-10-mun-arh-22-23.pdf,a2950accc85a56672c968f078a223111d37f0e9cee43f4153f9b65ddcff937c8,459322,2026-10-01T06:43:31.815395+00:00,https://tasks.olimpiada.ru/upload/files/tasks/72/2022/sol-math-10-mun-arh-22-23.pdf,http://tasks.olimpiada.ru/upload/files/tasks/72/2022/sol-math-10-mun-arh-22-23.pdf,https://olimpiada.ru/activity/72/tasks/2022?class=10,,text
a285c523112c7a,vsosh,municipal,2022,2023,2022/2023,Ленинградская область,[],[10],tasks,archive_mirror,archive/vsosh/municipal/2022-2023/lenobl/a285c523112c7a_tasks-math-10-mun-lenobl-22-23.pdf,7fd044c4dc831eb973d91b41ed9706c7cc596a9ca8076c8f2dfb58534d0f53ec,125168,2026-10-01T06:43:32.051783+00:00,https://tasks.olimpiada.ru/upload/files/tasks/72/2022/tasks-math-10-mun-lenobl-22-23.pdf,http://tasks.olimpiada.ru/upload/files/tasks/72/2022/tasks-math-10-mun-lenobl-22-23.pdf,https://olimpiada.ru/activity/72/tasks/2022?class=10,,text
df2a9c47d8a2de,vsosh,municipal,2022,2023,2022/2023,Ленинградская область,[],[10],solutions,archive_mirror,archive/vsosh/municipal/2022-2023/lenobl/df2a9c47d8a2de_sol-math-10-mun-lenobl-22-23.pdf,edb5b1389703f5d97345f101b30427f0ba7826b5a2c7a7a28e0d9ad3f6554795,329991,2026-10-01T06:43:32.606985+00:00,https://tasks.olimpiada.ru/upload/files/tasks/72/2022/sol-math-10-mun-lenobl-22-23.pdf,http://tasks.olimpiada.ru/upload/files/tasks/72/2022/sol-math-10-mun-lenobl-22-23.pdf,https://olimpiada.ru/activity/72/tasks/2022?class=10,,text
ba44b4e84edc99,vsosh,municipal,2022,2023,2022/2023,Республика Башкортостан,[],[10],tasks,archive_mirror,archive/vsosh/municipal/2022-2023/bash/ba44b4e84edc99_tasks-math-10-mun-bash-22-23.pdf,d7da152422bbfdbe286b124e77b66d7d2d83bea4f3409844cbcef24b23a60811,527925,2026-10-01T06:43:32.794908+00:00,https://tasks.olimpiada.ru/upload/files/tasks/72/2022/tasks-math-10-mun-bash-22-23.pdf,http://tasks.olimpiada.ru/upload/files/tasks/72/2022/tasks-math-10-mun-bash-22-23.pdf,https://olimpiada.ru/activity/72/tasks/2022?class=10,,text
1bd6f1e4f41ce6,vsosh,municipal,2022,2023,2022/2023,Республика Башкортостан,[],[10],solutions,archive_mirror,archive/vsosh/municipal/2022-2023/bash/1bd6f1e4f41ce6_sol-math-10-mun-bash-22-23.pdf,b3a1030220637f6bc2b887948072a3b2ef82b812da41628fb4602336caf935a8,858327,2026-10-01T06:43:33.091239+00:00,https://tasks.olimpiada.ru/upload/files/tasks/72/2022/sol-math-10-mun-bash-22-23.pdf,http://tasks.olimpiada.ru/upload/files/tasks/72/2022/sol-math-10-mun-bash-22-23.pdf,https://olimpiada.ru/activity/72/tasks/2022?class=10,,text
9e0d1916d38cb0,vsosh,municipal,2022,2023,2022/2023,Московская область,[],[10],tasks,archive_mirror,archive/vsosh/municipal/2022-2023/mosobl/9e0d1916d38cb0_tasks-math-10-mun-mosobl-22-23.pdf,04bdecb23d26810e39c2bc3ca6f0e49b2769027d4d3cd2c24ac722bb7fd4a864,304101,2026-10-01T06:43:33.106024+00:00,https://tasks.olimpiada.ru/upload/files/tasks/72/2022/tasks-math-10-mun-mosobl-22-23.pdf,http://tasks.olimpiada.ru/upload/files/tasks/72/2022/tasks-math-10-mun-mosobl-22-23.pdf,https://olimpiada.ru/activity/72/tasks/2022?class=10,,text
f883a97a59d8fb,vsosh,municipal,2022,2023,2022/2023,Московская область,[],[10],solutions,archive_mirror,archive/vsosh/municipal/2022-2023/mosobl/f883a97a59d8fb_sol-math-10-mun-mosobl-22-23.pdf,05ac4cc7ddafb922a1f5a8bca2c78edec6687a8daa5f144e7e4f68f2d2df49c6,240270,2026-10-01T06:43:33.641163+00:00,https://tasks.olimpiada.ru/upload/files/tasks/72/2022/sol-math-10-mun-mosobl-22-23.pdf,http://tasks.olimpiada.ru/upload/files/tasks/72/2022/sol-math-10-mun-mosobl-22-23.pdf,https://olimpiada.ru/activity/72/tasks/2022?class=10,,text
8f1512acde1e77,vsosh,municipal,2022,2023,2022/2023,Красноярский край,[],[10],tasks,archive_mirror,archive/vsosh/municipal/2022-2023/kryar/8f1512acde1e77_tasks-math-10-mun-kryar-22-23.pdf,81ac2a0e84efcf4cfd41dc924bfb0d9cff11d72b928ee70b9ea3a2dcd5af5e84,306440,2026-10-01T06:43:33.987034+00:00,https://tasks.olimpiada.ru/upload/files/tasks/72/2022/tasks-math-10-mun-kryar-22-23.pdf,http://tasks.olimpiada.ru/upload/files/tasks/72/2022/tasks-math-10-mun-kryar-22-23.pdf,https://olimpiada.ru/activity/72/tasks/2022?class=10,,text
3bde08bb41cf40,vsosh,municipal,2022,2023,2022/2023,Красноярский край,[],[10],solutions,archive_mirror,archive/vsosh/municipal/2022-2023/kryar/3bde08bb41cf40_sol-math-10-mun-kryar-22-23.pdf,2c741eec99267e9df4f1a51710fa715319d3226b5afb57881f354c6ef670c909,504605,2026-10-01T06:43:34.261200+00:00,https://tasks.olimpiada.ru/upload/files/tasks/72/2022/sol-math-10-mun-kryar-22-23.pdf,http://tasks.olimpiada.ru/upload/files/tasks/72/2022/sol-math-10-mun-kryar-22-23.pdf,https://olimpiada.ru/activity/72/tasks/2022?class=10,,text
386bc328e7f679,vsosh,municipal,2022,2023,2022/2023,Омская область,[],[10],tasks,archive_mirror,archive/vsosh/municipal/2022-2023/omsk/386bc328e7f679_tasks-math-10-mun-omsk-22-23.pdf,658671a5c7cbd9112a1d5c5936249139654900896761b2f9b0413ae26f8d89cc,316955,2026-10-01T06:48:34.964759+00:00,https://tasks.olimpiada.ru/upload/files/tasks/72/2022/tasks-math-10-mun-omsk-22-23.pdf,http://tasks.olimpiada.ru/upload/files/tasks/72/2022/tasks-math-10-mun-omsk-22-23.pdf,https://olimpiada.ru/activity/72/tasks/2022?class=10,,text
99f96d37230542,vsosh,municipal,2022,2023,2022/2023,Омская область,[],[10],solutions,archive_mirror,archive/vsosh/municipal/2022-2023/omsk/99f96d37230542_sol-math-10-mun-omsk-22-23.pdf,9d9a8f569f4d6032afb9207dce999c0169ed3f2a6e6cdb35bae5bfd92f564ef7,356932,2026-10-01T06:48:19.196270+00:00,https://tasks.olimpiada.ru/upload/files/tasks/72/2022/sol-math-10-mun-omsk-22-23.pdf,http://tasks.olimpiada.ru/upload/files/tasks/72/2022/sol-math-10-mun-omsk-22-23.pdf,https://olimpiada.ru/activity/72/tasks/2022?class=10,,text
eb9c61b35c453e,vsosh,municipal,2024,2025,2024/2025,Москва,[],[10],tasks,organizer,archive/vsosh/municipal/2024-2025/moscow/eb9c61b35c453e_tasks-math-10-mun-msk-24-25.pdf,14c9aebf436d3303d0f1a47a685497d4f41703880aaf3219619fc9075bef1693,160633,2026-10-01T06:37:41.412936+00:00,https://всош.цпм.рф/upload/files/Arhive_tasks/2024-25/mun/math/tasks-math-10-mun-msk-24-25.pdf,https://xn--b1ayi3a.xn--l1afu.xn--p1ai/upload/files/Arhive_tasks/2024-25/mun/math/tasks-math-10-mun-msk-24-25.pdf,https://olimpiada.ru/activity/72/tasks/2024?class=10,,text
49846121226ccf,vsosh,municipal,2024,2025,2024/2025,Москва,[],[10],solutions,organizer,archive/vsosh/municipal/2024-2025/moscow/49846121226ccf_sol-math-10-mun-msk-24-25.pdf,3ebfe0d3270d0e95d634555851e9de12073b710c9467a7304dfed258bfc76ca3,184328,2026-10-01T06:37:41.486459+00:00,https://всош.цпм.рф/upload/files/Arhive_tasks/2024-25/mun/math/sol-math-10-mun-msk-24-25.pdf,https://xn--b1ayi3a.xn--l1afu.xn--p1ai/upload/files/Arhive_tasks/2024-25/mun/math/sol-math-10-mun-msk-24-25.pdf,https://olimpiada.ru/activity/72/tasks/2024?class=10,,text
9c12f0baaac649,vsosh,municipal,2024,2025,2024/2025,Кировская область,[],[10],tasks,archive_mirror,archive/vsosh/municipal/2024-2025/kirov/9c12f0baaac649_tasks-math-10-mun-kirov-24-25.pdf,9310f234a6d809aede3b40514e77e2ee59ea21427317988c1e9139f8462d81ea,856810,2026-10-01T06:48:20.270846+00:00,https://tasks.olimpiada.ru/upload/files/tasks/72/2024/tasks-math-10-mun-kirov-24-25.pdf,http://tasks.olimpiada.ru/upload/files/tasks/72/2024/tasks-math-10-mun-kirov-24-25.pdf,https://olimpiada.ru/activity/72/tasks/2024?class=10,,text
b3c7f6d5636f3a,vsosh,municipal,2024,2025,2024/2025,Кировская область,[],[10],solutions,archive_mirror,archive/vsosh/municipal/2024-2025/kirov/b3c7f6d5636f3a_sol-math-10-mun-kirov-24-25.pdf,2ef67ae9ac99ffd3319108d700aae9c0821427a8a10b45fad7cbdd84d13d9db7,1147407,2026-10-01T06:43:36.496743+00:00,https://tasks.olimpiada.ru/upload/files/tasks/72/2024/sol-math-10-mun-kirov-24-25.pdf,http://tasks.olimpiada.ru/upload/files/tasks/72/2024/sol-math-10-mun-kirov-24-25.pdf,https://olimpiada.ru/activity/72/tasks/2024?class=10,,text
9452241cda130d,vsosh,municipal,2024,2025,2024/2025,Свердловская область,[],[10],tasks,archive_mirror,archive/vsosh/municipal/2024-2025/sverd/9452241cda130d_tasks-math-10-mun-sverd-24-25.pdf,5ba3365f08dfa71d5a282a9cf52f3091d59cdcbedbb9a98b0b57d07abefeb767,173242,2026-10-01T06:48:20.068479+00:00,https://tasks.olimpiada.ru/upload/files/tasks/72/2024/tasks-math-10-mun-sverd-24-25.pdf,http://tasks.olimpiada.ru/upload/files/tasks/72/2024/tasks-math-10-mun-sverd-24-25.pdf,https://olimpiada.ru/activity/72/tasks/2024?class=10,,text
de59703e976177,vsosh,municipal,2024,2025,2024/2025,Свердловская область,[],[10],solutions,archive_mirror,archive/vsosh/municipal/2024-2025/sverd/de59703e976177_sol-math-10-mun-sverd-24-25.pdf,84dc35c39274f3c6409f85e35b186a51bb79dd22f5304dbdf438b5e0fa58792c,378460,2026-10-01T06:48:37.169732+00:00,https://tasks.olimpiada.ru/upload/files/tasks/72/2024/sol-math-10-mun-sverd-24-25.pdf,http://tasks.olimpiada.ru/upload/files/tasks/72/2024/sol-math-10-mun-sverd-24-25.pdf,https://olimpiada.ru/activity/72/tasks/2024?class=10,,text
3fa2cdcbf302ef,vsosh,municipal,2024,2025,2024/2025,Калужская область,[],[10],tasks,archive_mirror,archive/vsosh/municipal/2024-2025/kaluga/3fa2cdcbf302ef_tasks-math-10-mun-kaluga-24-25.pdf,e902b5b933a56043281b36ee3b74d0f8b81c39f923b53c16e6b9523e430ae24f,216207,2026-10-01T06:44:08.680789+00:00,https://tasks.olimpiada.ru/upload/files/tasks/72/2024/tasks-math-10-mun-kaluga-24-25.pdf,http://tasks.olimpiada.ru/upload/files/tasks/72/2024/tasks-math-10-mun-kaluga-24-25.pdf,https://olimpiada.ru/activity/72/tasks/2024?class=10,,text
07cca5af01fb76,vsosh,municipal,2024,2025,2024/2025,Калужская область,[],[10],solutions,archive_mirror,archive/vsosh/municipal/2024-2025/kaluga/07cca5af01fb76_sol-math-10-mun-kaluga-24-25.pdf,483cf5a9186e23ee8f1da7dca20b274a44ab1ffd66932c06ec0414a5694ca9a8,275424,2026-10-01T06:48:21.270235+00:00,https://tasks.olimpiada.ru/upload/files/tasks/72/2024/sol-math-10-mun-kaluga-24-25.pdf,http://tasks.olimpiada.ru/upload/files/tasks/72/2024/sol-math-10-mun-kaluga-24-25.pdf,https://olimpiada.ru/activity/72/tasks/2024?class=10,,text
ea0fc8d08667ac,vsosh,municipal,2024,2025,2024/2025,Республика Татарстан,[],[10],tasks,archive_mirror,archive/vsosh/municipal/2024-2025/tat/ea0fc8d08667ac_tasks-math-10-mun-tat-24-25.pdf,c9ca8da9fb049470a57bc609f4c03991dde8cb504d29f64b076d4e75fc22a288,407888,2026-10-01T06:48:22.348975+00:00,https://tasks.olimpiada.ru/upload/files/tasks/72/2024/tasks-math-10-mun-tat-24-25.pdf,http://tasks.olimpiada.ru/upload/files/tasks/72/2024/tasks-math-10-mun-tat-24-25.pdf,https://olimpiada.ru/activity/72/tasks/2024?class=10,,text
959487b69c5dcf,vsosh,municipal,2024,2025,2024/2025,Республика Татарстан,[],[10],solutions,archive_mirror,archive/vsosh/municipal/2024-2025/tat/959487b69c5dcf_sol-math-10-mun-tat-24-25.pdf,1a9accbf6e13e1b35c62b7a96c87a9643d8c0b224198b2266f3f9b501527ab0a,147440,2026-10-01T06:48:23.308752+00:00,https://tasks.olimpiada.ru/upload/files/tasks/72/2024/sol-math-10-mun-tat-24-25.pdf,http://tasks.olimpiada.ru/upload/files/tasks/72/2024/sol-math-10-mun-tat-24-25.pdf,https://olimpiada.ru/activity/72/tasks/2024?class=10,,text
3d0d94fa8ff5d2,vsosh,municipal,2024,2025,2024/2025,Республика Хакасия,[],[10],tasks,archive_mirror,archive/vsosh/municipal/2024-2025/xakas/3d0d94fa8ff5d2_tasks-math-10-mun-xakas-24-25.pdf,00ab985b5f294b8d1693f45bf76ee2213409de7ffd42a332dace42e361c0906e,205676,2026-10-01T06:44:22.730245+00:00,https://tasks.olimpiada.ru/upload/files/tasks/72/2024/tasks-math-10-mun-xakas-24-25.pdf,http://tasks.olimpiada.ru/upload/files/tasks/72/2024/tasks-math-10-mun-xakas-24-25.pdf,https://olimpiada.ru/activity/72/tasks/2024?class=10,,text
14d88948ed2900,vsosh,municipal,2024,2025,2024/2025,Республика Хакасия,[],[10],solutions,archive_mirror,archive/vsosh/municipal/2024-2025/xakas/14d88948ed2900_sol-math-10-mun-xakas-24-25.pdf,18f12030ba2c5f4da7084b21da66678b8b6eb489430fac13a16fed866f55290d,431507,2026-10-01T06:44:32.388105+00:00,https://tasks.olimpiada.ru/upload/files/tasks/72/2024/sol-math-10-mun-xakas-24-25.pdf,http://tasks.olimpiada.ru/upload/files/tasks/72/2024/sol-math-10-mun-xakas-24-25.pdf,https://olimpiada.ru/activity/72/tasks/2024?class=10,,text
0e9db5a535d018,vsosh,municipal,2024,2025,2024/2025,Курская область,[],[10],tasks,archive_mirror,archive/vsosh/municipal/2024-2025/kursk/0e9db5a535d018_tasks-math-10-mun-kursk-24-25.pdf,f20876394a23725e24fa875a5b5a1b3db70221e757d62b0fbb542967c21c58ea,379441,2026-10-01T06:44:26.659013+00:00,https://tasks.olimpiada.ru/upload/files/tasks/72/2024/tasks-math-10-mun-kursk-24-25.pdf,http://tasks.olimpiada.ru/upload/files/tasks/72/2024/tasks-math-10-mun-kursk-24-25.pdf,https://olimpiada.ru/activity/72/tasks/2024?class=10,,text
5051732ee4dfb2,vsosh,municipal,2024,2025,2024/2025,Курская область,[],[10],solutions,archive_mirror,archive/vsosh/municipal/2024-2025/kursk/5051732ee4dfb2_sol-math-10-mun-kursk-24-25.pdf,66d8b7147c95fe5b440fe67087fb5adfd97a5c598d063ac97dcfb531187f79a1,598927,2026-10-01T06:44:25.046476+00:00,https://tasks.olimpiada.ru/upload/files/tasks/72/2024/sol-math-10-mun-kursk-24-25.pdf,http://tasks.olimpiada.ru/upload/files/tasks/72/2024/sol-math-10-mun-kursk-24-25.pdf,https://olimpiada.ru/activity/72/tasks/2024?class=10,,text
e5a2a3a4ce6e42,vsosh,municipal,2024,2025,2024/2025,Оренбургская область,[],[10],tasks,archive_mirror,archive/vsosh/municipal/2024-2025/orenb/e5a2a3a4ce6e42_tasks-math-10-mun-orenb-24-25.pdf,dd01694f0b47b76ff089e05f9ca7efa21f307f413b76d44265dd2f55aa17fd7f,496958,2026-10-01T06:48:40.498642+00:00,https://tasks.olimpiada.ru/upload/files/tasks/72/2024/tasks-math-10-mun-orenb-24-25.pdf,http://tasks.olimpiada.ru/upload/files/tasks/72/2024/tasks-math-10-mun-orenb-24-25.pdf,https://olimpiada.ru/activity/72/tasks/2024?class=10,,text
f4444d90a98c3d,vsosh,municipal,2024,2025,2024/2025,Оренбургская область,[],[10],solutions,archive_mirror,archive/vsosh/municipal/2024-2025/orenb/f4444d90a98c3d_sol-math-10-mun-orenb-24-25.pdf,0d4755e94cd1af8b62c38de2cdc04d72e93a369d6170f9a4407d9bc2ae80de7c,882388,2026-10-01T06:44:42.198759+00:00,https://tasks.olimpiada.ru/upload/files/tasks/72/2024/sol-math-10-mun-orenb-24-25.pdf,http://tasks.olimpiada.ru/upload/files/tasks/72/2024/sol-math-10-mun-orenb-24-25.pdf,https://olimpiada.ru/activity/72/tasks/2024?class=10,,text
70b7fa5fea7a1f,vsosh,municipal,2024,2025,2024/2025,Кемеровская область,[],[10],tasks,archive_mirror,archive/vsosh/municipal/2024-2025/kem/70b7fa5fea7a1f_tasks-math-10-mun-kem-24-25.pdf,6133bebedaa2cadac3b2710456d002bf99dffad284a1c8b7bc8ccbbd1a0a68f1,430873,2026-10-01T06:44:34.921236+00:00,https://tasks.olimpiada.ru/upload/files/tasks/72/2024/tasks-math-10-mun-kem-24-25.pdf,http://tasks.olimpiada.ru/upload/files/tasks/72/2024/tasks-math-10-mun-kem-24-25.pdf,https://olimpiada.ru/activity/72/tasks/2024?class=10,,text
4e23d55519110b,vsosh,municipal,2024,2025,2024/2025,Кемеровская область,[],[10],solutions,archive_mirror,archive/vsosh/municipal/2024-2025/kem/4e23d55519110b_sol-math-10-mun-kem-24-25.pdf,0987c9cc703b25e5556cb9e51ceac4fd6f160941d19cc4c24f34f2a739d2d89d,446328,2026-10-01T06:48:36.077565+00:00,https://tasks.olimpiada.ru/upload/files/tasks/72/2024/sol-math-10-mun-kem-24-25.pdf,http://tasks.olimpiada.ru/upload/files/tasks/72/2024/sol-math-10-mun-kem-24-25.pdf,https://olimpiada.ru/activity/72/tasks/2024?class=10,,text
e799e83cff09fa,vsosh,municipal,2024,2025,2024/2025,Владимирская область,[],[10],tasks,archive_mirror,archive/vsosh/municipal/2024-2025/vladimir/e799e83cff09fa_tasks-math-10-mun-vladimir-24-25.pdf,14d008826a1fb18859c9a6bf76baa811d0756cffad15fb095531eb4d069970bb,570017,2026-10-01T06:44:30.840466+00:00,https://tasks.olimpiada.ru/upload/files/tasks/72/2024/tasks-math-10-mun-vladimir-24-25.pdf,http://tasks.olimpiada.ru/upload/files/tasks/72/2024/tasks-math-10-mun-vladimir-24-25.pdf,https://olimpiada.ru/activity/72/tasks/2024?class=10,,text
29b2f069351c57,vsosh,municipal,2024,2025,2024/2025,Владимирская область,[],[10],solutions,archive_mirror,archive/vsosh/municipal/2024-2025/vladimir/29b2f069351c57_sol-math-10-mun-vladimir-24-25.pdf,a423648af5641e2732af4a83e28c0d5a1fc2a66ab66c1b9258e032e55d993577,406749,2026-10-01T06:44:30.888031+00:00,https://tasks.olimpiada.ru/upload/files/tasks/72/2024/sol-math-10-mun-vladimir-24-25.pdf,http://tasks.olimpiada.ru/upload/files/tasks/72/2024/sol-math-10-mun-vladimir-24-25.pdf,https://olimpiada.ru/activity/72/tasks/2024?class=10,,text
0181a68c785607,vsosh,municipal,2024,2025,2024/2025,Ленинградская область,[],[10],tasks,archive_mirror,archive/vsosh/municipal/2024-2025/lenobl/0181a68c785607_tasks-math-10-mun-lenobl-24-25.pdf,dd816e3effdc4c190b8243bec1e0aa3593b5ef9db1533446f5ef7eae582d1e2a,221363,2026-10-01T06:48:36.982447+00:00,https://tasks.olimpiada.ru/upload/files/tasks/72/2024/tasks-math-10-mun-lenobl-24-25.pdf,http://tasks.olimpiada.ru/upload/files/tasks/72/2024/tasks-math-10-mun-lenobl-24-25.pdf,https://olimpiada.ru/activity/72/tasks/2024?class=10,,text
e6cb2ddfa7609e,vsosh,municipal,2024,2025,2024/2025,Ленинградская область,[],[10],solutions,archive_mirror,archive/vsosh/municipal/2024-2025/lenobl/e6cb2ddfa7609e_sol-math-10-mun-lenobl-24-25.pdf,395b3ab91af063fcd56fc70d78cf27eb01c50c6927f7fb799e6fb181fabe1ec4,340380,2026-10-01T06:44:34.171231+00:00,https://tasks.olimpiada.ru/upload/files/tasks/72/2024/sol-math-10-mun-lenobl-24-25.pdf,http://tasks.olimpiada.ru/upload/files/tasks/72/2024/sol-math-10-mun-lenobl-24-25.pdf,https://olimpiada.ru/activity/72/tasks/2024?class=10,,text
42bbe4498349a1,vsosh,municipal,2024,2025,2024/2025,Новгородская область,[],[10],tasks,archive_mirror,archive/vsosh/municipal/2024-2025/novgorod/42bbe4498349a1_tasks-math-10-mun-novgorod-24-25.pdf,8e6a81ee49a665ce8f49b09b15bb5d52d2e89a1cdd18f6f5ba07e86b97320bd3,674952,2026-10-01T06:44:36.702181+00:00,https://tasks.olimpiada.ru/upload/files/tasks/72/2024/tasks-math-10-mun-novgorod-24-25.pdf,http://tasks.olimpiada.ru/upload/files/tasks/72/2024/tasks-math-10-mun-novgorod-24-25.pdf,https://olimpiada.ru/activity/72/tasks/2024?class=10,,text
433614e4e63c1b,vsosh,municipal,2024,2025,2024/2025,Новгородская область,[],[10],solutions,archive_mirror,archive/vsosh/municipal/2024-2025/novgorod/433614e4e63c1b_sol-math-10-mun-novgorod-24-25.pdf,2180b326b71e92cdf92f02e74e652d9bcae0eaff5f1336175702ac8dd0f8d77f,446758,2026-10-01T06:44:45.473721+00:00,https://tasks.olimpiada.ru/upload/files/tasks/72/2024/sol-math-10-mun-novgorod-24-25.pdf,http://tasks.olimpiada.ru/upload/files/tasks/72/2024/sol-math-10-mun-novgorod-24-25.pdf,https://olimpiada.ru/activity/72/tasks/2024?class=10,,text
537350e79b27b8,vsosh,municipal,2024,2025,2024/2025,Архангельская область,[],[10],tasks,archive_mirror,archive/vsosh/municipal/2024-2025/arh/537350e79b27b8_tasks-math-10-mun-arh-24-25.pdf,48180b6c308b2a586ecc8d88d7d6e323e01990cb7a82c53e8bcc77b031a73a4c,571016,2026-10-01T06:44:53.418247+00:00,https://tasks.olimpiada.ru/upload/files/tasks/72/2024/tasks-math-10-mun-arh-24-25.pdf,http://tasks.olimpiada.ru/upload/files/tasks/72/2024/tasks-math-10-mun-arh-24-25.pdf,https://olimpiada.ru/activity/72/tasks/2024?class=10,,text
1e8094a9514c1e,vsosh,municipal,2024,2025,2024/2025,Архангельская область,[],[10],solutions,archive_mirror,archive/vsosh/municipal/2024-2025/arh/1e8094a9514c1e_sol-math-10-mun-arh-24-25.pdf,626bb5fc61117330e609f1122497cae3c3de68a8b3ebac0615e08079883bff7f,642981,2026-10-01T06:44:35.969702+00:00,https://tasks.olimpiada.ru/upload/files/tasks/72/2024/sol-math-10-mun-arh-24-25.pdf,http://tasks.olimpiada.ru/upload/files/tasks/72/2024/sol-math-10-mun-arh-24-25.pdf,https://olimpiada.ru/activity/72/tasks/2024?class=10,,text
332ea656a5de98,vsosh,municipal,2024,2025,2024/2025,Чукотский автономный округ,[],[10],tasks,archive_mirror,archive/vsosh/municipal/2024-2025/chuk/332ea656a5de98_tasks-math-10-mun-chuk-24-25.pdf,be40ca020f9f75159c22bb7a811fdb70555bef49440aa952df521e1267c3c380,89079,2026-10-01T06:44:44.030365+00:00,https://tasks.olimpiada.ru/upload/files/tasks/72/2024/tasks-math-10-mun-chuk-24-25.pdf,http://tasks.olimpiada.ru/upload/files/tasks/72/2024/tasks-math-10-mun-chuk-24-25.pdf,https://olimpiada.ru/activity/72/tasks/2024?class=10,,text
7d1fda30b40ef5,vsosh,municipal,2024,2025,2024/2025,Чукотский автономный округ,[],[10],solutions,archive_mirror,archive/vsosh/municipal/2024-2025/chuk/7d1fda30b40ef5_sol-math-10-mun-chuk-24-25.pdf,1150d6b9b7e76b2bafe90164586c71177eca918449a6c3dac5cf695e4c249922,128451,2026-10-01T06:44:55.970226+00:00,https://tasks.olimpiada.ru/upload/files/tasks/72/2024/sol-math-10-mun-chuk-24-25.pdf,http://tasks.olimpiada.ru/upload/files/tasks/72/2024/sol-math-10-mun-chuk-24-25.pdf,https://olimpiada.ru/activity/72/tasks/2024?class=10,,text
7e196d332499b0,vsosh,municipal,2024,2025,2024/2025,Донецкая Народная Республика,[],[10],tasks,archive_mirror,archive/vsosh/municipal/2024-2025/dnr/7e196d332499b0_tasks-math-10-mun-dnr-24-25.pdf,14c9aebf436d3303d0f1a47a685497d4f41703880aaf3219619fc9075bef1693,160633,2026-10-01T06:44:43.744810+00:00,https://tasks.olimpiada.ru/upload/files/tasks/72/2024/tasks-math-10-mun-dnr-24-25.pdf,http://tasks.olimpiada.ru/upload/files/tasks/72/2024/tasks-math-10-mun-dnr-24-25.pdf,https://olimpiada.ru/activity/72/tasks/2024?class=10,,text
05d33ab6fd2d84,vsosh,municipal,2024,2025,2024/2025,Донецкая Народная Республика,[],[10],solutions,archive_mirror,archive/vsosh/municipal/2024-2025/dnr/05d33ab6fd2d84_sol-math-10-mun-dnr-24-25.pdf,3ebfe0d3270d0e95d634555851e9de12073b710c9467a7304dfed258bfc76ca3,184328,2026-10-01T06:45:00.222097+00:00,https://tasks.olimpiada.ru/upload/files/tasks/72/2024/sol-math-10-mun-dnr-24-25.pdf,http://tasks.olimpiada.ru/upload/files/tasks/72/2024/sol-math-10-mun-dnr-24-25.pdf,https://olimpiada.ru/activity/72/tasks/2024?class=10,,text
1e7abb0ccd5518,vsosh,municipal,2024,2025,2024/2025,Пермский край,[],[10],tasks,archive_mirror,archive/vsosh/municipal/2024-2025/perm/1e7abb0ccd5518_tasks-math-10-mun-perm-24-25.pdf,ab28e3a5366b33e2124e4ce2fbb2d4a8406019d314b0e9542085af50d7b2f44f,196623,2026-10-01T06:44:55.877366+00:00,https://tasks.olimpiada.ru/upload/files/tasks/72/2024/tasks-math-10-mun-perm-24-25.pdf,http://tasks.olimpiada.ru/upload/files/tasks/72/2024/tasks-math-10-mun-perm-24-25.pdf,https://olimpiada.ru/activity/72/tasks/2024?class=10,,text
1c684b52ef744b,vsosh,municipal,2024,2025,2024/2025,Пермский край,[],[10],solutions,archive_mirror,archive/vsosh/municipal/2024-2025/perm/1c684b52ef744b_sol-math-10-mun-perm-24-25.pdf,74d31db5dd5fafa863966216d4692c4de4cf4ca9f3488ef72a882b6e348adabf,866658,2026-10-01T06:44:56.537179+00:00,https://tasks.olimpiada.ru/upload/files/tasks/72/2024/sol-math-10-mun-perm-24-25.pdf,http://tasks.olimpiada.ru/upload/files/tasks/72/2024/sol-math-10-mun-perm-24-25.pdf,https://olimpiada.ru/activity/72/tasks/2024?class=10,,text
bb1bbed4f40725,vsosh,municipal,2024,2025,2024/2025,Костромская область,[],[10],tasks,archive_mirror,archive/vsosh/municipal/2024-2025/kostroma/bb1bbed4f40725_tasks-math-10-mun-kostroma-24-25.pdf,2edeb6a27f9b112bb6059f5194f1a29f50595c5aa507cdc0924c4f47d87266ad,32884,2026-10-01T06:45:02.279618+00:00,https://tasks.olimpiada.ru/upload/files/tasks/72/2024/tasks-math-10-mun-kostroma-24-25.pdf,http://tasks.olimpiada.ru/upload/files/tasks/72/2024/tasks-math-10-mun-kostroma-24-25.pdf,https://olimpiada.ru/activity/72/tasks/2024?class=10,,text
05ec1c73f66157,vsosh,municipal,2024,2025,2024/2025,Костромская область,[],[10],solutions,archive_mirror,archive/vsosh/municipal/2024-2025/kostroma/05ec1c73f66157_sol-math-10-mun-kostroma-24-25.pdf,1c0ff67ca1263b875e96d273f1ca3d60785cc7757368316138abcda048c9f52b,466891,2026-10-01T06:44:59.617639+00:00,https://tasks.olimpiada.ru/upload/files/tasks/72/2024/sol-math-10-mun-kostroma-24-25.pdf,http://tasks.olimpiada.ru/upload/files/tasks/72/2024/sol-math-10-mun-kostroma-24-25.pdf,https://olimpiada.ru/activity/72/tasks/2024?class=10,,text
2794768e4e0485,vsosh,municipal,2024,2025,2024/2025,Белгородская область,[],[10],tasks,archive_mirror,archive/vsosh/municipal/2024-2025/belgor/2794768e4e0485_tasks-math-10-mun-belgor-24-25.pdf,f3c34e1d88f8ecafd41f079c21d9f041fab43403381b1a9376f4908ca35f9f19,378211,2026-10-01T06:45:00.256593+00:00,https://tasks.olimpiada.ru/upload/files/tasks/72/2024/tasks-math-10-mun-belgor-24-25.pdf,http://tasks.olimpiada.ru/upload/files/tasks/72/2024/tasks-math-10-mun-belgor-24-25.pdf,https://olimpiada.ru/activity/72/tasks/2024?class=10,,text
afe6e58e7d0cc2,vsosh,municipal,2024,2025,2024/2025,Белгородская область,[],[10],solutions,archive_mirror,archive/vsosh/municipal/2024-2025/belgor/afe6e58e7d0cc2_sol-math-10-mun-belgor-24-25.pdf,eb3036fb5c5f49a85e6908c587ad434c86b50a39cf3f7ed91d6899c648a43dd7,425258,2026-10-01T06:45:14.002198+00:00,https://tasks.olimpiada.ru/upload/files/tasks/72/2024/sol-math-10-mun-belgor-24-25.pdf,http://tasks.olimpiada.ru/upload/files/tasks/72/2024/sol-math-10-mun-belgor-24-25.pdf,https://olimpiada.ru/activity/72/tasks/2024?class=10,,text
8736b131ec342f,vsosh,municipal,2024,2025,2024/2025,Республика Марий Эл,[],[10],tasks,archive_mirror,archive/vsosh/municipal/2024-2025/ml/8736b131ec342f_tasks-math-10-mun-ml-24-25.pdf,faa2bb8df8d753dd281b4bb5e0b4798c6de61a6cc969be1045ca5bb8a05b45f3,323253,2026-10-01T06:45:14.008123+00:00,https://tasks.olimpiada.ru/upload/files/tasks/72/2024/tasks-math-10-mun-ml-24-25.pdf,http://tasks.olimpiada.ru/upload/files/tasks/72/2024/tasks-math-10-mun-ml-24-25.pdf,https://olimpiada.ru/activity/72/tasks/2024?class=10,,text
18eed084b3c736,vsosh,municipal,2024,2025,2024/2025,Республика Марий Эл,[],[10],solutions,archive_mirror,archive/vsosh/municipal/2024-2025/ml/18eed084b3c736_sol-math-10-mun-ml-24-25.pdf,3fa4e45d258d38b0e45e10331e9918a94040141db7ce6a1cc995c935c44c21dd,1234212,2026-10-01T06:45:09.019846+00:00,https://tasks.olimpiada.ru/upload/files/tasks/72/2024/sol-math-10-mun-ml-24-25.pdf,http://tasks.olimpiada.ru/upload/files/tasks/72/2024/sol-math-10-mun-ml-24-25.pdf,https://olimpiada.ru/activity/72/tasks/2024?class=10,,text
5e47bfd916e4fe,vsosh,municipal,2024,2025,2024/2025,Омская область,[],[10],tasks,archive_mirror,archive/vsosh/municipal/2024-2025/omsk/5e47bfd916e4fe_tasks-math-10-mun-omsk-24-25.pdf,4ff9c139576b4c2f87421bd999d5ed3f2fd85ca4a89ebf0afbe4b162e30f6dc2,161508,2026-10-01T06:45:11.787184+00:00,https://tasks.olimpiada.ru/upload/files/tasks/72/2024/tasks-math-10-mun-omsk-24-25.pdf,http://tasks.olimpiada.ru/upload/files/tasks/72/2024/tasks-math-10-mun-omsk-24-25.pdf,https://olimpiada.ru/activity/72/tasks/2024?class=10,,text
4833216a295844,vsosh,municipal,2024,2025,2024/2025,Омская область,[],[10],solutions,archive_mirror,archive/vsosh/municipal/2024-2025/omsk/4833216a295844_sol-math-10-mun-omsk-24-25.pdf,e632f08814d86cf2a6412c7b8c27282f3d0a57cd295fdef9f1dd29cc0b7063cf,184637,2026-10-01T06:45:08.454450+00:00,https://tasks.olimpiada.ru/upload/files/tasks/72/2024/sol-math-10-mun-omsk-24-25.pdf,http://tasks.olimpiada.ru/upload/files/tasks/72/2024/sol-math-10-mun-omsk-24-25.pdf,https://olimpiada.ru/activity/72/tasks/2024?class=10,,text
749c6ca218bac8,vsosh,municipal,2024,2025,2024/2025,Красноярский край,[],[10],tasks,archive_mirror,archive/vsosh/municipal/2024-2025/kryar/749c6ca218bac8_tasks-math-10-mun-kryar-24-25.pdf,4bd6159064b7818e385238596b10f14859c869f531e95333537c3901f91cf516,353900,2026-10-01T06:45:02.320612+00:00,https://tasks.olimpiada.ru/upload/files/tasks/72/2024/tasks-math-10-mun-kryar-24-25.pdf,http://tasks.olimpiada.ru/upload/files/tasks/72/2024/tasks-math-10-mun-kryar-24-25.pdf,https://olimpiada.ru/activity/72/tasks/2024?class=10,,text
9b96c66cefdf6d,vsosh,municipal,2024,2025,2024/2025,Красноярский край,[],[10],solutions,archive_mirror,archive/vsosh/municipal/2024-2025/kryar/9b96c66cefdf6d_sol-math-10-mun-kryar-24-25.pdf,bebe4296ad7fded9db6ee2ed43df6ba28d6d3db84521d0a8bd7b474f69246da4,529115,2026-10-01T06:45:20.917378+00:00,https://tasks.olimpiada.ru/upload/files/tasks/72/2024/sol-math-10-mun-kryar-24-25.pdf,http://tasks.olimpiada.ru/upload/files/tasks/72/2024/sol-math-10-mun-kryar-24-25.pdf,https://olimpiada.ru/activity/72/tasks/2024?class=10,,text
e51a4fe3c8d473,vsosh,municipal,2024,2025,2024/2025,Брянская область,[],[10],tasks,archive_mirror,archive/vsosh/municipal/2024-2025/bryansk/e51a4fe3c8d473_tasks-math-10-mun-bryansk-24-25.pdf,ca342ca524111023bd382340470a7673c3fb48e00401a99c7acc925a7433fbd2,692577,2026-10-01T06:45:04.377583+00:00,https://tasks.olimpiada.ru/upload/files/tasks/72/2024/tasks-math-10-mun-bryansk-24-25.pdf,http://tasks.olimpiada.ru/upload/files/tasks/72/2024/tasks-math-10-mun-bryansk-24-25.pdf,https://olimpiada.ru/activity/72/tasks/2024?class=10,,text
53aa15af63d20f,vsosh,municipal,2024,2025,2024/2025,Брянская область,[],[10],solutions,archive_mirror,archive/vsosh/municipal/2024-2025/bryansk/53aa15af63d20f_sol-math-10-mun-bryansk-24-25.pdf,2801ff19551d80457f1216f9f9ae2308d505e08274da2357b1187dc88df35422,778004,2026-10-01T06:45:06.868223+00:00,https://tasks.olimpiada.ru/upload/files/tasks/72/2024/sol-math-10-mun-bryansk-24-25.pdf,http://tasks.olimpiada.ru/upload/files/tasks/72/2024/sol-math-10-mun-bryansk-24-25.pdf,https://olimpiada.ru/activity/72/tasks/2024?class=10,,text
e435e3fa315b93,vsosh,municipal,2024,2025,2024/2025,Нижегородская область,[],[10],tasks,archive_mirror,archive/vsosh/municipal/2024-2025/nn/e435e3fa315b93_tasks-math-10-mun-nn-24-25.pdf,ba60cdd7d4bbc5772ca0682d1620b099cf9385b90b9817827c2f3913dc567740,475414,2026-10-01T06:45:07.494446+00:00,https://tasks.olimpiada.ru/upload/files/tasks/72/2024/tasks-math-10-mun-nn-24-25.pdf,http://tasks.olimpiada.ru/upload/files/tasks/72/2024/tasks-math-10-mun-nn-24-25.pdf,https://olimpiada.ru/activity/72/tasks/2024?class=10,,text
d49a25e1598f38,vsosh,municipal,2024,2025,2024/2025,Нижегородская область,[],[10],solutions,archive_mirror,archive/vsosh/municipal/2024-2025/nn/d49a25e1598f38_sol-math-10-mun-nn-24-25.pdf,12e17656df7d7f23d0feefa051fc9637f89b365b2f67ef5adb6936148fa53515,1516303,2026-10-01T06:45:11.429073+00:00,https://tasks.olimpiada.ru/upload/files/tasks/72/2024/sol-math-10-mun-nn-24-25.pdf,http://tasks.olimpiada.ru/upload/files/tasks/72/2024/sol-math-10-mun-nn-24-25.pdf,https://olimpiada.ru/activity/72/tasks/2024?class=10,,text
254acbff4d2b44,vsosh,municipal,2024,2025,2024/2025,Удмуртская Республика,[],[10],tasks,archive_mirror,archive/vsosh/municipal/2024-2025/udmurt/254acbff4d2b44_tasks-math-10-mun-udmurt-24-25.pdf,d7a1faafb57eb71a095b7a8465109b70771777fce2083b395f443f98829b0f7c,108712,2026-10-01T06:45:08.546155+00:00,https://tasks.olimpiada.ru/upload/files/tasks/72/2024/tasks-math-10-mun-udmurt-24-25.pdf,http://tasks.olimpiada.ru/upload/files/tasks/72/2024/tasks-math-10-mun-udmurt-24-25.pdf,https://olimpiada.ru/activity/72/tasks/2024?class=10,,text
7631db597d0ed9,vsosh,municipal,2024,2025,2024/2025,Удмуртская Республика,[],[10],solutions,archive_mirror,archive/vsosh/municipal/2024-2025/udmurt/7631db597d0ed9_sol-math-10-mun-udmurt-24-25.pdf,de9c586030332f975c7e5bef57452735a1a9c98c5bd0313b03cc4e37eeaa57b0,61954,2026-10-01T06:45:10.394962+00:00,https://tasks.olimpiada.ru/upload/files/tasks/72/2024/sol-math-10-mun-udmurt-24-25.pdf,http://tasks.olimpiada.ru/upload/files/tasks/72/2024/sol-math-10-mun-udmurt-24-25.pdf,https://olimpiada.ru/activity/72/tasks/2024?class=10,,text
2cae5d40f36e84,vsosh,municipal,2024,2025,2024/2025,Республика Крым,[],[10],tasks,archive_mirror,archive/vsosh/municipal/2024-2025/crimea/2cae5d40f36e84_tasks-math-10-mun-crimea-24-25.pdf,67b19dcba239888a33c6f28797830713ccd85492664863764bcc6cfa5953b7a1,220347,2026-10-01T06:45:10.635472+00:00,https://tasks.olimpiada.ru/upload/files/tasks/72/2024/tasks-math-10-mun-crimea-24-25.pdf,http://tasks.olimpiada.ru/upload/files/tasks/72/2024/tasks-math-10-mun-crimea-24-25.pdf,https://olimpiada.ru/activity/72/tasks/2024?class=10,,text
b98215dd9f207c,vsosh,municipal,2024,2025,2024/2025,Республика Крым,[],[10],solutions,archive_mirror,archive/vsosh/municipal/2024-2025/crimea/b98215dd9f207c_sol-math-10-mun-crimea-24-25.pdf,a6a591c9578d8768ba8e0967b65243577b4c91872729107022375db1059c7471,1389296,2026-10-01T06:45:11.405372+00:00,https://tasks.olimpiada.ru/upload/files/tasks/72/2024/sol-math-10-mun-crimea-24-25.pdf,http://tasks.olimpiada.ru/upload/files/tasks/72/2024/sol-math-10-mun-crimea-24-25.pdf,https://olimpiada.ru/activity/72/tasks/2024?class=10,,text
6546eec531a1ab,vsosh,municipal,2024,2025,2024/2025,Курганская область,[],[10],tasks,archive_mirror,archive/vsosh/municipal/2024-2025/kurgan/6546eec531a1ab_tasks-math-10-mun-kurgan-24-25.pdf,da78d80164a69ffa5b7e3fd144cb883eb24cffa6835aeeea0a40ee8d1ad46ab7,75723,2026-10-01T06:45:11.187896+00:00,https://tasks.olimpiada.ru/upload/files/tasks/72/2024/tasks-math-10-mun-kurgan-24-25.pdf,http://tasks.olimpiada.ru/upload/files/tasks/72/2024/tasks-math-10-mun-kurgan-24-25.pdf,https://olimpiada.ru/activity/72/tasks/2024?class=10,,text
2379dcecc8f4f9,vsosh,municipal,2024,2025,2024/2025,Курганская область,[],[10],solutions,archive_mirror,archive/vsosh/municipal/2024-2025/kurgan/2379dcecc8f4f9_sol-math-10-mun-kurgan-24-25.pdf,8f0da28e3c21d4b47763a00201e8600112c9e0fbc913ed07d79fd93eb2adc90c,133561,2026-10-01T06:45:27.544935+00:00,https://tasks.olimpiada.ru/upload/files/tasks/72/2024/sol-math-10-mun-kurgan-24-25.pdf,http://tasks.olimpiada.ru/upload/files/tasks/72/2024/sol-math-10-mun-kurgan-24-25.pdf,https://olimpiada.ru/activity/72/tasks/2024?class=10,,text
d427c04db7f103,vsosh,municipal,2024,2025,2024/2025,Новосибирская область,[],[10],tasks,archive_mirror,archive/vsosh/municipal/2024-2025/novosb/d427c04db7f103_tasks-math-10-mun-novosb-24-25.pdf,dca35afbf30d399c73a2e7e4d3cb3d003b51fb7d92f244e23e629d115c338d94,359296,2026-10-01T06:45:12.294013+00:00,https://tasks.olimpiada.ru/upload/files/tasks/72/2024/tasks-math-10-mun-novosb-24-25.pdf,http://tasks.olimpiada.ru/upload/files/tasks/72/2024/tasks-math-10-mun-novosb-24-25.pdf,https://olimpiada.ru/activity/72/tasks/2024?class=10,,text
8d3efff403d159,vsosh,municipal,2024,2025,2024/2025,Новосибирская область,[],[10],solutions,archive_mirror,archive/vsosh/municipal/2024-2025/novosb/8d3efff403d159_sol-math-10-mun-novosb-24-25.pdf,51cf9ef208b34f46cab045bfd79448f91d0816460cfd754f4b40476a3b95e109,167721,2026-10-01T06:45:12.310105+00:00,https://tasks.olimpiada.ru/upload/files/tasks/72/2024/sol-math-10-mun-novosb-24-25.pdf,http://tasks.olimpiada.ru/upload/files/tasks/72/2024/sol-math-10-mun-novosb-24-25.pdf,https://olimpiada.ru/activity/72/tasks/2024?class=10,,text
1e02e79e1ce0cd,vsosh,municipal,2024,2025,2024/2025,Тульская область,[],[10],tasks,archive_mirror,archive/vsosh/municipal/2024-2025/tula/1e02e79e1ce0cd_tasks-math-10-mun-tula-24-25.pdf,0745d9994c9b288bbab4552257f87c81703e4bbf17541197115c7e294f842c50,161944,2026-10-01T06:45:12.407999+00:00,https://tasks.olimpiada.ru/upload/files/tasks/72/2024/tasks-math-10-mun-tula-24-25.pdf,http://tasks.olimpiada.ru/upload/files/tasks/72/2024/tasks-math-10-mun-tula-24-25.pdf,https://olimpiada.ru/activity/72/tasks/2024?class=10,,text
ab3ae19c673f2e,vsosh,municipal,2024,2025,2024/2025,Тульская область,[],[10],solutions,archive_mirror,archive/vsosh/municipal/2024-2025/tula/ab3ae19c673f2e_sol-math-10-mun-tula-24-25.pdf,df74af35330eb2d6a005c277096a82ae8b1406b42bc001da2d0da098e5d43425,313021,2026-10-01T06:45:12.710937+00:00,https://tasks.olimpiada.ru/upload/files/tasks/72/2024/sol-math-10-mun-tula-24-25.pdf,http://tasks.olimpiada.ru/upload/files/tasks/72/2024/sol-math-10-mun-tula-24-25.pdf,https://olimpiada.ru/activity/72/tasks/2024?class=10,,text
032fc6b16e2b56,vsosh,municipal,2024,2025,2024/2025,Камчатский край,[],[10],tasks,archive_mirror,archive/vsosh/municipal/2024-2025/kamchatka/032fc6b16e2b56_tasks-math-10-mun-kamchatka-24-25.pdf,3504480eb0affb7aa5e8af0c55dc0b0d0758ca84c78330acc89ccccb9323f1f0,485602,2026-10-01T06:45:14.607717+00:00,https://tasks.olimpiada.ru/upload/files/tasks/72/2024/tasks-math-10-mun-kamchatka-24-25.pdf,http://tasks.olimpiada.ru/upload/files/tasks/72/2024/tasks-math-10-mun-kamchatka-24-25.pdf,https://olimpiada.ru/activity/72/tasks/2024?class=10,,text
9f8a451f8ad0b1,vsosh,municipal,2024,2025,2024/2025,Камчатский край,[],[10],solutions,archive_mirror,archive/vsosh/municipal/2024-2025/kamchatka/9f8a451f8ad0b1_sol-math-10-mun-kamchatka-24-25.pdf,e8ed3e385d7bf019e03e4e567f4d87140f070f2c726a18e6e490c14563e45286,444355,2026-10-01T06:45:15.393052+00:00,https://tasks.olimpiada.ru/upload/files/tasks/72/2024/sol-math-10-mun-kamchatka-24-25.pdf,http://tasks.olimpiada.ru/upload/files/tasks/72/2024/sol-math-10-mun-kamchatka-24-25.pdf,https://olimpiada.ru/activity/72/tasks/2024?class=10,,text
ac970f5e81a420,vsosh,municipal,2024,2025,2024/2025,Московская область,[],[10],tasks,archive_mirror,archive/vsosh/municipal/2024-2025/mosobl/ac970f5e81a420_tasks-math-10-mun-mosobl-24-25.pdf,67809f72c452125d4662d964918b40be0098cf347afe7bc17d083812f756b01d,179375,2026-10-01T06:45:30.386288+00:00,https://tasks.olimpiada.ru/upload/files/tasks/72/2024/tasks-math-10-mun-mosobl-24-25.pdf,http://tasks.olimpiada.ru/upload/files/tasks/72/2024/tasks-math-10-mun-mosobl-24-25.pdf,https://olimpiada.ru/activity/72/tasks/2024?class=10,,text
02359b3750aa4d,vsosh,municipal,2024,2025,2024/2025,Московская область,[],[10],solutions,archive_mirror,archive/vsosh/municipal/2024-2025/mosobl/02359b3750aa4d_sol-math-10-mun-mosobl-24-25.pdf,b0ae8fc1608937ebb82cc6b93607fe88249032f8bbc67b08dd43bebda7a975ae,229537,2026-10-01T06:45:14.781609+00:00,https://tasks.olimpiada.ru/upload/files/tasks/72/2024/sol-math-10-mun-mosobl-24-25.pdf,http://tasks.olimpiada.ru/upload/files/tasks/72/2024/sol-math-10-mun-mosobl-24-25.pdf,https://olimpiada.ru/activity/72/tasks/2024?class=10,,text
b7e83abefd964b,vsosh,municipal,2024,2025,2024/2025,Иркутская область,[],[10],tasks,archive_mirror,archive/vsosh/municipal/2024-2025/irk/b7e83abefd964b_tasks-math-10-mun-irk-24-25.pdf,e47501084794360b221ab402ebd5530d8639592c6c43fbddf1bcdb2afd00cddc,642872,2026-10-01T06:45:15.026219+00:00,https://tasks.olimpiada.ru/upload/files/tasks/72/2024/tasks-math-10-mun-irk-24-25.pdf,http://tasks.olimpiada.ru/upload/files/tasks/72/2024/tasks-math-10-mun-irk-24-25.pdf,https://olimpiada.ru/activity/72/tasks/2024?class=10,,text
c4d65392e795a3,vsosh,municipal,2024,2025,2024/2025,Иркутская область,[],[10],solutions,archive_mirror,archive/vsosh/municipal/2024-2025/irk/c4d65392e795a3_sol-math-10-mun-irk-24-25.pdf,8629cdaffa81009c19cc1fea2603c962ee921f16c5d0d4b9ed0eed3d058d80ee,932202,2026-10-01T06:45:18.314633+00:00,https://tasks.olimpiada.ru/upload/files/tasks/72/2024/sol-math-10-mun-irk-24-25.pdf,http://tasks.olimpiada.ru/upload/files/tasks/72/2024/sol-math-10-mun-irk-24-25.pdf,https://olimpiada.ru/activity/72/tasks/2024?class=10,,text
30ac73be874662,vsosh,municipal,2024,2025,2024/2025,Санкт-Петербург,[],[10],tasks,archive_mirror,archive/vsosh/municipal/2024-2025/spb/30ac73be874662_tasks-math-10-mun-spb-24-25.pdf,c0c0147469a424e956e2b8ce995557521cd092069e332c8a062633a0bb63effd,203819,2026-10-01T06:45:20.829216+00:00,https://tasks.olimpiada.ru/upload/files/tasks/72/2024/tasks-math-10-mun-spb-24-25.pdf,http://tasks.olimpiada.ru/upload/files/tasks/72/2024/tasks-math-10-mun-spb-24-25.pdf,https://olimpiada.ru/activity/72/tasks/2024?class=10,,text
6cfb8ace9bc292,vsosh,municipal,2024,2025,2024/2025,Санкт-Петербург,[],[10],criteria,archive_mirror,archive/vsosh/municipal/2024-2025/spb/6cfb8ace9bc292_krit-math-10-mun-spb-24-25.pdf,b551ed65d2f4b3a40154f9533f21eb32c1f4650b3e8d0ed0198dcea813f474a0,36778,2026-10-01T06:45:16.595511+00:00,https://tasks.olimpiada.ru/upload/files/tasks/72/2024/krit-math-10-mun-spb-24-25.pdf,http://tasks.olimpiada.ru/upload/files/tasks/72/2024/krit-math-10-mun-spb-24-25.pdf,https://olimpiada.ru/activity/72/tasks/2024?class=10,,text
fb224da6197074,vsosh,municipal,2024,2025,2024/2025,Челябинская область,[],[10],tasks,archive_mirror,archive/vsosh/municipal/2024-2025/chel/fb224da6197074_tasks-math-10-mun-chel-24-25.pdf,45c3f6bc720dae96204c51a0e879aecfca460309ee2a233fb67b09f19e5dcb39,95061,2026-10-01T06:48:37.886477+00:00,https://tasks.olimpiada.ru/upload/files/tasks/72/2024/tasks-math-10-mun-chel-24-25.pdf,http://tasks.olimpiada.ru/upload/files/tasks/72/2024/tasks-math-10-mun-chel-24-25.pdf,https://olimpiada.ru/activity/72/tasks/2024?class=10,,text
075903ba9c487f,vsosh,municipal,2024,2025,2024/2025,Челябинская область,[],[10],solutions,archive_mirror,archive/vsosh/municipal/2024-2025/chel/075903ba9c487f_sol-math-10-mun-chel-24-25.pdf,18491ae5e08dee1bbc861793c31f996b6ec2501ecbe9b3f96c24edc1e2dcc24b,196969,2026-10-01T06:45:17.424332+00:00,https://tasks.olimpiada.ru/upload/files/tasks/72/2024/sol-math-10-mun-chel-24-25.pdf,http://tasks.olimpiada.ru/upload/files/tasks/72/2024/sol-math-10-mun-chel-24-25.pdf,https://olimpiada.ru/activity/72/tasks/2024?class=10,,text
d7577797b1966d,vsosh,municipal,2024,2025,2024/2025,Республика Коми,[],[10],tasks,archive_mirror,archive/vsosh/municipal/2024-2025/komi/d7577797b1966d_tasks-math-10-mun-komi-24-25.pdf,b6239b9cd584765ff42407266188062a5dd2635f5512907e8f32cecbc9298614,272936,2026-10-01T06:45:20.826070+00:00,https://tasks.olimpiada.ru/upload/files/tasks/72/2024/tasks-math-10-mun-komi-24-25.pdf,http://tasks.olimpiada.ru/upload/files/tasks/72/2024/tasks-math-10-mun-komi-24-25.pdf,https://olimpiada.ru/activity/72/tasks/2024?class=10,,text
34a647753271e6,vsosh,municipal,2024,2025,2024/2025,Республика Коми,[],[10],solutions,archive_mirror,archive/vsosh/municipal/2024-2025/komi/34a647753271e6_sol-math-10-mun-komi-24-25.pdf,2f6ad43cb6f1b519d6e76ad759e4e420455a324aece1063b473587c33c062135,770586,2026-10-01T06:48:38.341598+00:00,https://tasks.olimpiada.ru/upload/files/tasks/72/2024/sol-math-10-mun-komi-24-25.pdf,http://tasks.olimpiada.ru/upload/files/tasks/72/2024/sol-math-10-mun-komi-24-25.pdf,https://olimpiada.ru/activity/72/tasks/2024?class=10,,text
e6d6f6ea03c7a5,vsosh,municipal,2024,2025,2024/2025,Республика Башкортостан,[],[10],tasks,archive_mirror,archive/vsosh/municipal/2024-2025/bash/e6d6f6ea03c7a5_tasks-math-10-mun-bash-24-25.pdf,e7db99d05f7585fe28353081985268e36870f5bc4442e9d3cbe57e0332aa06c3,389943,2026-10-01T06:45:19.325058+00:00,https://tasks.olimpiada.ru/upload/files/tasks/72/2024/tasks-math-10-mun-bash-24-25.pdf,http://tasks.olimpiada.ru/upload/files/tasks/72/2024/tasks-math-10-mun-bash-24-25.pdf,https://olimpiada.ru/activity/72/tasks/2024?class=10,,text
753991479288eb,vsosh,municipal,2024,2025,2024/2025,Республика Башкортостан,[],[10],solutions,archive_mirror,archive/vsosh/municipal/2024-2025/bash/753991479288eb_sol-math-10-mun-bash-24-25.pdf,05ae33a1def6e72f3b19e43e1853a2f3599ad411b2dfc1cffd8200be8f052e5a,392973,2026-10-01T06:45:24.445705+00:00,https://tasks.olimpiada.ru/upload/files/tasks/72/2024/sol-math-10-mun-bash-24-25.pdf,http://tasks.olimpiada.ru/upload/files/tasks/72/2024/sol-math-10-mun-bash-24-25.pdf,https://olimpiada.ru/activity/72/tasks/2024?class=10,,text
b474eb0673c874,vsosh,municipal,2024,2025,2024/2025,Вологодская область,[],[10],tasks,archive_mirror,archive/vsosh/municipal/2024-2025/vologda/b474eb0673c874_tasks-math-10-mun-vologda-24-25.pdf,d718ed9f332b4c2b8c76ac4701ea01390e4a9c4bb44cd6be31f4860467b6cd43,9359,2026-10-01T06:48:38.528007+00:00,https://tasks.olimpiada.ru/upload/files/tasks/72/2024/tasks-math-10-mun-vologda-24-25.pdf,http://tasks.olimpiada.ru/upload/files/tasks/72/2024/tasks-math-10-mun-vologda-24-25.pdf,https://olimpiada.ru/activity/72/tasks/2024?class=10,,text
8c1affe37ee615,vsosh,municipal,2024,2025,2024/2025,Вологодская область,[],[10],solutions,archive_mirror,archive/vsosh/municipal/2024-2025/vologda/8c1affe37ee615_sol-math-10-mun-vologda-24-25.pdf,b216415ffe02cd92abecad1a3fc7a3eb0b4636f85acb474780986cd51560cb99,157841,2026-10-01T06:45:22.740426+00:00,https://tasks.olimpiada.ru/upload/files/tasks/72/2024/sol-math-10-mun-vologda-24-25.pdf,http://tasks.olimpiada.ru/upload/files/tasks/72/2024/sol-math-10-mun-vologda-24-25.pdf,https://olimpiada.ru/activity/72/tasks/2024?class=10,,text
df56c69b17ec76,vsosh,municipal,2023,2024,2023/2024,Удмуртская Республика,[],[10],tasks,archive_mirror,archive/vsosh/municipal/2023-2024/udmurt/df56c69b17ec76_tasks-math-10-mun-udmurt-23-24.pdf,3eecac38882388b94a312513d205bc71721e7e4a206ee059e5546c7e12c72c6b,105818,2026-10-01T06:45:22.821573+00:00,https://tasks.olimpiada.ru/upload/files/tasks/72/2023/tasks-math-10-mun-udmurt-23-24.pdf,http://tasks.olimpiada.ru/upload/files/tasks/72/2023/tasks-math-10-mun-udmurt-23-24.pdf,https://olimpiada.ru/activity/72/tasks/2023?class=10,,text
a399aed415c7b7,vsosh,municipal,2023,2024,2023/2024,Удмуртская Республика,[],[10],solutions,archive_mirror,archive/vsosh/municipal/2023-2024/udmurt/a399aed415c7b7_sol-math-10-mun-udmurt-23-24.pdf,808366797788ebfa47e240d7a0274880db61ee416bdfb65bc457c4f3f015ef6d,161480,2026-10-01T06:45:26.835782+00:00,https://tasks.olimpiada.ru/upload/files/tasks/72/2023/sol-math-10-mun-udmurt-23-24.pdf,http://tasks.olimpiada.ru/upload/files/tasks/72/2023/sol-math-10-mun-udmurt-23-24.pdf,https://olimpiada.ru/activity/72/tasks/2023?class=10,,text
37b2d68cb6f445,vsosh,municipal,2023,2024,2023/2024,Брянская область,[],[10],tasks,archive_mirror,archive/vsosh/municipal/2023-2024/bryansk/37b2d68cb6f445_tasks-math-10-mun-bryansk-23-24.pdf,43c8afbf585e56bf4df461fd2341405272d841fdfd6c83c93a396f2fc5f78f97,414253,2026-10-01T06:45:31.062621+00:00,https://tasks.olimpiada.ru/upload/files/tasks/72/2023/tasks-math-10-mun-bryansk-23-24.pdf,http://tasks.olimpiada.ru/upload/files/tasks/72/2023/tasks-math-10-mun-bryansk-23-24.pdf,https://olimpiada.ru/activity/72/tasks/2023?class=10,,text
8e326c6925d256,vsosh,municipal,2023,2024,2023/2024,Липецкая область,[],[10],tasks,archive_mirror,archive/vsosh/municipal/2023-2024/lip/8e326c6925d256_tasks-math-10-mun-lip-23-24.pdf,29581f5dc684ce548707d488b90c4485a87b5c5f0ba9e01e24bf517dd9271038,491046,2026-10-01T06:45:27.579895+00:00,https://tasks.olimpiada.ru/upload/files/tasks/72/2023/tasks-math-10-mun-lip-23-24.pdf,http://tasks.olimpiada.ru/upload/files/tasks/72/2023/tasks-math-10-mun-lip-23-24.pdf,https://olimpiada.ru/activity/72/tasks/2023?class=10,,text
f35040b7b65308,vsosh,municipal,2023,2024,2023/2024,Липецкая область,[],[10],solutions,archive_mirror,archive/vsosh/municipal/2023-2024/lip/f35040b7b65308_sol-math-10-mun-lip-23-24.pdf,c267f8ac8cc3fa5ef8bb62aae34a6a62cab4d817731f9c383e2b2919b732f094,528663,2026-10-01T06:45:27.963090+00:00,https://tasks.olimpiada.ru/upload/files/tasks/72/2023/sol-math-10-mun-lip-23-24.pdf,http://tasks.olimpiada.ru/upload/files/tasks/72/2023/sol-math-10-mun-lip-23-24.pdf,https://olimpiada.ru/activity/72/tasks/2023?class=10,,text
00dba6139f9b29,vsosh,municipal,2023,2024,2023/2024,Кировская область,[],[10],tasks,archive_mirror,archive/vsosh/municipal/2023-2024/kirov/00dba6139f9b29_tasks-math-10-mun-kirov-23-24.pdf,a7542f8107d559e36ed2b0e6c21226072402a9dd3c26bd9d9f9e90bae104a55f,646298,2026-10-01T06:45:29.739543+00:00,https://tasks.olimpiada.ru/upload/files/tasks/72/2023/tasks-math-10-mun-kirov-23-24.pdf,http://tasks.olimpiada.ru/upload/files/tasks/72/2023/tasks-math-10-mun-kirov-23-24.pdf,https://olimpiada.ru/activity/72/tasks/2023?class=10,,text
068d3cd21c1b51,vsosh,municipal,2023,2024,2023/2024,Кировская область,[],[10],solutions,archive_mirror,archive/vsosh/municipal/2023-2024/kirov/068d3cd21c1b51_sol-math-10-mun-kirov-23-24.pdf,579b611094b75d92e5b204d2209c2ce6471c07411c21cab839820321dc04edf9,879520,2026-10-01T06:45:29.758233+00:00,https://tasks.olimpiada.ru/upload/files/tasks/72/2023/sol-math-10-mun-kirov-23-24.pdf,http://tasks.olimpiada.ru/upload/files/tasks/72/2023/sol-math-10-mun-kirov-23-24.pdf,https://olimpiada.ru/activity/72/tasks/2023?class=10,,text
3b56bc434684ca,vsosh,municipal,2023,2024,2023/2024,Нижегородская область,[],[10],tasks,archive_mirror,archive/vsosh/municipal/2023-2024/nn/3b56bc434684ca_tasks-math-10-mun-nn-23-24.pdf,dc8bd535be1173f19aeb12789499ca349a6f6315adad1cc69789473dabaff611,575308,2026-10-01T06:45:30.130998+00:00,https://tasks.olimpiada.ru/upload/files/tasks/72/2023/tasks-math-10-mun-nn-23-24.pdf,http://tasks.olimpiada.ru/upload/files/tasks/72/2023/tasks-math-10-mun-nn-23-24.pdf,https://olimpiada.ru/activity/72/tasks/2023?class=10,,text
0219ba062284ce,vsosh,municipal,2023,2024,2023/2024,Нижегородская область,[],[10],solutions,archive_mirror,archive/vsosh/municipal/2023-2024/nn/0219ba062284ce_sol-math-10-mun-nn-23-24.pdf,97c55a10224aa16dfe1779469d60bc396841f79980a8cfffdb2bded855b7dae6,885684,2026-10-01T06:45:30.968417+00:00,https://tasks.olimpiada.ru/upload/files/tasks/72/2023/sol-math-10-mun-nn-23-24.pdf,http://tasks.olimpiada.ru/upload/files/tasks/72/2023/sol-math-10-mun-nn-23-24.pdf,https://olimpiada.ru/activity/72/tasks/2023?class=10,,text
80722d554e879b,vsosh,municipal,2023,2024,2023/2024,Ленинградская область,[],[10],tasks,archive_mirror,archive/vsosh/municipal/2023-2024/lenobl/80722d554e879b_tasks-math-10-mun-lenobl-23-24.pdf,b7e6f6d82c40d7866fbee20ec724fa5eda7470a7c475fd2a19a549a33136e10e,383852,2026-10-01T06:45:30.852079+00:00,https://tasks.olimpiada.ru/upload/files/tasks/72/2023/tasks-math-10-mun-lenobl-23-24.pdf,http://tasks.olimpiada.ru/upload/files/tasks/72/2023/tasks-math-10-mun-lenobl-23-24.pdf,https://olimpiada.ru/activity/72/tasks/2023?class=10,,text
a9e72dc25a1664,vsosh,municipal,2023,2024,2023/2024,Ленинградская область,[],[10],solutions,archive_mirror,archive/vsosh/municipal/2023-2024/lenobl/a9e72dc25a1664_sol-math-10-mun-lenobl-23-24.pdf,5761eaa7301ad88effb6955bfaf927f7b8e87ef0b7c00070500c94581d54804c,754347,2026-10-01T06:45:35.258688+00:00,https://tasks.olimpiada.ru/upload/files/tasks/72/2023/sol-math-10-mun-lenobl-23-24.pdf,http://tasks.olimpiada.ru/upload/files/tasks/72/2023/sol-math-10-mun-lenobl-23-24.pdf,https://olimpiada.ru/activity/72/tasks/2023?class=10,,text
e3a1f1656cafe6,vsosh,municipal,2023,2024,2023/2024,Вологодская область,[],[10],tasks,archive_mirror,archive/vsosh/municipal/2023-2024/vologda/e3a1f1656cafe6_tasks-math-10-mun-vologda-23-24.pdf,eb7f397ac547311559ebaaed2b4ba0edfe0935c885366ffce65de6750bd74363,139067,2026-10-01T06:45:31.366263+00:00,https://tasks.olimpiada.ru/upload/files/tasks/74/2023/tasks-math-10-mun-vologda-23-24.pdf,http://tasks.olimpiada.ru/upload/files/tasks/74/2023/tasks-math-10-mun-vologda-23-24.pdf,https://olimpiada.ru/activity/72/tasks/2023?class=10,,text
392608928388d7,vsosh,municipal,2023,2024,2023/2024,Москва,[],[10],tasks,organizer,archive/vsosh/municipal/2023-2024/moscow/392608928388d7_tasks-math-10-mun-msk-23-24.pdf,ca22fa129688a2415b8eda77df76b0e4e3d10697c14b259d28cd74ec47d02b20,42144,2026-10-01T06:38:47.731772+00:00,https://xn--b1ayi3a.xn--l1afu.xn--p1ai/upload/files/Arhive_tasks/2023-24/mun/math/tasks-math-10-mun-msk-23-24.pdf,https://xn--b1ayi3a.xn--l1afu.xn--p1ai/upload/files/Arhive_tasks/2023-24/mun/math/tasks-math-10-mun-msk-23-24.pdf,https://olimpiada.ru/activity/72/tasks/2023?class=10,,text
9da19a7c90fb3b,vsosh,municipal,2023,2024,2023/2024,Москва,[],[10],tasks,organizer,archive/vsosh/municipal/2023-2024/moscow/9da19a7c90fb3b_ans-math-10-mun-msk-23-24.pdf,7095643ffa0f11440d44f38563f4bc3ec07768364285d1dea26b9e72841f8ecf,30484,2026-10-01T06:38:32.165339+00:00,https://xn--b1ayi3a.xn--l1afu.xn--p1ai/upload/files/Arhive_tasks/2023-24/mun/math/ans-math-10-mun-msk-23-24.pdf,https://xn--b1ayi3a.xn--l1afu.xn--p1ai/upload/files/Arhive_tasks/2023-24/mun/math/ans-math-10-mun-msk-23-24.pdf,https://olimpiada.ru/activity/72/tasks/2023?class=10,,text
9ed4f2d69aee21,vsosh,municipal,2023,2024,2023/2024,Кемеровская область,[],[10],tasks,archive_mirror,archive/vsosh/municipal/2023-2024/kem/9ed4f2d69aee21_tasks-math-10-mun-kem-23-24.pdf,f1c6d37fa5d5a920a9fe741ff6baabc61a8ca71d084fe1f70985d7495ebdd7eb,91703,2026-10-01T06:45:32.752260+00:00,https://tasks.olimpiada.ru/upload/files/tasks/72/2023/tasks-math-10-mun-kem-23-24.pdf,http://tasks.olimpiada.ru/upload/files/tasks/72/2023/tasks-math-10-mun-kem-23-24.pdf,https://olimpiada.ru/activity/72/tasks/2023?class=10,,text
9be9c64d1bb8fa,vsosh,municipal,2023,2024,2023/2024,Кемеровская область,[],[10],solutions,archive_mirror,archive/vsosh/municipal/2023-2024/kem/9be9c64d1bb8fa_sol-math-10-mun-kem-23-24.pdf,e209cdb1e904fc8e1c9d9360957c388da5c98e8474cd203b89e75d739d3d48ff,132078,2026-10-01T06:45:33.061972+00:00,https://tasks.olimpiada.ru/upload/files/tasks/72/2023/sol-math-10-mun-kem-23-24.pdf,http://tasks.olimpiada.ru/upload/files/tasks/72/2023/sol-math-10-mun-kem-23-24.pdf,https://olimpiada.ru/activity/72/tasks/2023?class=10,,text
e144acde705844,vsosh,municipal,2023,2024,2023/2024,Белгородская область,[],[10],solutions,archive_mirror,archive/vsosh/municipal/2023-2024/bryansk/e144acde705844_sol-math-10-mun-bryansk-23-24.pdf,7b6aad5439bb8e6847ac8130b24811f5459ce6b9a86b3f5c136a9e2957148377,653629,2026-10-01T06:45:33.178208+00:00,https://tasks.olimpiada.ru/upload/files/tasks/72/2023/sol-math-10-mun-bryansk-23-24.pdf,http://tasks.olimpiada.ru/upload/files/tasks/72/2023/sol-math-10-mun-bryansk-23-24.pdf,https://olimpiada.ru/activity/72/tasks/2023?class=10,,text
70c35382680dad,vsosh,municipal,2023,2024,2023/2024,Оренбургская область,[],[10],tasks,archive_mirror,archive/vsosh/municipal/2023-2024/orenb/70c35382680dad_tasks-math-10-mun-orenb-23-24.pdf,08a595d93300a22f5d2b33665915be3ae6f3e1aec3167c5f999a1a857f8ef556,504571,2026-10-01T06:45:33.587766+00:00,https://tasks.olimpiada.ru/upload/files/tasks/72/2023/tasks-math-10-mun-orenb-23-24.pdf,http://tasks.olimpiada.ru/upload/files/tasks/72/2023/tasks-math-10-mun-orenb-23-24.pdf,https://olimpiada.ru/activity/72/tasks/2023?class=10,,text
6346b5ef04ed72,vsosh,municipal,2023,2024,2023/2024,Оренбургская область,[],[10],solutions,archive_mirror,archive/vsosh/municipal/2023-2024/orenb/6346b5ef04ed72_sol-math-10-mun-orenb-23-24.pdf,0da0ac9e2aab178498782a65058fa2ace9befa4911d3d2836f5030318298a176,444088,2026-10-01T06:45:33.709047+00:00,https://tasks.olimpiada.ru/upload/files/tasks/72/2023/sol-math-10-mun-orenb-23-24.pdf,http://tasks.olimpiada.ru/upload/files/tasks/72/2023/sol-math-10-mun-orenb-23-24.pdf,https://olimpiada.ru/activity/72/tasks/2023?class=10,,text
7f275b4a91df4d,vsosh,municipal,2023,2024,2023/2024,Московская область,[],[10],tasks,archive_mirror,archive/vsosh/municipal/2023-2024/mosobl/7f275b4a91df4d_tasks-math-10-mun-mosobl-23-24.pdf,27f3acb5144c5922456fd59cc683fd2c5884c2d446018587be365a7244a6c26c,175904,2026-10-01T06:45:35.038085+00:00,https://tasks.olimpiada.ru/upload/files/tasks/72/2023/tasks-math-10-mun-mosobl-23-24.pdf,http://tasks.olimpiada.ru/upload/files/tasks/72/2023/tasks-math-10-mun-mosobl-23-24.pdf,https://olimpiada.ru/activity/72/tasks/2023?class=10,,text
283a9a4cc2a871,vsosh,municipal,2023,2024,2023/2024,Московская область,[],[10],solutions,archive_mirror,archive/vsosh/municipal/2023-2024/mosobl/283a9a4cc2a871_sol-math-10-mun-mosobl-23-24.pdf,f51cdce2b12055a935810ef1796d5bcb2fc9375f496bf4b183c26c9b81a80485,294478,2026-10-01T06:45:37.328102+00:00,https://tasks.olimpiada.ru/upload/files/tasks/72/2023/sol-math-10-mun-mosobl-23-24.pdf,http://tasks.olimpiada.ru/upload/files/tasks/72/2023/sol-math-10-mun-mosobl-23-24.pdf,https://olimpiada.ru/activity/72/tasks/2023?class=10,,text
a72735e30a36ea,vsosh,municipal,2023,2024,2023/2024,Мурманская область,[],[10],tasks,archive_mirror,archive/vsosh/municipal/2023-2024/murman/a72735e30a36ea_tasks-math-10-mun-murman-23-24.pdf,6ac73ad84fe53055736b20d35b6e96bb2b7484a0f6992831c24304363c0d4b54,307046,2026-10-01T06:45:53.689939+00:00,https://tasks.olimpiada.ru/upload/files/tasks/72/2023/tasks-math-10-mun-murman-23-24.pdf,http://tasks.olimpiada.ru/upload/files/tasks/72/2023/tasks-math-10-mun-murman-23-24.pdf,https://olimpiada.ru/activity/72/tasks/2023?class=10,,text
f563f2cf2e43f5,vsosh,municipal,2023,2024,2023/2024,Мурманская область,[],[10],solutions,archive_mirror,archive/vsosh/municipal/2023-2024/murman/f563f2cf2e43f5_sol-math-10-mun-murman-23-24.pdf,f54d59f7aea9cf53d1627418e915bebf2af772ed1dd3185fa6de99cab0477bea,411710,2026-10-01T06:45:36.723583+00:00,https://tasks.olimpiada.ru/upload/files/tasks/72/2023/sol-math-10-mun-murman-23-24.pdf,http://tasks.olimpiada.ru/upload/files/tasks/72/2023/sol-math-10-mun-murman-23-24.pdf,https://olimpiada.ru/activity/72/tasks/2023?class=10,,text
e4a7fa09914296,vsosh,municipal,2023,2024,2023/2024,Костромская область,[],[10],tasks,archive_mirror,archive/vsosh/municipal/2023-2024/kostroma/e4a7fa09914296_tasks-math-10-mun-kostroma-23-24.pdf,0304b808efbe55eb341467c00cea84376bff0303f02e316814a4550ed79a8f3b,201548,2026-10-01T06:45:35.978540+00:00,https://tasks.olimpiada.ru/upload/files/tasks/72/2023/tasks-math-10-mun-kostroma-23-24.pdf,http://tasks.olimpiada.ru/upload/files/tasks/72/2023/tasks-math-10-mun-kostroma-23-24.pdf,https://olimpiada.ru/activity/72/tasks/2023?class=10,,text
a0b80360450645,vsosh,municipal,2023,2024,2023/2024,Костромская область,[],[10],solutions,archive_mirror,archive/vsosh/municipal/2023-2024/kostroma/a0b80360450645_sol-math-10-mun-kostroma-23-24.pdf,b042d8a314f10e64a88a30713aafc6260057255be19c77b4c401abb9bbd29996,391227,2026-10-01T06:45:36.319287+00:00,https://tasks.olimpiada.ru/upload/files/tasks/72/2023/sol-math-10-mun-kostroma-23-24.pdf,http://tasks.olimpiada.ru/upload/files/tasks/72/2023/sol-math-10-mun-kostroma-23-24.pdf,https://olimpiada.ru/activity/72/tasks/2023?class=10,,text
b382782f3f864a,vsosh,municipal,2023,2024,2023/2024,Орловская область,[],[10],tasks,archive_mirror,archive/vsosh/municipal/2023-2024/orl/b382782f3f864a_tasks-math-10-mun-orl-23-24.pdf,5847cb80d27dda50130e91349504640e724b13ed16da6fed542ba03119bf5d09,492808,2026-10-01T06:45:38.207014+00:00,https://tasks.olimpiada.ru/upload/files/tasks/72/2023/tasks-math-10-mun-orl-23-24.pdf,http://tasks.olimpiada.ru/upload/files/tasks/72/2023/tasks-math-10-mun-orl-23-24.pdf,https://olimpiada.ru/activity/72/tasks/2023?class=10,,text
c4001e13c49ba7,vsosh,municipal,2023,2024,2023/2024,Орловская область,[],[10],solutions,archive_mirror,archive/vsosh/municipal/2023-2024/orl/c4001e13c49ba7_sol-math-10-mun-orl-23-24.pdf,516bec638396c288cbe295b2dec6dbe82dd5b7e1ef9f34e2e5fede9b926f70b3,369032,2026-10-01T06:45:37.320449+00:00,https://tasks.olimpiada.ru/upload/files/tasks/72/2023/sol-math-10-mun-orl-23-24.pdf,http://tasks.olimpiada.ru/upload/files/tasks/72/2023/sol-math-10-mun-orl-23-24.pdf,https://olimpiada.ru/activity/72/tasks/2023?class=10,,text
b56a87947456f2,vsosh,municipal,2023,2024,2023/2024,Пермский край,[],[10],tasks,archive_mirror,archive/vsosh/municipal/2023-2024/perm/b56a87947456f2_tasks-math-10-mun-perm-23-24.pdf,3289382129c87d1dff09a28ed58d7def4fd8cfdaae43c3b98868a2e4a56b07b8,219987,2026-10-01T06:48:39.238537+00:00,https://tasks.olimpiada.ru/upload/files/tasks/72/2023/tasks-math-10-mun-perm-23-24.pdf,http://tasks.olimpiada.ru/upload/files/tasks/72/2023/tasks-math-10-mun-perm-23-24.pdf,https://olimpiada.ru/activity/72/tasks/2023?class=10,,text
57917a0e8f6323,vsosh,municipal,2023,2024,2023/2024,Пермский край,[],[10],solutions,archive_mirror,archive/vsosh/municipal/2023-2024/perm/57917a0e8f6323_sol-math-10-mun-perm-23-24.pdf,c4cd38647d11ec38b8fae0fb477bf553204cadf49e40800989875cc9b410d2aa,346304,2026-10-01T06:45:39.522648+00:00,https://tasks.olimpiada.ru/upload/files/tasks/72/2023/sol-math-10-mun-perm-23-24.pdf,http://tasks.olimpiada.ru/upload/files/tasks/72/2023/sol-math-10-mun-perm-23-24.pdf,https://olimpiada.ru/activity/72/tasks/2023?class=10,,text
8be73318e673a3,vsosh,municipal,2023,2024,2023/2024,Новгородская область,[],[10],tasks,archive_mirror,archive/vsosh/municipal/2023-2024/novgorod/8be73318e673a3_tasks-math-10-mun-novgorod-23-24.pdf,de8f929f19e3714bc26f9d4dbfb25b31f44bc27320b460cd9f75b1d81afd7561,361715,2026-10-01T06:45:45.616540+00:00,https://tasks.olimpiada.ru/upload/files/tasks/72/2023/tasks-math-10-mun-novgorod-23-24.pdf,http://tasks.olimpiada.ru/upload/files/tasks/72/2023/tasks-math-10-mun-novgorod-23-24.pdf,https://olimpiada.ru/activity/72/tasks/2023?class=10,,text
a53a34e3c1da67,vsosh,municipal,2023,2024,2023/2024,Новгородская область,[],[10],solutions,archive_mirror,archive/vsosh/municipal/2023-2024/novgorod/a53a34e3c1da67_sol-math-10-mun-novgorod-23-24.pdf,eb727ae7d76421dcbdd1c89b33193e0eefabd3803050a68c40aeff07055530e3,604170,2026-10-01T06:45:39.421031+00:00,https://tasks.olimpiada.ru/upload/files/tasks/72/2023/sol-math-10-mun-novgorod-23-24.pdf,http://tasks.olimpiada.ru/upload/files/tasks/72/2023/sol-math-10-mun-novgorod-23-24.pdf,https://olimpiada.ru/activity/72/tasks/2023?class=10,,text
d0e5603818362d,vsosh,municipal,2023,2024,2023/2024,Республика Бурятия,[],[10],tasks,archive_mirror,archive/vsosh/municipal/2023-2024/bur/d0e5603818362d_tasks-math-10-mun-bur-23-24.pdf,f5ef7f7685883d488cc0a41bdfd6b4392ba076ba982c9321e4bcffe120520c78,103165,2026-10-01T06:45:43.321630+00:00,https://tasks.olimpiada.ru/upload/files/tasks/72/2023/tasks-math-10-mun-bur-23-24.pdf,http://tasks.olimpiada.ru/upload/files/tasks/72/2023/tasks-math-10-mun-bur-23-24.pdf,https://olimpiada.ru/activity/72/tasks/2023?class=10,,text
237f1b773b64ca,vsosh,municipal,2023,2024,2023/2024,Республика Бурятия,[],[10],solutions,archive_mirror,archive/vsosh/municipal/2023-2024/bur/237f1b773b64ca_sol-math-10-mun-bur-23-24.pdf,9bf3915cbd2116b058da6bd24a202af505ef5430adb73dc9f040055c6f3927b3,354753,2026-10-01T06:48:39.508440+00:00,https://tasks.olimpiada.ru/upload/files/tasks/72/2023/sol-math-10-mun-bur-23-24.pdf,http://tasks.olimpiada.ru/upload/files/tasks/72/2023/sol-math-10-mun-bur-23-24.pdf,https://olimpiada.ru/activity/72/tasks/2023?class=10,,text
7223c2bbcf043e,vsosh,municipal,2023,2024,2023/2024,Челябинская область,[],[10],tasks,archive_mirror,archive/vsosh/municipal/2023-2024/chel/7223c2bbcf043e_tasks-math-10-mun-chel-23-24.pdf,207470aa58aaf2f9191aaef10957813f8209e48139318a8077f2b84b0329172a,525591,2026-10-01T06:45:45.453132+00:00,https://tasks.olimpiada.ru/upload/files/tasks/72/2023/tasks-math-10-mun-chel-23-24.pdf,http://tasks.olimpiada.ru/upload/files/tasks/72/2023/tasks-math-10-mun-chel-23-24.pdf,https://olimpiada.ru/activity/72/tasks/2023?class=10,,requires_visual_reading
3319677fc751a3,vsosh,municipal,2023,2024,2023/2024,Челябинская область,[],[10],solutions,archive_mirror,archive/vsosh/municipal/2023-2024/chel/3319677fc751a3_sol-math-10-mun-chel-23-24.pdf,9400e5b28f6bf0a8bafa74fcb802d56fe352c9a90099ed4e3e77abf1733dc653,2359231,2026-10-01T06:48:40.554873+00:00,https://tasks.olimpiada.ru/upload/files/tasks/72/2023/sol-math-10-mun-chel-23-24.pdf,http://tasks.olimpiada.ru/upload/files/tasks/72/2023/sol-math-10-mun-chel-23-24.pdf,https://olimpiada.ru/activity/72/tasks/2023?class=10,,requires_visual_reading
956310b4c45375,vsosh,municipal,2023,2024,2023/2024,Ростовская область,[],[10],tasks,archive_mirror,archive/vsosh/municipal/2023-2024/rostov/956310b4c45375_tasks-math-10-mun-rostov-23-24.pdf,1c4db5f889e0b0af266452f57384003daca57338e6beab8b4009fe47ae43b90b,135152,2026-10-01T06:45:49.444860+00:00,https://tasks.olimpiada.ru/upload/files/tasks/72/2023/tasks-math-10-mun-rostov-23-24.pdf,http://tasks.olimpiada.ru/upload/files/tasks/72/2023/tasks-math-10-mun-rostov-23-24.pdf,https://olimpiada.ru/activity/72/tasks/2023?class=10,,text
d3dafe0c4e8599,vsosh,municipal,2023,2024,2023/2024,Ростовская область,[],[10],solutions,archive_mirror,archive/vsosh/municipal/2023-2024/rostov/d3dafe0c4e8599_sol-math-10-mun-rostov-23-24.pdf,a8a345f5015a9c2ed89beb00480b7386864f93d8c638b3b5b75712f11070dfbc,218527,2026-10-01T06:45:53.822350+00:00,https://tasks.olimpiada.ru/upload/files/tasks/72/2023/sol-math-10-mun-rostov-23-24.pdf,http://tasks.olimpiada.ru/upload/files/tasks/72/2023/sol-math-10-mun-rostov-23-24.pdf,https://olimpiada.ru/activity/72/tasks/2023?class=10,,text
b296ff11aa9814,vsosh,municipal,2023,2024,2023/2024,Республика Коми,[],[10],tasks,archive_mirror,archive/vsosh/municipal/2023-2024/komi/b296ff11aa9814_tasks-math-10-mun-komi-23-24.pdf,aa13ac3cd524621098f36c629cd62e57c4cc7a26fd673129c1a88c54e8a99363,373930,2026-10-01T06:48:40.503327+00:00,https://tasks.olimpiada.ru/upload/files/tasks/72/2023/tasks-math-10-mun-komi-23-24.pdf,http://tasks.olimpiada.ru/upload/files/tasks/72/2023/tasks-math-10-mun-komi-23-24.pdf,https://olimpiada.ru/activity/72/tasks/2023?class=10,,text
67b0245b5037e9,vsosh,municipal,2023,2024,2023/2024,Республика Коми,[],[10],solutions,archive_mirror,archive/vsosh/municipal/2023-2024/komi/67b0245b5037e9_sol-math-10-mun-komi-23-24.pdf,beb3608b605762debf343297960499c2a8e2f507efb9c1dbc1081f232cc55ad7,582399,2026-10-01T06:45:53.588537+00:00,https://tasks.olimpiada.ru/upload/files/tasks/72/2023/sol-math-10-mun-komi-23-24.pdf,http://tasks.olimpiada.ru/upload/files/tasks/72/2023/sol-math-10-mun-komi-23-24.pdf,https://olimpiada.ru/activity/72/tasks/2023?class=10,,text
ab483a6960a459,vsosh,municipal,2023,2024,2023/2024,Владимирская область,[],[10],tasks,archive_mirror,archive/vsosh/municipal/2023-2024/vladimir/ab483a6960a459_tasks-math-10-mun-vladimir-23-24.pdf,51546d30842d3fa968389393dd5328c89baba4695696d673d4027d0df461bab6,641083,2026-10-01T06:48:41.652808+00:00,https://tasks.olimpiada.ru/upload/files/tasks/72/2023/tasks-math-10-mun-vladimir-23-24.pdf,http://tasks.olimpiada.ru/upload/files/tasks/72/2023/tasks-math-10-mun-vladimir-23-24.pdf,https://olimpiada.ru/activity/72/tasks/2023?class=10,,text
fc949eb5e39ff9,vsosh,municipal,2023,2024,2023/2024,Владимирская область,[],[10],solutions,archive_mirror,archive/vsosh/municipal/2023-2024/vladimir/fc949eb5e39ff9_sol-math-10-mun-vladimir-23-24.pdf,a389c42e938705152b1a7901475809052bd2c325957e7a1ca8b7bb26130f6b6a,519905,2026-10-01T06:46:05.893526+00:00,https://tasks.olimpiada.ru/upload/files/tasks/72/2023/sol-math-10-mun-vladimir-23-24.pdf,http://tasks.olimpiada.ru/upload/files/tasks/72/2023/sol-math-10-mun-vladimir-23-24.pdf,https://olimpiada.ru/activity/72/tasks/2023?class=10,,text
c9407bfde83a93,vsosh,municipal,2023,2024,2023/2024,Чукотский автономный округ,[],[10],tasks,archive_mirror,archive/vsosh/municipal/2023-2024/chuk/c9407bfde83a93_tasks-math-10-mun-chuk-23-24.pdf,b591b402c0dd58489367bae0dd841a3a80b21d2d098feaa2ae73fbb08523e69e,665784,2026-10-01T06:45:59.925890+00:00,https://tasks.olimpiada.ru/upload/files/tasks/72/2023/tasks-math-10-mun-chuk-23-24.pdf,http://tasks.olimpiada.ru/upload/files/tasks/72/2023/tasks-math-10-mun-chuk-23-24.pdf,https://olimpiada.ru/activity/72/tasks/2023?class=10,,text
9ef346d9e65f63,vsosh,municipal,2023,2024,2023/2024,Чукотский автономный округ,[],[10],solutions,archive_mirror,archive/vsosh/municipal/2023-2024/chuk/9ef346d9e65f63_sol-math-10-mun-chuk-23-24.pdf,d3c6973f4a01609bdb517af252644fe117b8f147cdc5819263233397d2c6eec2,829067,2026-10-01T06:46:02.096715+00:00,https://tasks.olimpiada.ru/upload/files/tasks/72/2023/sol-math-10-mun-chuk-23-24.pdf,http://tasks.olimpiada.ru/upload/files/tasks/72/2023/sol-math-10-mun-chuk-23-24.pdf,https://olimpiada.ru/activity/72/tasks/2023?class=10,,text
b771649066b87a,vsosh,municipal,2023,2024,2023/2024,Санкт-Петербург,[],[10],tasks,archive_mirror,archive/vsosh/municipal/2023-2024/spb/b771649066b87a_tasks-math-10-mun-spb-23-24.pdf,9b4ab4a600a8ef5f64168e6a6c022f97f0559f75f1fb5763fc6b0b8ee7e69cee,188766,2026-10-01T06:46:01.881738+00:00,https://tasks.olimpiada.ru/upload/files/tasks/72/2023/tasks-math-10-mun-spb-23-24.pdf,http://tasks.olimpiada.ru/upload/files/tasks/72/2023/tasks-math-10-mun-spb-23-24.pdf,https://olimpiada.ru/activity/72/tasks/2023?class=10,,text
ecfa468ae8185a,vsosh,municipal,2023,2024,2023/2024,Санкт-Петербург,[],[10],solutions,archive_mirror,archive/vsosh/municipal/2023-2024/spb/ecfa468ae8185a_sol-math-10-mun-spb-23-24.pdf,f133c98c830ceb2a57201cc94103d1a4757cff5acd589829d6a5a2c2abce8063,32244,2026-10-01T06:48:41.269833+00:00,https://tasks.olimpiada.ru/upload/files/tasks/72/2023/sol-math-10-mun-spb-23-24.pdf,http://tasks.olimpiada.ru/upload/files/tasks/72/2023/sol-math-10-mun-spb-23-24.pdf,https://olimpiada.ru/activity/72/tasks/2023?class=10,,text
318326d95b533b,vsosh,municipal,2023,2024,2023/2024,Красноярский край,[],[10],tasks,archive_mirror,archive/vsosh/municipal/2023-2024/kryar/318326d95b533b_tasks-math-10-mun-kryar-23-24.pdf,5df60894c7064d3f039c67f71468c727959cfa02651d9ba93daf6628963f831a,311984,2026-10-01T06:48:41.519235+00:00,https://tasks.olimpiada.ru/upload/files/tasks/72/2023/tasks-math-10-mun-kryar-23-24.pdf,http://tasks.olimpiada.ru/upload/files/tasks/72/2023/tasks-math-10-mun-kryar-23-24.pdf,https://olimpiada.ru/activity/72/tasks/2023?class=10,,text
32318794d6bcc2,vsosh,municipal,2023,2024,2023/2024,Красноярский край,[],[10],solutions,archive_mirror,archive/vsosh/municipal/2023-2024/kryar/32318794d6bcc2_sol-math-10-mun-kryar-23-24.pdf,8eee1f98be75b3506623ebd23dfa8cffd1647d74aac062cda29559b051ee048e,558267,2026-10-01T06:46:22.957181+00:00,https://tasks.olimpiada.ru/upload/files/tasks/72/2023/sol-math-10-mun-kryar-23-24.pdf,http://tasks.olimpiada.ru/upload/files/tasks/72/2023/sol-math-10-mun-kryar-23-24.pdf,https://olimpiada.ru/activity/72/tasks/2023?class=10,,text
d6addec852b78c,vsosh,municipal,2023,2024,2023/2024,Иркутская область,[],[10],tasks,archive_mirror,archive/vsosh/municipal/2023-2024/irk/d6addec852b78c_tasks-math-10-mun-irk-23-24.pdf,f2b5828dc2f80cf67d51ee0096d0e7cd6bd8f4df33dc673e667807444ab42674,332960,2026-10-01T06:46:25.842438+00:00,https://tasks.olimpiada.ru/upload/files/tasks/72/2023/tasks-math-10-mun-irk-23-24.pdf,http://tasks.olimpiada.ru/upload/files/tasks/72/2023/tasks-math-10-mun-irk-23-24.pdf,https://olimpiada.ru/activity/72/tasks/2023?class=10,,text
d3aa6bada12f57,vsosh,municipal,2023,2024,2023/2024,Иркутская область,[],[10],solutions,archive_mirror,archive/vsosh/municipal/2023-2024/irk/d3aa6bada12f57_sol-math-10-mun-irk-23-24.pdf,d6906649b947242331fa752d8c583ce69fb9dbdfb4e095cedf8d755f9f7f7590,593478,2026-10-01T06:46:27.758243+00:00,https://tasks.olimpiada.ru/upload/files/tasks/72/2023/sol-math-10-mun-irk-23-24.pdf,http://tasks.olimpiada.ru/upload/files/tasks/72/2023/sol-math-10-mun-irk-23-24.pdf,https://olimpiada.ru/activity/72/tasks/2023?class=10,,text
774a33a47fa32b,vsosh,municipal,2023,2024,2023/2024,Свердловская область,[],[10],tasks,archive_mirror,archive/vsosh/municipal/2023-2024/sverd/774a33a47fa32b_tasks-math-10-mun-sverd-23-24.pdf,0564c8f656467ed2218f9b0de6f8c9cbe0a201436f7f231856a4d29e513c75e8,140586,2026-10-01T06:46:27.165822+00:00,https://tasks.olimpiada.ru/upload/files/tasks/72/2023/tasks-math-10-mun-sverd-23-24.pdf,http://tasks.olimpiada.ru/upload/files/tasks/72/2023/tasks-math-10-mun-sverd-23-24.pdf,https://olimpiada.ru/activity/72/tasks/2023?class=10,,text
633a5f691205c3,vsosh,municipal,2023,2024,2023/2024,Свердловская область,[],[10],solutions,archive_mirror,archive/vsosh/municipal/2023-2024/sverd/633a5f691205c3_sol-math-10-mun-sverd-23-24.pdf,f72f39cba9c83aede8502fc1cee937633297f560f8a9f0112f6e03d547334d4c,363313,2026-10-01T06:46:39.676030+00:00,https://tasks.olimpiada.ru/upload/files/tasks/72/2023/sol-math-10-mun-sverd-23-24.pdf,http://tasks.olimpiada.ru/upload/files/tasks/72/2023/sol-math-10-mun-sverd-23-24.pdf,https://olimpiada.ru/activity/72/tasks/2023?class=10,,text
41ea3179f8b844,vsosh,municipal,2023,2024,2023/2024,Республика Крым,[],[10],tasks,archive_mirror,archive/vsosh/municipal/2023-2024/crimea/41ea3179f8b844_tasks-math-10-mun-crimea-23-24.pdf,03ce035b5647a50796ce5e02e5440734358ed448fa7239684a2380ad3dc350c5,422186,2026-10-01T06:46:22.975818+00:00,https://tasks.olimpiada.ru/upload/files/tasks/72/2023/tasks-math-10-mun-crimea-23-24.pdf,http://tasks.olimpiada.ru/upload/files/tasks/72/2023/tasks-math-10-mun-crimea-23-24.pdf,https://olimpiada.ru/activity/72/tasks/2023?class=10,,text
7eb9c05238109c,vsosh,municipal,2023,2024,2023/2024,Республика Крым,[],[10],solutions,archive_mirror,archive/vsosh/municipal/2023-2024/crimea/7eb9c05238109c_sol-math-10-mun-crimea-23-24.pdf,b87f85736335d8ad9d07aff5111ea73cef8c2f5f3d038f9650959da50e318837,759349,2026-10-01T06:46:25.128383+00:00,https://tasks.olimpiada.ru/upload/files/tasks/72/2023/sol-math-10-mun-crimea-23-24.pdf,http://tasks.olimpiada.ru/upload/files/tasks/72/2023/sol-math-10-mun-crimea-23-24.pdf,https://olimpiada.ru/activity/72/tasks/2023?class=10,,text
485ca88ca6249a,vsosh,municipal,2023,2024,2023/2024,Калужская область,[],[10],tasks,archive_mirror,archive/vsosh/municipal/2023-2024/kaluga/485ca88ca6249a_tasks-math-10-mun-kaluga-23-24.pdf,6c855fb01add2d097e74d103eb80d4e3143e898dd3ef2c727d4d6f97a3073546,135317,2026-10-01T06:48:42.137444+00:00,https://tasks.olimpiada.ru/upload/files/tasks/72/2023/tasks-math-10-mun-kaluga-23-24.pdf,http://tasks.olimpiada.ru/upload/files/tasks/72/2023/tasks-math-10-mun-kaluga-23-24.pdf,https://olimpiada.ru/activity/72/tasks/2023?class=10,,text
7ce504b047550d,vsosh,municipal,2023,2024,2023/2024,Калужская область,[],[10],solutions,archive_mirror,archive/vsosh/municipal/2023-2024/kaluga/7ce504b047550d_sol-math-10-mun-kaluga-23-24.pdf,a9ab461ea798678a891825c34c3582cdd9af3dd10544d723a6e2048f0a5b9dd2,614684,2026-10-01T06:48:43.908462+00:00,https://tasks.olimpiada.ru/upload/files/tasks/72/2023/sol-math-10-mun-kaluga-23-24.pdf,http://tasks.olimpiada.ru/upload/files/tasks/72/2023/sol-math-10-mun-kaluga-23-24.pdf,https://olimpiada.ru/activity/72/tasks/2023?class=10,,text
3f6fa24cd6f891,vsosh,municipal,2023,2024,2023/2024,Амурская область,[],[10],tasks,archive_mirror,archive/vsosh/municipal/2023-2024/amur/3f6fa24cd6f891_tasks-math-10-mun-amur-23-24.pdf,b1b9a98c00669812d09823a72012d243379c5fb6693415458ad6f215810b14f4,1448248,2026-10-01T06:46:32.171513+00:00,https://tasks.olimpiada.ru/upload/files/tasks/72/2023/tasks-math-10-mun-amur-23-24.pdf,http://tasks.olimpiada.ru/upload/files/tasks/72/2023/tasks-math-10-mun-amur-23-24.pdf,https://olimpiada.ru/activity/72/tasks/2023?class=10,,text
0d754dcfe2f247,vsosh,municipal,2023,2024,2023/2024,Амурская область,[],[10],solutions,archive_mirror,archive/vsosh/municipal/2023-2024/amur/0d754dcfe2f247_sol-math-10-mun-amur-23-24.pdf,3097437c3d8e3e54dd45d7e09645ea1e965f010387f7d15d0eac0e72ca707552,741497,2026-10-01T06:46:32.492817+00:00,https://tasks.olimpiada.ru/upload/files/tasks/72/2023/sol-math-10-mun-amur-23-24.pdf,http://tasks.olimpiada.ru/upload/files/tasks/72/2023/sol-math-10-mun-amur-23-24.pdf,https://olimpiada.ru/activity/72/tasks/2023?class=10,,text
414a4c73c792e2,vsosh,municipal,2023,2024,2023/2024,Архангельская область,[],[10],tasks,archive_mirror,archive/vsosh/municipal/2023-2024/arh/414a4c73c792e2_tasks-math-10-mun-arh-23-24.pdf,28475307cb6514f5f29de8a6bcea7f8a0b951a17d800c04a8bd2b6ee957d996f,570587,2026-10-01T06:46:28.892527+00:00,https://tasks.olimpiada.ru/upload/files/tasks/72/2023/tasks-math-10-mun-arh-23-24.pdf,http://tasks.olimpiada.ru/upload/files/tasks/72/2023/tasks-math-10-mun-arh-23-24.pdf,https://olimpiada.ru/activity/72/tasks/2023?class=10,,text
821c611bf988dc,vsosh,municipal,2023,2024,2023/2024,Архангельская область,[],[10],solutions,archive_mirror,archive/vsosh/municipal/2023-2024/arh/821c611bf988dc_sol-math-10-mun-arh-23-24.pdf,40d15092781a838908ddc0e7e79bb3d800905f02d79d9583b3fb8b6f6ce4e2a7,389600,2026-10-01T06:46:32.075541+00:00,https://tasks.olimpiada.ru/upload/files/tasks/72/2023/sol-math-10-mun-arh-23-24.pdf,http://tasks.olimpiada.ru/upload/files/tasks/72/2023/sol-math-10-mun-arh-23-24.pdf,https://olimpiada.ru/activity/72/tasks/2023?class=10,,text
b695474f5a65f2,vsosh,municipal,2023,2024,2023/2024,Республика Татарстан,[],[10],tasks,archive_mirror,archive/vsosh/municipal/2023-2024/tat/b695474f5a65f2_tasks-math-10-mun-tat-23-24.pdf,69778412c385703d0cb564883eb51ec36d7238679360861e0e0a073758aebc4b,140793,2026-10-01T06:48:43.836613+00:00,https://tasks.olimpiada.ru/upload/files/tasks/72/2023/tasks-math-10-mun-tat-23-24.pdf,http://tasks.olimpiada.ru/upload/files/tasks/72/2023/tasks-math-10-mun-tat-23-24.pdf,https://olimpiada.ru/activity/72/tasks/2023?class=10,,text
6fd004614c88a9,vsosh,municipal,2023,2024,2023/2024,Республика Татарстан,[],[10],solutions,archive_mirror,archive/vsosh/municipal/2023-2024/tat/6fd004614c88a9_sol-math-10-mun-tat-23-24.pdf,6d8948c4230f1e88921fb2b397cb3fd26f7a3a71d511b3e71a864cf1c5e8ad98,319017,2026-10-01T06:46:33.128570+00:00,https://tasks.olimpiada.ru/upload/files/tasks/72/2023/sol-math-10-mun-tat-23-24.pdf,http://tasks.olimpiada.ru/upload/files/tasks/72/2023/sol-math-10-mun-tat-23-24.pdf,https://olimpiada.ru/activity/72/tasks/2023?class=10,,text
a24ed1844fe2b1,vsosh,municipal,2023,2024,2023/2024,Новосибирская область,[],[10],tasks,archive_mirror,archive/vsosh/municipal/2023-2024/novosb/a24ed1844fe2b1_tasks-math-10-mun-novosb-23-24.pdf,31c257fce9eb9dc5831a23043132b0a86dbf77e844d3be643371eaa08f3cb087,595269,2026-10-01T06:48:44.048058+00:00,https://tasks.olimpiada.ru/upload/files/tasks/72/2023/tasks-math-10-mun-novosb-23-24.pdf,http://tasks.olimpiada.ru/upload/files/tasks/72/2023/tasks-math-10-mun-novosb-23-24.pdf,https://olimpiada.ru/activity/72/tasks/2023?class=10,,text
958e47984ea481,vsosh,municipal,2023,2024,2023/2024,Новосибирская область,[],[10],solutions,archive_mirror,archive/vsosh/municipal/2023-2024/novosb/958e47984ea481_sol-math-10-mun-novosb-23-24.pdf,3ef6dc87a10da4b30ce18ce887dc625657dd115698ae13daa30cfe762a77a26e,409150,2026-10-01T06:49:00.850314+00:00,https://tasks.olimpiada.ru/upload/files/tasks/72/2023/sol-math-10-mun-novosb-23-24.pdf,http://tasks.olimpiada.ru/upload/files/tasks/72/2023/sol-math-10-mun-novosb-23-24.pdf,https://olimpiada.ru/activity/72/tasks/2023?class=10,,text
21a0d8df23d335,vsosh,municipal,2023,2024,2023/2024,Курская область,[],[10],tasks,archive_mirror,archive/vsosh/municipal/2023-2024/kursk/21a0d8df23d335_tasks-math-10-mun-kursk-23-24.pdf,695f299416a18b67668cc478b8f979842919c242be84bf6723074fdd1f3f249c,508436,2026-10-01T06:46:56.729492+00:00,https://tasks.olimpiada.ru/upload/files/tasks/72/2023/tasks-math-10-mun-kursk-23-24.pdf,http://tasks.olimpiada.ru/upload/files/tasks/72/2023/tasks-math-10-mun-kursk-23-24.pdf,https://olimpiada.ru/activity/72/tasks/2023?class=10,,text
53c61893c7b29d,vsosh,municipal,2023,2024,2023/2024,Курская область,[],[10],solutions,archive_mirror,archive/vsosh/municipal/2023-2024/kursk/53c61893c7b29d_sol-math-10-mun-kursk-23-24.pdf,d885d9984258b26c0ea947830ba4b83bd169ba90cd9ea7b8c770ce09af76dfd3,697352,2026-10-01T06:48:44.930578+00:00,https://tasks.olimpiada.ru/upload/files/tasks/72/2023/sol-math-10-mun-kursk-23-24.pdf,http://tasks.olimpiada.ru/upload/files/tasks/72/2023/sol-math-10-mun-kursk-23-24.pdf,https://olimpiada.ru/activity/72/tasks/2023?class=10,,text
ea117e998483df,vsosh,municipal,2023,2024,2023/2024,Камчатский край,[],[10],tasks,archive_mirror,archive/vsosh/municipal/2023-2024/kamchatka/ea117e998483df_tasks-math-10-mun-kamchatka-23-24.pdf,66d1dce13d8b1fecb2d23111ee4fe5ffb7de6bf24715c54619281c2673392a41,574204,2026-10-01T06:46:43.079927+00:00,https://tasks.olimpiada.ru/upload/files/tasks/72/2023/tasks-math-10-mun-kamchatka-23-24.pdf,http://tasks.olimpiada.ru/upload/files/tasks/72/2023/tasks-math-10-mun-kamchatka-23-24.pdf,https://olimpiada.ru/activity/72/tasks/2023?class=10,,text
475a8f3ca6fa23,vsosh,municipal,2023,2024,2023/2024,Камчатский край,[],[10],solutions,archive_mirror,archive/vsosh/municipal/2023-2024/kamchatka/475a8f3ca6fa23_sol-math-10-mun-kamchatka-23-24.pdf,0f0865977401fcfb8058ac3675ebcbcab976be8e3442d1b1ce3cba0574a1d1a0,615024,2026-10-01T06:46:44.275620+00:00,https://tasks.olimpiada.ru/upload/files/tasks/72/2023/sol-math-10-mun-kamchatka-23-24.pdf,http://tasks.olimpiada.ru/upload/files/tasks/72/2023/sol-math-10-mun-kamchatka-23-24.pdf,https://olimpiada.ru/activity/72/tasks/2023?class=10,,text
0282d4bf60f785,vsosh,municipal,2023,2024,2023/2024,Республика Карелия,[],[10],tasks,archive_mirror,archive/vsosh/municipal/2023-2024/karel/0282d4bf60f785_tasks-math-10-mun-karel-23-24.pdf,823e4e63ac53975e831e6fefd2700c1493453713d511594f4d0da1ff2539a9ed,276492,2026-10-01T06:46:46.402594+00:00,https://tasks.olimpiada.ru/upload/files/tasks/72/2023/tasks-math-10-mun-karel-23-24.pdf,http://tasks.olimpiada.ru/upload/files/tasks/72/2023/tasks-math-10-mun-karel-23-24.pdf,https://olimpiada.ru/activity/72/tasks/2023?class=10,,text
b7cda5eead95d9,vsosh,municipal,2023,2024,2023/2024,Республика Карелия,[],[10],solutions,archive_mirror,archive/vsosh/municipal/2023-2024/karel/b7cda5eead95d9_sol-math-10-mun-karel-23-24.pdf,3759e255d56e9d7907a952fe2dd9a92628bb4eb670b281d26ca64dca8d75768e,341702,2026-10-01T06:47:05.397164+00:00,https://tasks.olimpiada.ru/upload/files/tasks/72/2023/sol-math-10-mun-karel-23-24.pdf,http://tasks.olimpiada.ru/upload/files/tasks/72/2023/sol-math-10-mun-karel-23-24.pdf,https://olimpiada.ru/activity/72/tasks/2023?class=10,,text
a2f081be81e56e,vsosh,municipal,2023,2024,2023/2024,Республика Башкортостан,[],[10],tasks,archive_mirror,archive/vsosh/municipal/2023-2024/bash/a2f081be81e56e_tasks-math-10-mun-bash-23-24.pdf,f858ebb55823a26f238f60138771d5c7bce906497fe6eedbc3890c84d609669f,507006,2026-10-01T06:46:56.134762+00:00,https://tasks.olimpiada.ru/upload/files/tasks/72/2023/tasks-math-10-mun-bash-23-24.pdf,http://tasks.olimpiada.ru/upload/files/tasks/72/2023/tasks-math-10-mun-bash-23-24.pdf,https://olimpiada.ru/activity/72/tasks/2023?class=10,,text
1f7ee1a4f1e202,vsosh,municipal,2023,2024,2023/2024,Республика Башкортостан,[],[10],solutions,archive_mirror,archive/vsosh/municipal/2023-2024/bash/1f7ee1a4f1e202_sol-math-10-mun-bash-23-24.pdf,3e9bde5c4d7389482e63c60ea2be7b8d3af48f14fd3fa30566aafada867c5e6d,697936,2026-10-01T06:47:12.343394+00:00,https://tasks.olimpiada.ru/upload/files/tasks/72/2023/sol-math-10-mun-bash-23-24.pdf,http://tasks.olimpiada.ru/upload/files/tasks/72/2023/sol-math-10-mun-bash-23-24.pdf,https://olimpiada.ru/activity/72/tasks/2023?class=10,,text
69c8fa84921b10,vsosh,municipal,2023,2024,2023/2024,Тульская область,[],[10],tasks,archive_mirror,archive/vsosh/municipal/2023-2024/tula/69c8fa84921b10_tasks-math-10-mun-tula-23-24.pdf,62f88810e69ee3c8f8f52cb17d659de20e0c0287d7229fc735c167e6f8ea175f,445842,2026-10-01T06:47:01.436067+00:00,https://tasks.olimpiada.ru/upload/files/tasks/72/2023/tasks-math-10-mun-tula-23-24.pdf,http://tasks.olimpiada.ru/upload/files/tasks/72/2023/tasks-math-10-mun-tula-23-24.pdf,https://olimpiada.ru/activity/72/tasks/2023?class=10,,text
02a12f90d3b410,vsosh,municipal,2023,2024,2023/2024,Тульская область,[],[10],solutions,archive_mirror,archive/vsosh/municipal/2023-2024/tula/02a12f90d3b410_sol-math-10-mun-tula-23-24.pdf,f9adca2fa061cfec433e06034ab7becf499e6959f9f42df6c0c80c5f7be248ee,1146761,2026-10-01T06:47:02.003151+00:00,https://tasks.olimpiada.ru/upload/files/tasks/72/2023/sol-math-10-mun-tula-23-24.pdf,http://tasks.olimpiada.ru/upload/files/tasks/72/2023/sol-math-10-mun-tula-23-24.pdf,https://olimpiada.ru/activity/72/tasks/2023?class=10,,text
5d93a773a8cd6c,vsosh,municipal,2023,2024,2023/2024,Омская область,[],[10],tasks,archive_mirror,archive/vsosh/municipal/2023-2024/omsk/5d93a773a8cd6c_tasks-math-10-mun-omsk-23-24.pdf,04085acc779165d42348d4054ca11d171d0d7031a82253eabff51bbff89a8e69,234895,2026-10-01T06:47:05.713680+00:00,https://tasks.olimpiada.ru/upload/files/tasks/72/2023/tasks-math-10-mun-omsk-23-24.pdf,http://tasks.olimpiada.ru/upload/files/tasks/72/2023/tasks-math-10-mun-omsk-23-24.pdf,https://olimpiada.ru/activity/72/tasks/2023?class=10,,text
3b554e7884bc4b,vsosh,municipal,2023,2024,2023/2024,Омская область,[],[10],solutions,archive_mirror,archive/vsosh/municipal/2023-2024/omsk/3b554e7884bc4b_sol-math-10-mun-omsk-23-24.pdf,e439852b8deec4ef8549ba4aa9fe7b1217777ae6487be297bc8204ba15d56afc,347667,2026-10-01T06:47:02.933483+00:00,https://tasks.olimpiada.ru/upload/files/tasks/72/2023/sol-math-10-mun-omsk-23-24.pdf,http://tasks.olimpiada.ru/upload/files/tasks/72/2023/sol-math-10-mun-omsk-23-24.pdf,https://olimpiada.ru/activity/72/tasks/2023?class=10,,text
073736ae1f75ce,vsosh,municipal,2023,2024,2023/2024,Республика Марий Эл,[],[10],tasks,archive_mirror,archive/vsosh/municipal/2023-2024/ml/073736ae1f75ce_tasks-math-10-mun-ml-23-24.pdf,4816dc8ac9cb97d041ce33c510b62be1c608f5741393fc2dc5b6f966d1292ff9,115435,2026-10-01T06:47:04.923644+00:00,https://tasks.olimpiada.ru/upload/files/tasks/72/2023/tasks-math-10-mun-ml-23-24.pdf,http://tasks.olimpiada.ru/upload/files/tasks/72/2023/tasks-math-10-mun-ml-23-24.pdf,https://olimpiada.ru/activity/72/tasks/2023?class=10,,text
353a08b440cf3c,vsosh,municipal,2023,2024,2023/2024,Республика Марий Эл,[],[10],solutions,archive_mirror,archive/vsosh/municipal/2023-2024/ml/353a08b440cf3c_sol-math-10-mun-ml-23-24.pdf,641a31d39b252e79738d1543e6b49f786b782b35da53c94d195f16a7d3efc2aa,159830,2026-10-01T06:47:04.091450+00:00,https://tasks.olimpiada.ru/upload/files/tasks/72/2023/sol-math-10-mun-ml-23-24.pdf,http://tasks.olimpiada.ru/upload/files/tasks/72/2023/sol-math-10-mun-ml-23-24.pdf,https://olimpiada.ru/activity/72/tasks/2023?class=10,,text
b2a79c7cc7a32a,vsosh,municipal,2019,2020,2019/2020,Москва,[],"[7, 8, 9, 10, 11]",tasks,organizer,archive/vsosh/municipal/2019-2020/moscow/b2a79c7cc7a32a_usl_7-11.pdf,13d0582b9edecad5c25aa4a4a16065186ad56c7f74144079692d6e80cd7bf634,187548,2026-10-01T06:28:17.683996+00:00,https://mmo.mccme.ru/2020/okrug/usl_7-11.pdf,https://mmo.mccme.ru/2020/okrug/usl_7-11.pdf,https://olympiads.mccme.ru/mmo/okrug/okr19.htm,,text
beb463a8e308ee,vsosh,municipal,2018,2019,2018/2019,Москва,[],"[7, 8, 9, 10, 11]",tasks,organizer,archive/vsosh/municipal/2018-2019/moscow/beb463a8e308ee_usl_7-11.pdf,3c2a381c422937508cdfe9e234d8c145008ed55a35e4bde411bc905a1382e0b7,106545,2026-10-01T06:28:36.151241+00:00,https://mmo.mccme.ru/2019/okrug/usl_7-11.pdf,https://mmo.mccme.ru/2019/okrug/usl_7-11.pdf,https://olympiads.mccme.ru/mmo/okrug/okr18.htm,,text
3a73566fcceb20,vsosh,municipal,2017,2018,2017/2018,Москва,[],"[7, 8, 9, 10, 11]",tasks,organizer,archive/vsosh/municipal/2017-2018/moscow/3a73566fcceb20_usl_7-11.pdf,9a6dcca82485de882f302469bc3cfb57eb041b93f5f10af0cf7dff79a9e92f84,117366,2026-10-01T06:28:22.256332+00:00,https://mmo.mccme.ru/2018/okrug/usl_7-11.pdf,https://mmo.mccme.ru/2018/okrug/usl_7-11.pdf,https://olympiads.mccme.ru/mmo/okrug/okr17.htm,,text
14d09c4403c539,vsosh,municipal,2015,2016,2015/2016,Москва,[],"[7, 8, 9, 10, 11]",tasks,organizer,archive/vsosh/municipal/2015-2016/moscow/14d09c4403c539_usl_7-11.pdf,9ac1cecab022848b4a64aa868e91502bf26af5346285608dc12baac4b03829a7,148503,2026-10-01T06:28:24.419749+00:00,https://mmo.mccme.ru/2016/okrug/usl_7-11.pdf,https://mmo.mccme.ru/2016/okrug/usl_7-11.pdf,https://olympiads.mccme.ru/mmo/okrug/okr15.htm,,text
b17db93aafce39,vsosh,municipal,2014,2015,2014/2015,Москва,[],"[7, 8, 9, 10, 11]",tasks,organizer,archive/vsosh/municipal/2014-2015/moscow/b17db93aafce39_usl_7-11.pdf,8a0bf404a285ea95f3f706f78158aa3ac3a8f9be94f2856df3ea952992a66137,127073,2026-10-01T06:28:25.503015+00:00,https://mmo.mccme.ru/2015/okrug/usl_7-11.pdf,https://mmo.mccme.ru/2015/okrug/usl_7-11.pdf,https://olympiads.mccme.ru/mmo/okrug/okr14.htm,,text
0852f32de8bcf5,vsosh,regional,2014,,2013/2014,Москва,[1],"[9, 10, 11]",combined,organizer,archive/vsosh/regional/2013-2014/moscow/0852f32de8bcf5_iii-1.pdf,2435cd3e977ad2bac385ef9d6d88cdc6245eac26c5fe038d03a01f963ad883c8,173004,2026-10-01T06:42:50.605455+00:00,https://olympiads.mccme.ru/vmo/2014/iii-1.pdf,https://olympiads.mccme.ru/vmo/2014/iii-1.pdf,https://olympiads.mccme.ru/vmo/2014/index.htm#pdf,,text
f63fae05373ec5,vsosh,regional,2014,,2013/2014,Москва,[2],"[9, 10, 11]",combined,organizer,archive/vsosh/regional/2013-2014/moscow/f63fae05373ec5_iii-2.pdf,c04a5bf42f2107a36bcd2f0e38d433e55e7df9140690551733a53c8520f181f9,163297,2026-10-01T06:43:06.428943+00:00,https://olympiads.mccme.ru/vmo/2014/iii-2.pdf,https://olympiads.mccme.ru/vmo/2014/iii-2.pdf,https://olympiads.mccme.ru/vmo/2014/index.htm#pdf,,text
9ae2593c18b9a9,vsosh,regional,2014,,2013/2014,Москва,[1],"[9, 10, 11]",tasks,organizer,archive/vsosh/regional/2013-2014/moscow/9ae2593c18b9a9_iii-day1.pdf,153d74fc8298874ab3aaf37f654e6077a4f62fa64e4cc445511d77ce833a05d5,52303,2026-10-01T06:43:06.389092+00:00,https://olympiads.mccme.ru/vmo/2014/iii-day1.pdf,https://olympiads.mccme.ru/vmo/2014/iii-day1.pdf,https://olympiads.mccme.ru/vmo/2014/index.htm#pdf,,text
f4c5dfd23f4f3f,vsosh,regional,2014,,2013/2014,Москва,[2],"[9, 10, 11]",tasks,organizer,archive/vsosh/regional/2013-2014/moscow/f4c5dfd23f4f3f_iii-day2.pdf,ade7a3b6d6f33d0b0a274fadef90933e37e8e7a224809d86c58a77cf430cdc17,60653,2026-10-01T06:42:50.289677+00:00,https://olympiads.mccme.ru/vmo/2014/iii-day2.pdf,https://olympiads.mccme.ru/vmo/2014/iii-day2.pdf,https://olympiads.mccme.ru/vmo/2014/index.htm#pdf,,text
ad5f07387aafd3,vsosh,regional,2017,,2016/2017,Москва,[1],"[9, 10, 11]",combined,organizer,archive/vsosh/regional/2016-2017/moscow/ad5f07387aafd3_iii-1.pdf,41b78c025e3cb34c07826af6a8a84869348910234ea4db6c6773ac6c52a97941,183666,2026-10-01T06:42:50.530052+00:00,https://olympiads.mccme.ru/vmo/2017/iii-1.pdf,https://olympiads.mccme.ru/vmo/2017/iii-1.pdf,https://olympiads.mccme.ru/vmo/2017/index.htm#pdf,,text
981ec51d762120,vsosh,regional,2017,,2016/2017,Москва,[2],"[9, 10, 11]",combined,organizer,archive/vsosh/regional/2016-2017/moscow/981ec51d762120_iii-2.pdf,304e397c56365f51765748d3488d7f2c58c1126520d518834eaf20136352b766,168725,2026-10-01T06:42:50.473967+00:00,https://olympiads.mccme.ru/vmo/2017/iii-2.pdf,https://olympiads.mccme.ru/vmo/2017/iii-2.pdf,https://olympiads.mccme.ru/vmo/2017/index.htm#pdf,,text
ffe73ee256596c,vsosh,regional,2017,,2016/2017,Москва,[1],"[9, 10, 11]",tasks,organizer,archive/vsosh/regional/2016-2017/moscow/ffe73ee256596c_iii-day1.pdf,7d1576cd5f6b8a4b86f3263a61024df6f640a585518bd60cb6bc83954052a957,47465,2026-10-01T06:42:50.232384+00:00,https://olympiads.mccme.ru/vmo/2017/iii-day1.pdf,https://olympiads.mccme.ru/vmo/2017/iii-day1.pdf,https://olympiads.mccme.ru/vmo/2017/index.htm#pdf,,text
84f55674260a16,vsosh,regional,2017,,2016/2017,Москва,[2],"[9, 10, 11]",tasks,organizer,archive/vsosh/regional/2016-2017/moscow/84f55674260a16_iii-day2.pdf,0454e54cb243958f65d5e394b4dba468767a8f9b148ac9b69bc0fb0f6a940b8e,48961,2026-10-01T06:43:06.285337+00:00,https://olympiads.mccme.ru/vmo/2017/iii-day2.pdf,https://olympiads.mccme.ru/vmo/2017/iii-day2.pdf,https://olympiads.mccme.ru/vmo/2017/index.htm#pdf,,text
