id,competition,stage,year,academic_year,region,day,variant,number,topics,methods,form,review_status,difficulty,summary,reserve,pdf,page,source_url
MOSH-2026-10.1,mosh,main,2026,2025/2026,Москва,1,,1,geometry,angles,Доказательство,statement_reviewed,1,Диаметр и две равноудалённые точки на стороне треугольника.,True,archive/mosh/main/2025-2026/moscow/beaceb3346fcde_mmo2026-var10.pdf,1,https://mmo.mccme.ru/2026/mmo2026-var10.pdf
MOSH-2026-10.2,mosh,main,2026,2025/2026,Москва,1,,2,algebra;number_theory,vieta;modular,Существование или невозможность,statement_reviewed,2,Целые корни после увеличения каждого коэффициента на один.,True,archive/mosh/main/2025-2026/moscow/beaceb3346fcde_mmo2026-var10.pdf,1,https://mmo.mccme.ru/2026/mmo2026-var10.pdf
MOSH-2026-10.3,mosh,main,2026,2025/2026,Москва,1,,3,combinatorics,strategy;invariant,Игра или стратегия,statement_reviewed,2,Гарантия разноцветных пар шариков при скрытых обменах.,True,archive/mosh/main/2025-2026/moscow/beaceb3346fcde_mmo2026-var10.pdf,1,https://mmo.mccme.ru/2026/mmo2026-var10.pdf
MOSH-2026-10.4,mosh,main,2026,2025/2026,Москва,1,,4,geometry,angles;bounds,Доказательство,statement_reviewed,3,Трисекция стороны и неравенство длин при пяти равных углах.,True,archive/mosh/main/2025-2026/moscow/beaceb3346fcde_mmo2026-var10.pdf,1,https://mmo.mccme.ru/2026/mmo2026-var10.pdf
MOSH-2026-10.5,mosh,main,2026,2025/2026,Москва,1,,5,number_theory;combinatorics,matching;modular;construction,Смешанный вопрос,statement_reviewed,3,Различные простые делители для последовательных чисел.,True,archive/mosh/main/2025-2026/moscow/beaceb3346fcde_mmo2026-var10.pdf,1,https://mmo.mccme.ru/2026/mmo2026-var10.pdf
MOSH-2026-10.6,mosh,main,2026,2025/2026,Москва,1,,6,algebra,polynomials;bounds;construction,Оценка и конструкция,statement_reviewed,3,Минимальная степень симметрического многочлена с конечным набором решений.,True,archive/mosh/main/2025-2026/moscow/beaceb3346fcde_mmo2026-var10.pdf,1,https://mmo.mccme.ru/2026/mmo2026-var10.pdf
MOSH-2025-10.1,mosh,main,2025,2024/2025,Москва,1,,1,algebra,construction,Смешанный вопрос,statement_reviewed,1,"Два множества вещественных чисел, замкнутые по сумме и разности.",False,archive/mosh/main/2024-2025/moscow/97b8ea0c522871_mmo2025-var10.pdf,1,https://mmo.mccme.ru/2025/mmo2025-var10.pdf
MOSH-2025-10.2,mosh,main,2025,2024/2025,Москва,1,,2,geometry,areas;similarity,Смешанный вопрос,statement_reviewed,2,Сравнение трёх площадей в конфигурации с высотой и окружностью.,False,archive/mosh/main/2024-2025/moscow/97b8ea0c522871_mmo2025-var10.pdf,1,https://mmo.mccme.ru/2025/mmo2025-var10.pdf
MOSH-2025-10.3,mosh,main,2025,2024/2025,Москва,1,,3,combinatorics,graphs;pigeonhole;construction,Подсчёт,solution_reviewed,2,Переключение дружбы рыцаря и две враждующие пятёрки.,False,archive/mosh/main/2024-2025/moscow/97b8ea0c522871_mmo2025-var10.pdf,1,https://mmo.mccme.ru/2025/mmo2025-var10.pdf
MOSH-2025-10.4,mosh,main,2025,2024/2025,Москва,1,,4,algebra;number_theory,modular;polynomials,Существование или невозможность,statement_reviewed,3,Делимость f(p^k) для всех простых p без делимости f(m).,False,archive/mosh/main/2024-2025/moscow/97b8ea0c522871_mmo2025-var10.pdf,1,https://mmo.mccme.ru/2025/mmo2025-var10.pdf
MOSH-2025-10.5,mosh,main,2025,2024/2025,Москва,1,,5,geometry,angles,Вычисление,statement_reviewed,3,Сумма трёх углов из биссектрис и оснований высот.,False,archive/mosh/main/2024-2025/moscow/97b8ea0c522871_mmo2025-var10.pdf,1,https://mmo.mccme.ru/2025/mmo2025-var10.pdf
MOSH-2025-10.6,mosh,main,2025,2024/2025,Москва,1,,6,combinatorics,invariant;modular;double_counting,Существование или невозможность,statement_reviewed,3,"Циклическая смена эльфов, гномов и орков в таверне.",False,archive/mosh/main/2024-2025/moscow/97b8ea0c522871_mmo2025-var10.pdf,1,https://mmo.mccme.ru/2025/mmo2025-var10.pdf
MOSH-2024-10.1,mosh,main,2024,2023/2024,Москва,1,,1,combinatorics;geometry,strategy;bounds,Игра или стратегия,solution_reviewed,1,Игра на отрезке с треугольником из трёх соседних промежутков.,False,archive/mosh/main/2023-2024/moscow/07221a49c39cc0_mmo2024-var10.pdf,1,https://mmo.mccme.ru/2024/mmo2024-var10.pdf
MOSH-2024-10.2,mosh,main,2024,2023/2024,Москва,1,,2,geometry,angles;pigeonhole,Доказательство,statement_reviewed,2,Тупоугольный треугольник из несоседних вершин девятиугольника.,False,archive/mosh/main/2023-2024/moscow/07221a49c39cc0_mmo2024-var10.pdf,1,https://mmo.mccme.ru/2024/mmo2024-var10.pdf
MOSH-2024-10.3,mosh,main,2024,2023/2024,Москва,1,,3,combinatorics,extremal;bounds;construction,Оценка и конструкция,solution_reviewed,2,Минимум членов клуба при сравнении знакомств и посещений.,False,archive/mosh/main/2023-2024/moscow/07221a49c39cc0_mmo2024-var10.pdf,1,https://mmo.mccme.ru/2024/mmo2024-var10.pdf
MOSH-2024-10.4,mosh,main,2024,2023/2024,Москва,1,,4,geometry,bounds;similarity,Доказательство,statement_reviewed,3,Разность радиусов вписанных окружностей в описанном четырёхугольнике.,False,archive/mosh/main/2023-2024/moscow/07221a49c39cc0_mmo2024-var10.pdf,1,https://mmo.mccme.ru/2024/mmo2024-var10.pdf
MOSH-2024-10.5,mosh,main,2024,2023/2024,Москва,1,,5,algebra;number_theory,polynomials;construction,Смешанный вопрос,statement_reviewed,3,Три итерации целого кубического многочлена до нуля.,False,archive/mosh/main/2023-2024/moscow/07221a49c39cc0_mmo2024-var10.pdf,1,https://mmo.mccme.ru/2024/mmo2024-var10.pdf
MOSH-2024-10.6,mosh,main,2024,2023/2024,Москва,1,,6,algebra;combinatorics,bijection;bounds;construction,Оценка и конструкция,statement_reviewed,3,Стопки карточек со всеми иррациональными частичными суммами.,False,archive/mosh/main/2023-2024/moscow/07221a49c39cc0_mmo2024-var10.pdf,1,https://mmo.mccme.ru/2024/mmo2024-var10.pdf
MOSH-2023-10.1,mosh,main,2023,2022/2023,Москва,1,,1,number_theory;algebra,factorization,Доказательство,solution_reviewed,1,Четыре целых числа с равенством суммы и циклических произведений плюс один.,False,archive/mosh/main/2022-2023/moscow/4b8d9ee4deb508_mmo2023-var10.pdf,1,https://mmo.mccme.ru/2023/mmo2023-var10.pdf
MOSH-2023-10.2,mosh,main,2023,2022/2023,Москва,1,,2,algebra;combinatorics,bounds;construction,Оценка и конструкция,statement_reviewed,2,Максимум обгонов в эстафете двух команд по двадцать человек.,False,archive/mosh/main/2022-2023/moscow/4b8d9ee4deb508_mmo2023-var10.pdf,1,https://mmo.mccme.ru/2023/mmo2023-var10.pdf
MOSH-2023-10.3,mosh,main,2023,2022/2023,Москва,1,,3,geometry,power;similarity,Вычисление,solution_reviewed,2,Хорда на средней линии и окружность через точки касания вневписанной окружности.,False,archive/mosh/main/2022-2023/moscow/4b8d9ee4deb508_mmo2023-var10.pdf,1,https://mmo.mccme.ru/2023/mmo2023-var10.pdf
MOSH-2023-10.4,mosh,main,2023,2022/2023,Москва,1,,4,number_theory,modular;invariant,Смешанный вопрос,solution_reviewed,3,Числовой процесс AB -> 2A+8B и возможность остановки.,False,archive/mosh/main/2022-2023/moscow/4b8d9ee4deb508_mmo2023-var10.pdf,1,https://mmo.mccme.ru/2023/mmo2023-var10.pdf
MOSH-2023-10.5,mosh,main,2023,2022/2023,Москва,1,,5,geometry,angles;power,Вычисление,statement_reviewed,3,Геометрическое место центра вписанной окружности между двумя касающимися окружностями.,False,archive/mosh/main/2022-2023/moscow/4b8d9ee4deb508_mmo2023-var10.pdf,1,https://mmo.mccme.ru/2023/mmo2023-var10.pdf
MOSH-2023-10.6,mosh,main,2023,2022/2023,Москва,1,,6,combinatorics,bounds;construction;strategy,Оценка и конструкция,statement_reviewed,3,Минимум хамелеонов для гарантированного перехода из красного в синий.,False,archive/mosh/main/2022-2023/moscow/4b8d9ee4deb508_mmo2023-var10.pdf,1,https://mmo.mccme.ru/2023/mmo2023-var10.pdf
MOSH-2022-10.1,mosh,main,2022,2021/2022,Москва,1,,1,number_theory,modular;bounds,Оценка и конструкция,solution_reviewed,1,"Максимум n, для которого n-p просто для каждого нечётного простого p<n.",False,archive/mosh/main/2021-2022/moscow/3adddc9e2c0c8c_mmo2022-var10.pdf,1,https://mmo.mccme.ru/2022/mmo2022-var10.pdf
MOSH-2022-10.2,mosh,main,2022,2021/2022,Москва,1,,2,geometry,similarity;angles,Доказательство,solution_reviewed,2,Касательная к окружности треугольника и окружность через середины сторон.,False,archive/mosh/main/2021-2022/moscow/3adddc9e2c0c8c_mmo2022-var10.pdf,1,https://mmo.mccme.ru/2022/mmo2022-var10.pdf
MOSH-2022-10.3,mosh,main,2022,2021/2022,Москва,1,,3,number_theory;geometry;combinatorics,pigeonhole;modular;construction,Оценка и конструкция,solution_reviewed,2,Середина пары узлов квадратной и шестиугольной сетки.,False,archive/mosh/main/2021-2022/moscow/3adddc9e2c0c8c_mmo2022-var10.pdf,1,https://mmo.mccme.ru/2022/mmo2022-var10.pdf
MOSH-2022-10.4,mosh,main,2022,2021/2022,Москва,1,,4,algebra;number_theory,polynomials;bounds,Оценка и конструкция,statement_reviewed,3,"Максимум корней целого унитарного многочлена в (0,1).",False,archive/mosh/main/2021-2022/moscow/3adddc9e2c0c8c_mmo2022-var10.pdf,1,https://mmo.mccme.ru/2022/mmo2022-var10.pdf
MOSH-2022-10.5,mosh,main,2022,2021/2022,Москва,1,,5,geometry,areas;angles,Доказательство,statement_reviewed,3,Равные радиусы шести отсечённых треугольников.,False,archive/mosh/main/2021-2022/moscow/3adddc9e2c0c8c_mmo2022-var10.pdf,1,https://mmo.mccme.ru/2022/mmo2022-var10.pdf
MOSH-2022-10.6,mosh,main,2022,2021/2022,Москва,1,,6,combinatorics;number_theory,modular;graphs,Доказательство,statement_reviewed,3,Разбиение двоичных последовательностей на двадцать групп.,False,archive/mosh/main/2021-2022/moscow/3adddc9e2c0c8c_mmo2022-var10.pdf,1,https://mmo.mccme.ru/2022/mmo2022-var10.pdf
MOSH-2021-10.1,mosh,main,2021,2020/2021,Москва,1,,1,number_theory,modular;bounds;construction,Оценка и конструкция,statement_reviewed,1,Минимум числа с делимостью после удаления первой и последней цифр.,False,archive/mosh/main/2020-2021/moscow/9f9c82f9b5b55c_mmo2021-var10.pdf,1,https://mmo.mccme.ru/2021/mmo2021-var10.pdf
MOSH-2021-10.2,mosh,main,2021,2020/2021,Москва,1,,2,geometry,angles;bounds,Доказательство,statement_reviewed,2,Острый угол между диагоналями равнобокой трапеции.,False,archive/mosh/main/2020-2021/moscow/9f9c82f9b5b55c_mmo2021-var10.pdf,1,https://mmo.mccme.ru/2021/mmo2021-var10.pdf
MOSH-2021-10.3,mosh,main,2021,2020/2021,Москва,1,,3,combinatorics,recurrence;bounds;construction,Существование или невозможность,statement_reviewed,2,Десять камней и достижимость клетки 1000.,False,archive/mosh/main/2020-2021/moscow/9f9c82f9b5b55c_mmo2021-var10.pdf,1,https://mmo.mccme.ru/2021/mmo2021-var10.pdf
MOSH-2021-10.4,mosh,main,2021,2020/2021,Москва,1,,4,geometry,angles;similarity,Доказательство,statement_reviewed,3,"Внешняя биссектриса и коллинеарность X,Y,Z.",False,archive/mosh/main/2020-2021/moscow/9f9c82f9b5b55c_mmo2021-var10.pdf,1,https://mmo.mccme.ru/2021/mmo2021-var10.pdf
MOSH-2021-10.5,mosh,main,2021,2020/2021,Москва,1,,5,number_theory;combinatorics,modular;gcd,Доказательство,statement_reviewed,3,Прыжки на p вправо и q влево с возвращением в нуль.,False,archive/mosh/main/2020-2021/moscow/9f9c82f9b5b55c_mmo2021-var10.pdf,1,https://mmo.mccme.ru/2021/mmo2021-var10.pdf
MOSH-2021-10.6,mosh,main,2021,2020/2021,Москва,1,,6,number_theory;algebra,recurrence;construction,Оценка и конструкция,statement_reviewed,3,"Число A, степени которого округляются на расстоянии 2 от квадратов.",False,archive/mosh/main/2020-2021/moscow/9f9c82f9b5b55c_mmo2021-var10.pdf,1,https://mmo.mccme.ru/2021/mmo2021-var10.pdf
MOSH-2020-10.1,mosh,main,2020,2019/2020,Москва,1,,1,algebra,polynomials;construction,Смешанный вопрос,statement_reviewed,1,"Трёхчлен с суммой одиннадцати сдвигов, равной x^2.",False,archive/mosh/main/2019-2020/moscow/eb2a3398d4db43_mmo2020-var10.pdf,1,https://mmo.mccme.ru/2020/mmo2020-var10.pdf
MOSH-2020-10.2,mosh,main,2020,2019/2020,Москва,1,,2,combinatorics,double_counting;bounds,Доказательство,solution_reviewed,2,Доля фильмов с не менее чем двумя зрителями-мужчинами.,False,archive/mosh/main/2019-2020/moscow/eb2a3398d4db43_mmo2020-var10.pdf,1,https://mmo.mccme.ru/2020/mmo2020-var10.pdf
MOSH-2020-10.3,mosh,main,2020,2019/2020,Москва,1,,3,geometry,angles;construction;bounds,Существование или невозможность,statement_reviewed,2,Вписанный 19-угольник с разными сторонами и целыми углами.,False,archive/mosh/main/2019-2020/moscow/eb2a3398d4db43_mmo2020-var10.pdf,1,https://mmo.mccme.ru/2020/mmo2020-var10.pdf
MOSH-2020-10.4,mosh,main,2020,2019/2020,Москва,1,,4,geometry,power;angles,Доказательство,statement_reviewed,3,Общая хорда двух окружностей и новая касательная.,False,archive/mosh/main/2019-2020/moscow/eb2a3398d4db43_mmo2020-var10.pdf,1,https://mmo.mccme.ru/2020/mmo2020-var10.pdf
MOSH-2020-10.5,mosh,main,2020,2019/2020,Москва,1,,5,number_theory;combinatorics,invariant;modular,Смешанный вопрос,solution_reviewed,2,Замена пар целых чисел на сумму и разность.,False,archive/mosh/main/2019-2020/moscow/eb2a3398d4db43_mmo2020-var10.pdf,1,https://mmo.mccme.ru/2020/mmo2020-var10.pdf
MOSH-2020-10.6,mosh,main,2020,2019/2020,Москва,1,,6,combinatorics,extremal;construction;bounds,Подсчёт,statement_reviewed,3,"Ровно k чёрных клеток на каждой непустой вертикали, горизонтали и диагонали.",False,archive/mosh/main/2019-2020/moscow/eb2a3398d4db43_mmo2020-var10.pdf,1,https://mmo.mccme.ru/2020/mmo2020-var10.pdf
MOSH-2019-10.1,mosh,main,2019,2018/2019,Москва,1,,1,number_theory,construction;modular,Смешанный вопрос,statement_reviewed,1,Девятизначное число с делимостью после вычёркивания каждой цифры.,False,archive/mosh/main/2018-2019/moscow/eaa8090702289a_mmo2019-var10.pdf,1,https://mmo.mccme.ru/2019/mmo2019-var10.pdf
MOSH-2019-10.2,mosh,main,2019,2018/2019,Москва,1,,2,geometry,areas;coordinates,Доказательство,statement_reviewed,2,Равные расстояния от оснований высот до прямых через центр окружности.,False,archive/mosh/main/2018-2019/moscow/eaa8090702289a_mmo2019-var10.pdf,1,https://mmo.mccme.ru/2019/mmo2019-var10.pdf
MOSH-2019-10.3,mosh,main,2019,2018/2019,Москва,1,,3,combinatorics,symmetry;construction,Смешанный вопрос,solution_reviewed,2,Прыжки кузнечиков вправо и влево с одинаковой достижимостью расстояния.,False,archive/mosh/main/2018-2019/moscow/eaa8090702289a_mmo2019-var10.pdf,1,https://mmo.mccme.ru/2019/mmo2019-var10.pdf
MOSH-2019-10.4,mosh,main,2019,2018/2019,Москва,1,,4,geometry;combinatorics,construction;pigeonhole,Смешанный вопрос,statement_reviewed,3,Одноцветный треугольник площади 1 в трёхцветной плоскости.,False,archive/mosh/main/2018-2019/moscow/eaa8090702289a_mmo2019-var10.pdf,1,https://mmo.mccme.ru/2019/mmo2019-var10.pdf
MOSH-2019-10.5,mosh,main,2019,2018/2019,Москва,1,,5,algebra;combinatorics,strategy;bijection;bounds,Игра или стратегия,statement_reviewed,3,Игра выбора произведений пяти из десяти упорядоченных переменных.,False,archive/mosh/main/2018-2019/moscow/eaa8090702289a_mmo2019-var10.pdf,1,https://mmo.mccme.ru/2019/mmo2019-var10.pdf
MOSH-2019-10.6,mosh,main,2019,2018/2019,Москва,1,,6,combinatorics;number_theory,bijection;gcd;recurrence,Подсчёт,statement_reviewed,3,"Доминошечные червяки и числа, взаимно простые с n.",False,archive/mosh/main/2018-2019/moscow/eaa8090702289a_mmo2019-var10.pdf,1,https://mmo.mccme.ru/2019/mmo2019-var10.pdf
MOSH-2018-10.1,mosh,main,2018,2017/2018,Москва,1,,1,number_theory,construction;bounds,Существование или невозможность,statement_reviewed,1,Квадрат числа с последовательностью цифр 2018.,False,archive/mosh/main/2017-2018/moscow/824ddd95b013f4_81mmo.pdf,8,https://mmo.mccme.ru/2018/81mmo.pdf
MOSH-2018-10.2,mosh,main,2018,2017/2018,Москва,1,,2,combinatorics,bounds;construction,Оценка и конструкция,solution_reviewed,2,Промежуточный квадрат 10x10 между белым и чёрным.,False,archive/mosh/main/2017-2018/moscow/824ddd95b013f4_81mmo.pdf,8,https://mmo.mccme.ru/2018/81mmo.pdf
MOSH-2018-10.3,mosh,main,2018,2017/2018,Москва,1,,3,geometry,angles;coordinates,Доказательство,statement_reviewed,2,Прямая через основания двух перпендикуляров и середину стороны.,False,archive/mosh/main/2017-2018/moscow/824ddd95b013f4_81mmo.pdf,8,https://mmo.mccme.ru/2018/81mmo.pdf
MOSH-2018-10.4,mosh,main,2018,2017/2018,Москва,1,,4,number_theory;combinatorics,invariant;gcd;construction,Найти все,statement_reviewed,3,Обмен соседних 0 и 1 равносилен повороту круговой последовательности.,False,archive/mosh/main/2017-2018/moscow/824ddd95b013f4_81mmo.pdf,8,https://mmo.mccme.ru/2018/81mmo.pdf
MOSH-2018-10.5,mosh,main,2018,2017/2018,Москва,1,,5,geometry,bounds;monovariant,Доказательство,statement_reviewed,3,Последовательное поедание частей торта после разреза по биссектрисе.,False,archive/mosh/main/2017-2018/moscow/824ddd95b013f4_81mmo.pdf,8,https://mmo.mccme.ru/2018/81mmo.pdf
MOSH-2018-10.6,mosh,main,2018,2017/2018,Москва,1,,6,combinatorics,symmetry;bijection;modular,Подсчёт,statement_reviewed,3,Число разрезаний квадрата на трёхклеточные уголки кратно 27.,False,archive/mosh/main/2017-2018/moscow/824ddd95b013f4_81mmo.pdf,8,https://mmo.mccme.ru/2018/81mmo.pdf
MOSH-2017-10.1,mosh,main,2017,2016/2017,Москва,1,,1,algebra,vieta,Существование или невозможность,statement_reviewed,1,Прибавление единицы ко всем коэффициентам и обоим корням.,False,archive/mosh/main/2016-2017/moscow/7b31306712e89c_80mmo.pdf,7,https://mmo.mccme.ru/2017/80mmo.pdf
MOSH-2017-10.2,mosh,main,2017,2016/2017,Москва,1,,2,number_theory;combinatorics,modular;construction,Смешанный вопрос,statement_reviewed,2,Два цвета натуральных чисел с замкнутостью суммы и произведения.,False,archive/mosh/main/2016-2017/moscow/7b31306712e89c_80mmo.pdf,7,https://mmo.mccme.ru/2017/80mmo.pdf
MOSH-2017-10.3,mosh,main,2017,2016/2017,Москва,1,,3,geometry,angles;areas,Вычисление,statement_reviewed,2,"Окружность AOC и прямая, делящая площадь треугольника пополам.",False,archive/mosh/main/2016-2017/moscow/7b31306712e89c_80mmo.pdf,7,https://mmo.mccme.ru/2017/80mmo.pdf
MOSH-2017-10.4,mosh,main,2017,2016/2017,Москва,1,,4,geometry;combinatorics,invariant,Существование или невозможность,statement_reviewed,3,Можно ли из двух частей многогранника сложить куб.,False,archive/mosh/main/2016-2017/moscow/7b31306712e89c_80mmo.pdf,8,https://mmo.mccme.ru/2017/80mmo.pdf
MOSH-2017-10.5,mosh,main,2017,2016/2017,Москва,1,,5,number_theory,modular;gcd;construction,Найти все,statement_reviewed,3,"Числа с любой достаточно большой суммой цифр, кратные n.",False,archive/mosh/main/2016-2017/moscow/7b31306712e89c_80mmo.pdf,8,https://mmo.mccme.ru/2017/80mmo.pdf
MOSH-2017-10.6,mosh,main,2017,2016/2017,Москва,1,,6,combinatorics,graphs;induction;bounds,Оценка и конструкция,statement_reviewed,3,Максимум различных наборов невраждующих банд.,False,archive/mosh/main/2016-2017/moscow/7b31306712e89c_80mmo.pdf,8,https://mmo.mccme.ru/2017/80mmo.pdf
MOSH-2016-10.1,mosh,main,2016,2015/2016,Москва,1,,1,number_theory;algebra,construction;factorization,Существование или невозможность,statement_reviewed,1,Представление 1/10 произведением десяти правильных дробей.,False,archive/mosh/main/2015-2016/moscow/3d566aea441cf2_79mmo.pdf,5,https://mmo.mccme.ru/2016/79mmo.pdf
MOSH-2016-10.2,mosh,main,2016,2015/2016,Москва,1,,2,geometry,symmetry;similarity,Доказательство,statement_reviewed,2,Отражения точки с двумя равносторонними треугольниками.,False,archive/mosh/main/2015-2016/moscow/3d566aea441cf2_79mmo.pdf,6,https://mmo.mccme.ru/2016/79mmo.pdf
MOSH-2016-10.3,mosh,main,2016,2015/2016,Москва,1,,3,algebra;number_theory,vieta;bounds,Оценка и конструкция,statement_reviewed,2,Минимум коэффициента четвёртой степени с четырьмя положительными корнями.,False,archive/mosh/main/2015-2016/moscow/3d566aea441cf2_79mmo.pdf,7,https://mmo.mccme.ru/2016/79mmo.pdf
MOSH-2016-10.4,mosh,main,2016,2015/2016,Москва,1,,4,number_theory;combinatorics,extremal;descent,Смешанный вопрос,statement_reviewed,3,"Целые числа на белых клетках и разности произведений, равные единице.",False,archive/mosh/main/2015-2016/moscow/3d566aea441cf2_79mmo.pdf,7,https://mmo.mccme.ru/2016/79mmo.pdf
MOSH-2016-10.5,mosh,main,2016,2015/2016,Москва,1,,5,geometry,construction;bounds,Существование или невозможность,statement_reviewed,3,Восемь шаров в единичном кубе и сумма диаметров.,False,archive/mosh/main/2015-2016/moscow/3d566aea441cf2_79mmo.pdf,7,https://mmo.mccme.ru/2016/79mmo.pdf
MOSH-2016-10.6,mosh,main,2016,2015/2016,Москва,1,,6,combinatorics;number_theory,modular;double_counting;bounds,Оценка и конструкция,statement_reviewed,3,Число хоккейных матчей с дополнительным временем по итоговым очкам.,False,archive/mosh/main/2015-2016/moscow/3d566aea441cf2_79mmo.pdf,7,https://mmo.mccme.ru/2016/79mmo.pdf
MOSH-2015-10.1,mosh,main,2015,2014/2015,Москва,1,,1,algebra;number_theory,recurrence;factorization,Доказательство,solution_reviewed,1,Квадраты разностей в последовательности произведение плюс один.,False,archive/mosh/main/2014-2015/moscow/6923eaeb74e728_78mmo.pdf,7,https://mmo.mccme.ru/2015/78mmo.pdf
MOSH-2015-10.2,mosh,main,2015,2014/2015,Москва,1,,2,combinatorics;number_theory,double_counting;gcd,Игра или стратегия,statement_reviewed,2,Неизменность средних очков команд после последнего тура.,False,archive/mosh/main/2014-2015/moscow/6923eaeb74e728_78mmo.pdf,7,https://mmo.mccme.ru/2015/78mmo.pdf
MOSH-2015-10.3,mosh,main,2015,2014/2015,Москва,1,,3,geometry,symmetry;construction;areas,Смешанный вопрос,statement_reviewed,2,Подобный решётчатый треугольник с равными чёрной и белой площадями.,False,archive/mosh/main/2014-2015/moscow/6923eaeb74e728_78mmo.pdf,7,https://mmo.mccme.ru/2015/78mmo.pdf
MOSH-2015-10.4,mosh,main,2015,2014/2015,Москва,1,,4,combinatorics,information;strategy,Доказательство,statement_reviewed,3,Император изгоняет злых волшебников с не более чем одной ошибкой.,False,archive/mosh/main/2014-2015/moscow/6923eaeb74e728_78mmo.pdf,5,https://mmo.mccme.ru/2015/78mmo.pdf
MOSH-2015-10.5,mosh,main,2015,2014/2015,Москва,1,,5,geometry,coordinates;projection,Доказательство,statement_reviewed,2,Высоты и медиана дают перпендикулярность двух прямых.,False,archive/mosh/main/2014-2015/moscow/6923eaeb74e728_78mmo.pdf,7,https://mmo.mccme.ru/2015/78mmo.pdf
MOSH-2015-10.6,mosh,main,2015,2014/2015,Москва,1,,6,algebra,polynomials;construction,Существование или невозможность,statement_reviewed,3,Произведение многочленов с большими коэффициентами имеет малые коэффициенты.,False,archive/mosh/main/2014-2015/moscow/6923eaeb74e728_78mmo.pdf,7,https://mmo.mccme.ru/2015/78mmo.pdf
MOSH-2014-10.1,mosh,main,2014,2013/2014,Москва,1,,1,algebra,factorization;vieta,Доказательство,statement_reviewed,1,Знаки корней трёхчлена по значениям в 1/a и c.,False,archive/mosh/main/2013-2014/moscow/8b1f20ac803264_77mmo.pdf,8,https://mmo.mccme.ru/2014/77mmo.pdf
MOSH-2014-10.2,mosh,main,2014,2013/2014,Москва,1,,2,combinatorics,bounds;construction,Оценка и конструкция,solution_reviewed,2,"Снять минимум рубашек двух цветов, чтобы каждый цвет висел подряд.",False,archive/mosh/main/2013-2014/moscow/8b1f20ac803264_77mmo.pdf,7,https://mmo.mccme.ru/2014/77mmo.pdf
MOSH-2014-10.3,mosh,main,2014,2013/2014,Москва,1,,3,geometry,angles;similarity,Доказательство,statement_reviewed,2,Середина и четверть стороны в конфигурации с описанной окружностью.,False,archive/mosh/main/2013-2014/moscow/8b1f20ac803264_77mmo.pdf,8,https://mmo.mccme.ru/2014/77mmo.pdf
MOSH-2014-10.4,mosh,main,2014,2013/2014,Москва,1,,4,number_theory;combinatorics,graphs;gcd;valuations,Подсчёт,statement_reviewed,3,Разложение весов двудольного графа в произведения весов концов.,False,archive/mosh/main/2013-2014/moscow/8b1f20ac803264_77mmo.pdf,8,https://mmo.mccme.ru/2014/77mmo.pdf
MOSH-2014-10.5,mosh,main,2014,2013/2014,Москва,1,,5,combinatorics;geometry,strategy;construction,Игра или стратегия,statement_reviewed,3,"Игра с одноцветным треугольником, подобным данному.",False,archive/mosh/main/2013-2014/moscow/8b1f20ac803264_77mmo.pdf,8,https://mmo.mccme.ru/2014/77mmo.pdf
MOSH-2014-10.6,mosh,main,2014,2013/2014,Москва,1,,6,algebra,polynomials,Доказательство,statement_reviewed,3,Нулевой коэффициент в степени P+1 по условию на P^2.,False,archive/mosh/main/2013-2014/moscow/8b1f20ac803264_77mmo.pdf,8,https://mmo.mccme.ru/2014/77mmo.pdf
MOSH-2013-10.1,mosh,main,2013,2012/2013,Москва,1,,1,algebra;geometry,vieta;similarity,Доказательство,statement_reviewed,1,Подобие треугольников из пересечений двух парабол с осями.,False,archive/mosh/main/2012-2013/moscow/6b41bc18afcdbe_76mmo.pdf,8,https://mmo.mccme.ru/2013/76mmo.pdf
MOSH-2013-10.2,mosh,main,2013,2012/2013,Москва,1,,2,combinatorics,invariant;double_counting,Подсчёт,solution_reviewed,1,Число отважных детей при вставках в ряд до чередования полов.,False,archive/mosh/main/2012-2013/moscow/6b41bc18afcdbe_76mmo.pdf,9,https://mmo.mccme.ru/2013/76mmo.pdf
MOSH-2013-10.3,mosh,main,2013,2012/2013,Москва,1,,3,geometry,areas;angles,Вычисление,statement_reviewed,2,Площадь четырёхугольника из вершин правильного 4n-угольника.,False,archive/mosh/main/2012-2013/moscow/6b41bc18afcdbe_76mmo.pdf,9,https://mmo.mccme.ru/2013/76mmo.pdf
MOSH-2013-10.4,mosh,main,2013,2012/2013,Москва,1,,4,combinatorics,invariant;recurrence,Доказательство,statement_reviewed,3,Турнир с общей очередью двух команд разной численности.,False,archive/mosh/main/2012-2013/moscow/6b41bc18afcdbe_76mmo.pdf,9,https://mmo.mccme.ru/2013/76mmo.pdf
MOSH-2013-10.5,mosh,main,2013,2012/2013,Москва,1,,5,number_theory;algebra,modular;polynomials,Существование или невозможность,statement_reviewed,3,"Функция, совпадающая по модулю каждого простого с многочленом ограниченной степени.",False,archive/mosh/main/2012-2013/moscow/6b41bc18afcdbe_76mmo.pdf,10,https://mmo.mccme.ru/2013/76mmo.pdf
MOSH-2013-10.6,mosh,main,2013,2012/2013,Москва,1,,6,geometry,power;projection,Доказательство,statement_reviewed,3,Коллинеарность трёх построенных точек и перпендикуляр к OI.,False,archive/mosh/main/2012-2013/moscow/6b41bc18afcdbe_76mmo.pdf,10,https://mmo.mccme.ru/2013/76mmo.pdf
MOSH-2012-10.1,mosh,main,2012,2011/2012,Москва,1,,1,algebra;number_theory,vieta,Доказательство,statement_reviewed,1,Восстановление стёртого коэффициента или корня трёхчлена.,False,archive/mosh/main/2011-2012/moscow/ec4f319a466a44_75mmo.pdf,8,https://mmo.mccme.ru/2012/75mmo.pdf
MOSH-2012-10.2,mosh,main,2012,2011/2012,Москва,1,,2,combinatorics,parity;construction;bounds,Смешанный вопрос,solution_reviewed,2,Переключение знаков целых строк и столбцов не более чем за n ходов.,False,archive/mosh/main/2011-2012/moscow/ec4f319a466a44_75mmo.pdf,8,https://mmo.mccme.ru/2012/75mmo.pdf
MOSH-2012-10.3,mosh,main,2012,2011/2012,Москва,1,,3,geometry,construction;similarity,Существование или невозможность,statement_reviewed,2,Замощение плоскости без треугольника подобными негомотетичными треугольниками.,False,archive/mosh/main/2011-2012/moscow/ec4f319a466a44_75mmo.pdf,8,https://mmo.mccme.ru/2012/75mmo.pdf
MOSH-2012-10.4,mosh,main,2012,2011/2012,Москва,1,,4,combinatorics,order;construction;bounds,Смешанный вопрос,statement_reviewed,2,Перепаривание груш на круге с близкими массами соседних пар.,False,archive/mosh/main/2011-2012/moscow/ec4f319a466a44_75mmo.pdf,8,https://mmo.mccme.ru/2012/75mmo.pdf
MOSH-2012-10.5,mosh,main,2012,2011/2012,Москва,1,,5,geometry,symmetry;angles,Вычисление,statement_reviewed,3,Геометрическое место центров окружностей трёх отражённых прямых.,False,archive/mosh/main/2011-2012/moscow/ec4f319a466a44_75mmo.pdf,8,https://mmo.mccme.ru/2012/75mmo.pdf
MOSH-2012-10.6,mosh,main,2012,2011/2012,Москва,1,,6,combinatorics,graphs;bounds;construction,Оценка и конструкция,statement_reviewed,3,Хроматическое число графа трёхэлементных подмножеств.,False,archive/mosh/main/2011-2012/moscow/ec4f319a466a44_75mmo.pdf,8,https://mmo.mccme.ru/2012/75mmo.pdf
MOSH-2011-10.1,mosh,main,2011,2010/2011,Москва,1,,1,number_theory,modular;construction,Существование или невозможность,statement_reviewed,2,"Прогрессия с возрастающим числом кратных 8, 9 и 10.",False,archive/mosh/main/2010-2011/moscow/5e083072b5b673_var-2011.pdf,3,https://mmo.mccme.ru/2011/var-2011.pdf
MOSH-2011-10.2,mosh,main,2011,2010/2011,Москва,1,,2,combinatorics,parity;invariant,Доказательство,statement_reviewed,2,Чётность длины границы горизонтальных и вертикальных доминошек.,False,archive/mosh/main/2010-2011/moscow/5e083072b5b673_var-2011.pdf,3,https://mmo.mccme.ru/2011/var-2011.pdf
MOSH-2011-10.3,mosh,main,2011,2010/2011,Москва,1,,3,geometry,angles,Вычисление,statement_reviewed,2,Угол треугольника по расположению центра окружности через биссектрисы.,False,archive/mosh/main/2010-2011/moscow/5e083072b5b673_var-2011.pdf,3,https://mmo.mccme.ru/2011/var-2011.pdf
MOSH-2011-10.4,mosh,main,2011,2010/2011,Москва,1,,4,geometry;combinatorics,bounds,Существование или невозможность,statement_reviewed,1,Обмен палочками двух треугольников одинакового периметра.,False,archive/mosh/main/2010-2011/moscow/5e083072b5b673_var-2011.pdf,3,https://mmo.mccme.ru/2011/var-2011.pdf
MOSH-2011-10.5,mosh,main,2011,2010/2011,Москва,1,,5,geometry;combinatorics,projection;graphs,Смешанный вопрос,statement_reviewed,3,Перекрытия проекций частей куба на его грани.,False,archive/mosh/main/2010-2011/moscow/5e083072b5b673_var-2011.pdf,3,https://mmo.mccme.ru/2011/var-2011.pdf
MOSH-2011-10.6,mosh,main,2011,2010/2011,Москва,1,,6,combinatorics,strategy;graphs;construction,Смешанный вопрос,statement_reviewed,3,Последовательный найм знакомых программистов и четырёх гениев.,False,archive/mosh/main/2010-2011/moscow/5e083072b5b673_var-2011.pdf,3,https://mmo.mccme.ru/2011/var-2011.pdf
M-2025-2026-amur-10.1,vsosh,municipal,2025,2025/2026,Амурская область,,,1,unclassified,,Смешанный вопрос,automatic,,,False,archive/vsosh/municipal/2025-2026/amur/560fea5897ca03_tasks-math-10-mun-amur-25-26.pdf,2,https://tasks.olimpiada.ru/upload/files/tasks/72/2025/tasks-math-10-mun-amur-25-26.pdf
M-2025-2026-amur-10.2,vsosh,municipal,2025,2025/2026,Амурская область,,,2,geometry,,Доказательство,automatic,,,False,archive/vsosh/municipal/2025-2026/amur/560fea5897ca03_tasks-math-10-mun-amur-25-26.pdf,2,https://tasks.olimpiada.ru/upload/files/tasks/72/2025/tasks-math-10-mun-amur-25-26.pdf
M-2025-2026-amur-10.3,vsosh,municipal,2025,2025/2026,Амурская область,,,3,algebra,,Доказательство,automatic,,,False,archive/vsosh/municipal/2025-2026/amur/560fea5897ca03_tasks-math-10-mun-amur-25-26.pdf,2,https://tasks.olimpiada.ru/upload/files/tasks/72/2025/tasks-math-10-mun-amur-25-26.pdf
M-2025-2026-amur-10.4,vsosh,municipal,2025,2025/2026,Амурская область,,,4,geometry,angles,Вычисление,automatic,,,False,archive/vsosh/municipal/2025-2026/amur/560fea5897ca03_tasks-math-10-mun-amur-25-26.pdf,2,https://tasks.olimpiada.ru/upload/files/tasks/72/2025/tasks-math-10-mun-amur-25-26.pdf
M-2025-2026-amur-10.5,vsosh,municipal,2025,2025/2026,Амурская область,,,5,combinatorics,extremal,Оценка и конструкция,automatic,,,False,archive/vsosh/municipal/2025-2026/amur/560fea5897ca03_tasks-math-10-mun-amur-25-26.pdf,2,https://tasks.olimpiada.ru/upload/files/tasks/72/2025/tasks-math-10-mun-amur-25-26.pdf
M-2025-2026-arh-10.1,vsosh,municipal,2025,2025/2026,Архангельская область,,,1,algebra,,Вычисление,automatic,,,False,archive/vsosh/municipal/2025-2026/arh/571e0b9fc488d0_tasks-math-10-mun-arh-25-26.pdf,2,https://tasks.olimpiada.ru/upload/files/tasks/72/2025/tasks-math-10-mun-arh-25-26.pdf
M-2025-2026-arh-10.2,vsosh,municipal,2025,2025/2026,Архангельская область,,,2,number_theory,,Найти все,automatic,,,False,archive/vsosh/municipal/2025-2026/arh/571e0b9fc488d0_tasks-math-10-mun-arh-25-26.pdf,2,https://tasks.olimpiada.ru/upload/files/tasks/72/2025/tasks-math-10-mun-arh-25-26.pdf
M-2025-2026-arh-10.3,vsosh,municipal,2025,2025/2026,Архангельская область,,,3,number_theory;algebra,,Найти все,automatic,,,False,archive/vsosh/municipal/2025-2026/arh/571e0b9fc488d0_tasks-math-10-mun-arh-25-26.pdf,2,https://tasks.olimpiada.ru/upload/files/tasks/72/2025/tasks-math-10-mun-arh-25-26.pdf
M-2025-2026-arh-10.4,vsosh,municipal,2025,2025/2026,Архангельская область,,,4,geometry;combinatorics,angles,Вычисление,automatic,,,False,archive/vsosh/municipal/2025-2026/arh/571e0b9fc488d0_tasks-math-10-mun-arh-25-26.pdf,2,https://tasks.olimpiada.ru/upload/files/tasks/72/2025/tasks-math-10-mun-arh-25-26.pdf
M-2025-2026-arh-10.5,vsosh,municipal,2025,2025/2026,Архангельская область,,,5,combinatorics,extremal;bounds,Оценка и конструкция,automatic,,,False,archive/vsosh/municipal/2025-2026/arh/571e0b9fc488d0_tasks-math-10-mun-arh-25-26.pdf,2,https://tasks.olimpiada.ru/upload/files/tasks/72/2025/tasks-math-10-mun-arh-25-26.pdf
M-2025-2026-bash-10.1,vsosh,municipal,2025,2025/2026,Республика Башкортостан,,,1,algebra,,Смешанный вопрос,automatic,,,False,archive/vsosh/municipal/2025-2026/bash/c3d0e708aa56a7_tasks-math-10-mun-bash-25-26.pdf,1,https://tasks.olimpiada.ru/upload/files/tasks/72/2025/tasks-math-10-mun-bash-25-26.pdf
M-2025-2026-bash-10.2,vsosh,municipal,2025,2025/2026,Республика Башкортостан,,,2,number_theory;algebra,,Существование или невозможность,automatic,,,False,archive/vsosh/municipal/2025-2026/bash/c3d0e708aa56a7_tasks-math-10-mun-bash-25-26.pdf,1,https://tasks.olimpiada.ru/upload/files/tasks/72/2025/tasks-math-10-mun-bash-25-26.pdf
M-2025-2026-bash-10.3,vsosh,municipal,2025,2025/2026,Республика Башкортостан,,,3,combinatorics;algebra,coordinates;recurrence,Смешанный вопрос,automatic,,,False,archive/vsosh/municipal/2025-2026/bash/c3d0e708aa56a7_tasks-math-10-mun-bash-25-26.pdf,1,https://tasks.olimpiada.ru/upload/files/tasks/72/2025/tasks-math-10-mun-bash-25-26.pdf
M-2025-2026-bash-10.4,vsosh,municipal,2025,2025/2026,Республика Башкортостан,,,4,algebra,,Смешанный вопрос,automatic,,,False,archive/vsosh/municipal/2025-2026/bash/c3d0e708aa56a7_tasks-math-10-mun-bash-25-26.pdf,1,https://tasks.olimpiada.ru/upload/files/tasks/72/2025/tasks-math-10-mun-bash-25-26.pdf
M-2025-2026-bash-10.5,vsosh,municipal,2025,2025/2026,Республика Башкортостан,,,5,combinatorics,strategy,Игра или стратегия,automatic,,,False,archive/vsosh/municipal/2025-2026/bash/c3d0e708aa56a7_tasks-math-10-mun-bash-25-26.pdf,1,https://tasks.olimpiada.ru/upload/files/tasks/72/2025/tasks-math-10-mun-bash-25-26.pdf
M-2025-2026-bash-10.6,vsosh,municipal,2025,2025/2026,Республика Башкортостан,,,6,geometry,angles;bijection,Доказательство,automatic,,,False,archive/vsosh/municipal/2025-2026/bash/c3d0e708aa56a7_tasks-math-10-mun-bash-25-26.pdf,1,https://tasks.olimpiada.ru/upload/files/tasks/72/2025/tasks-math-10-mun-bash-25-26.pdf
M-2025-2026-belgor-10.1,vsosh,municipal,2025,2025/2026,Белгородская область,,,1,number_theory;combinatorics;algebra,recurrence,Подсчёт,automatic,,,False,archive/vsosh/municipal/2025-2026/belgor/635fa96340211c_tasks-math-10-mun-belgor-25-26.pdf,1,https://tasks.olimpiada.ru/upload/files/tasks/72/2025/tasks-math-10-mun-belgor-25-26.pdf
M-2025-2026-belgor-10.2,vsosh,municipal,2025,2025/2026,Белгородская область,,,2,combinatorics;algebra,,Вычисление,automatic,,,False,archive/vsosh/municipal/2025-2026/belgor/635fa96340211c_tasks-math-10-mun-belgor-25-26.pdf,1,https://tasks.olimpiada.ru/upload/files/tasks/72/2025/tasks-math-10-mun-belgor-25-26.pdf
M-2025-2026-belgor-10.3,vsosh,municipal,2025,2025/2026,Белгородская область,,,3,algebra,,Смешанный вопрос,automatic,,,False,archive/vsosh/municipal/2025-2026/belgor/635fa96340211c_tasks-math-10-mun-belgor-25-26.pdf,1,https://tasks.olimpiada.ru/upload/files/tasks/72/2025/tasks-math-10-mun-belgor-25-26.pdf
M-2025-2026-belgor-10.4,vsosh,municipal,2025,2025/2026,Белгородская область,,,4,geometry;algebra,angles,Смешанный вопрос,automatic,,,False,archive/vsosh/municipal/2025-2026/belgor/635fa96340211c_tasks-math-10-mun-belgor-25-26.pdf,1,https://tasks.olimpiada.ru/upload/files/tasks/72/2025/tasks-math-10-mun-belgor-25-26.pdf
M-2025-2026-belgor-10.5,vsosh,municipal,2025,2025/2026,Белгородская область,,,5,number_theory;algebra,parity;extremal,Оценка и конструкция,automatic,,,False,archive/vsosh/municipal/2025-2026/belgor/635fa96340211c_tasks-math-10-mun-belgor-25-26.pdf,1,https://tasks.olimpiada.ru/upload/files/tasks/72/2025/tasks-math-10-mun-belgor-25-26.pdf
M-2025-2026-bryansk-10.1,vsosh,municipal,2025,2025/2026,Брянская область,,,1,algebra,,Смешанный вопрос,automatic,,,False,archive/vsosh/municipal/2025-2026/bryansk/65d380497fe811_tasks-math-10-mun-bryansk-25-26.pdf,1,https://tasks.olimpiada.ru/upload/files/tasks/72/2025/tasks-math-10-mun-bryansk-25-26.pdf
M-2025-2026-bryansk-10.2,vsosh,municipal,2025,2025/2026,Брянская область,,,2,algebra,,Вычисление,automatic,,,False,archive/vsosh/municipal/2025-2026/bryansk/65d380497fe811_tasks-math-10-mun-bryansk-25-26.pdf,1,https://tasks.olimpiada.ru/upload/files/tasks/72/2025/tasks-math-10-mun-bryansk-25-26.pdf
M-2025-2026-bryansk-10.3,vsosh,municipal,2025,2025/2026,Брянская область,,,3,number_theory,,Найти все,automatic,,,False,archive/vsosh/municipal/2025-2026/bryansk/65d380497fe811_tasks-math-10-mun-bryansk-25-26.pdf,1,https://tasks.olimpiada.ru/upload/files/tasks/72/2025/tasks-math-10-mun-bryansk-25-26.pdf
M-2025-2026-bryansk-10.4,vsosh,municipal,2025,2025/2026,Брянская область,,,4,number_theory;algebra,recurrence,Вычисление,automatic,,,False,archive/vsosh/municipal/2025-2026/bryansk/65d380497fe811_tasks-math-10-mun-bryansk-25-26.pdf,1,https://tasks.olimpiada.ru/upload/files/tasks/72/2025/tasks-math-10-mun-bryansk-25-26.pdf
M-2025-2026-bryansk-10.5,vsosh,municipal,2025,2025/2026,Брянская область,,,5,geometry,,Вычисление,automatic,,,False,archive/vsosh/municipal/2025-2026/bryansk/65d380497fe811_tasks-math-10-mun-bryansk-25-26.pdf,1,https://tasks.olimpiada.ru/upload/files/tasks/72/2025/tasks-math-10-mun-bryansk-25-26.pdf
M-2025-2026-chel-10.1,vsosh,municipal,2025,2025/2026,Челябинская область,,,1,combinatorics;algebra,,Существование или невозможность,automatic,,,False,archive/vsosh/municipal/2025-2026/chel/b54ce0733e2b51_tasks-math-10-mun-chel-25-26.pdf,1,https://tasks.olimpiada.ru/upload/files/tasks/72/2025/tasks-math-10-mun-chel-25-26.pdf
M-2025-2026-chel-10.2,vsosh,municipal,2025,2025/2026,Челябинская область,,,2,number_theory;algebra,construction;recurrence,Смешанный вопрос,automatic,,,False,archive/vsosh/municipal/2025-2026/chel/b54ce0733e2b51_tasks-math-10-mun-chel-25-26.pdf,1,https://tasks.olimpiada.ru/upload/files/tasks/72/2025/tasks-math-10-mun-chel-25-26.pdf
M-2025-2026-chel-10.3,vsosh,municipal,2025,2025/2026,Челябинская область,,,3,number_theory;algebra,,Доказательство,automatic,,,False,archive/vsosh/municipal/2025-2026/chel/b54ce0733e2b51_tasks-math-10-mun-chel-25-26.pdf,1,https://tasks.olimpiada.ru/upload/files/tasks/72/2025/tasks-math-10-mun-chel-25-26.pdf
M-2025-2026-chel-10.4,vsosh,municipal,2025,2025/2026,Челябинская область,,,4,algebra,,Смешанный вопрос,automatic,,,False,archive/vsosh/municipal/2025-2026/chel/b54ce0733e2b51_tasks-math-10-mun-chel-25-26.pdf,1,https://tasks.olimpiada.ru/upload/files/tasks/72/2025/tasks-math-10-mun-chel-25-26.pdf
M-2025-2026-chel-10.5,vsosh,municipal,2025,2025/2026,Челябинская область,,,5,geometry,angles,Доказательство,automatic,,,False,archive/vsosh/municipal/2025-2026/chel/b54ce0733e2b51_tasks-math-10-mun-chel-25-26.pdf,1,https://tasks.olimpiada.ru/upload/files/tasks/72/2025/tasks-math-10-mun-chel-25-26.pdf
M-2025-2026-crimea-10.1,vsosh,municipal,2025,2025/2026,Республика Крым,,,1,algebra,parity;polynomials,Смешанный вопрос,automatic,,,False,archive/vsosh/municipal/2025-2026/crimea/64a91f98233eab_sol-math-10-mun-crimea-25-26.pdf,1,https://tasks.olimpiada.ru/upload/files/tasks/72/2025/sol-math-10-mun-crimea-25-26.pdf
M-2025-2026-crimea-10.2,vsosh,municipal,2025,2025/2026,Республика Крым,,,2,unclassified,,Смешанный вопрос,automatic,,,False,archive/vsosh/municipal/2025-2026/crimea/64a91f98233eab_sol-math-10-mun-crimea-25-26.pdf,1,https://tasks.olimpiada.ru/upload/files/tasks/72/2025/sol-math-10-mun-crimea-25-26.pdf
M-2025-2026-crimea-10.3,vsosh,municipal,2025,2025/2026,Республика Крым,,,3,geometry,angles,Смешанный вопрос,automatic,,,False,archive/vsosh/municipal/2025-2026/crimea/64a91f98233eab_sol-math-10-mun-crimea-25-26.pdf,2,https://tasks.olimpiada.ru/upload/files/tasks/72/2025/sol-math-10-mun-crimea-25-26.pdf
M-2025-2026-crimea-10.4,vsosh,municipal,2025,2025/2026,Республика Крым,,,4,combinatorics,,Подсчёт,automatic,,,False,archive/vsosh/municipal/2025-2026/crimea/64a91f98233eab_sol-math-10-mun-crimea-25-26.pdf,2,https://tasks.olimpiada.ru/upload/files/tasks/72/2025/sol-math-10-mun-crimea-25-26.pdf
M-2025-2026-crimea-10.5,vsosh,municipal,2025,2025/2026,Республика Крым,,,5,number_theory;algebra,,Смешанный вопрос,automatic,,,False,archive/vsosh/municipal/2025-2026/crimea/64a91f98233eab_sol-math-10-mun-crimea-25-26.pdf,2,https://tasks.olimpiada.ru/upload/files/tasks/72/2025/sol-math-10-mun-crimea-25-26.pdf
M-2025-2026-dnr-10.1,vsosh,municipal,2025,2025/2026,Донецкая Народная Республика,,,1,algebra,,Вычисление,automatic,,,False,archive/vsosh/municipal/2025-2026/dnr/9e2af70a5390ec_tasks-math-10-mun-dnr-25-26.pdf,1,https://tasks.olimpiada.ru/upload/files/tasks/72/2025/tasks-math-10-mun-dnr-25-26.pdf
M-2025-2026-dnr-10.2,vsosh,municipal,2025,2025/2026,Донецкая Народная Республика,,,2,unclassified,,Подсчёт,automatic,,,False,archive/vsosh/municipal/2025-2026/dnr/9e2af70a5390ec_tasks-math-10-mun-dnr-25-26.pdf,1,https://tasks.olimpiada.ru/upload/files/tasks/72/2025/tasks-math-10-mun-dnr-25-26.pdf
M-2025-2026-dnr-10.3,vsosh,municipal,2025,2025/2026,Донецкая Народная Республика,,,3,geometry;combinatorics,angles,Доказательство,automatic,,,False,archive/vsosh/municipal/2025-2026/dnr/9e2af70a5390ec_tasks-math-10-mun-dnr-25-26.pdf,1,https://tasks.olimpiada.ru/upload/files/tasks/72/2025/tasks-math-10-mun-dnr-25-26.pdf
M-2025-2026-dnr-10.4,vsosh,municipal,2025,2025/2026,Донецкая Народная Республика,,,4,algebra,extremal,Оценка и конструкция,automatic,,,False,archive/vsosh/municipal/2025-2026/dnr/9e2af70a5390ec_tasks-math-10-mun-dnr-25-26.pdf,1,https://tasks.olimpiada.ru/upload/files/tasks/72/2025/tasks-math-10-mun-dnr-25-26.pdf
M-2025-2026-dnr-10.5,vsosh,municipal,2025,2025/2026,Донецкая Народная Республика,,,5,number_theory,,Существование или невозможность,automatic,,,False,archive/vsosh/municipal/2025-2026/dnr/9e2af70a5390ec_tasks-math-10-mun-dnr-25-26.pdf,1,https://tasks.olimpiada.ru/upload/files/tasks/72/2025/tasks-math-10-mun-dnr-25-26.pdf
M-2025-2026-irk-10.1,vsosh,municipal,2025,2025/2026,Иркутская область,,,1,combinatorics;algebra,,Существование или невозможность,automatic,,,False,archive/vsosh/municipal/2025-2026/irk/038abc98aff1eb_tasks-math-10-mun-irk-25-26.pdf,1,https://tasks.olimpiada.ru/upload/files/tasks/72/2025/tasks-math-10-mun-irk-25-26.pdf
M-2025-2026-irk-10.2,vsosh,municipal,2025,2025/2026,Иркутская область,,,2,number_theory;algebra,,Доказательство,automatic,,,False,archive/vsosh/municipal/2025-2026/irk/038abc98aff1eb_tasks-math-10-mun-irk-25-26.pdf,1,https://tasks.olimpiada.ru/upload/files/tasks/72/2025/tasks-math-10-mun-irk-25-26.pdf
M-2025-2026-irk-10.3,vsosh,municipal,2025,2025/2026,Иркутская область,,,3,geometry,angles,Доказательство,automatic,,,False,archive/vsosh/municipal/2025-2026/irk/038abc98aff1eb_tasks-math-10-mun-irk-25-26.pdf,1,https://tasks.olimpiada.ru/upload/files/tasks/72/2025/tasks-math-10-mun-irk-25-26.pdf
M-2025-2026-irk-10.4,vsosh,municipal,2025,2025/2026,Иркутская область,,,4,number_theory;combinatorics;algebra,extremal,Оценка и конструкция,automatic,,,False,archive/vsosh/municipal/2025-2026/irk/038abc98aff1eb_tasks-math-10-mun-irk-25-26.pdf,1,https://tasks.olimpiada.ru/upload/files/tasks/72/2025/tasks-math-10-mun-irk-25-26.pdf
M-2025-2026-irk-10.5,vsosh,municipal,2025,2025/2026,Иркутская область,,,5,number_theory;combinatorics;algebra,bounds;recurrence,Найти все,automatic,,,False,archive/vsosh/municipal/2025-2026/irk/038abc98aff1eb_tasks-math-10-mun-irk-25-26.pdf,1,https://tasks.olimpiada.ru/upload/files/tasks/72/2025/tasks-math-10-mun-irk-25-26.pdf
M-2025-2026-kalin-10.1,vsosh,municipal,2025,2025/2026,Калининградская область,,,1,number_theory,,Существование или невозможность,automatic,,,False,archive/vsosh/municipal/2025-2026/kalin/5bad30852fc998_tasks-math-10-mun-kalin-25-26.pdf,1,https://tasks.olimpiada.ru/upload/files/tasks/72/2025/tasks-math-10-mun-kalin-25-26.pdf
M-2025-2026-kalin-10.2,vsosh,municipal,2025,2025/2026,Калининградская область,,,2,combinatorics,extremal,Оценка и конструкция,automatic,,,False,archive/vsosh/municipal/2025-2026/kalin/5bad30852fc998_tasks-math-10-mun-kalin-25-26.pdf,1,https://tasks.olimpiada.ru/upload/files/tasks/72/2025/tasks-math-10-mun-kalin-25-26.pdf
M-2025-2026-kalin-10.3,vsosh,municipal,2025,2025/2026,Калининградская область,,,3,geometry;combinatorics,angles,Доказательство,automatic,,,False,archive/vsosh/municipal/2025-2026/kalin/5bad30852fc998_tasks-math-10-mun-kalin-25-26.pdf,1,https://tasks.olimpiada.ru/upload/files/tasks/72/2025/tasks-math-10-mun-kalin-25-26.pdf
M-2025-2026-kalin-10.4,vsosh,municipal,2025,2025/2026,Калининградская область,,,4,number_theory,,Найти все,automatic,,,False,archive/vsosh/municipal/2025-2026/kalin/5bad30852fc998_tasks-math-10-mun-kalin-25-26.pdf,1,https://tasks.olimpiada.ru/upload/files/tasks/72/2025/tasks-math-10-mun-kalin-25-26.pdf
M-2025-2026-kalin-10.5,vsosh,municipal,2025,2025/2026,Калининградская область,,,5,geometry;combinatorics,angles,Игра или стратегия,automatic,,,False,archive/vsosh/municipal/2025-2026/kalin/5bad30852fc998_tasks-math-10-mun-kalin-25-26.pdf,1,https://tasks.olimpiada.ru/upload/files/tasks/72/2025/tasks-math-10-mun-kalin-25-26.pdf
M-2025-2026-kaluga-10.1,vsosh,municipal,2025,2025/2026,Калужская область,,,1,number_theory,modular,Вычисление,automatic,,,False,archive/vsosh/municipal/2025-2026/kaluga/17d3e130ab9775_tasks-math-10-mun-kaluga-25-26.pdf,1,https://tasks.olimpiada.ru/upload/files/tasks/72/2025/tasks-math-10-mun-kaluga-25-26.pdf
M-2025-2026-kaluga-10.2,vsosh,municipal,2025,2025/2026,Калужская область,,,2,algebra,,Смешанный вопрос,automatic,,,False,archive/vsosh/municipal/2025-2026/kaluga/17d3e130ab9775_tasks-math-10-mun-kaluga-25-26.pdf,1,https://tasks.olimpiada.ru/upload/files/tasks/72/2025/tasks-math-10-mun-kaluga-25-26.pdf
M-2025-2026-kaluga-10.3,vsosh,municipal,2025,2025/2026,Калужская область,,,3,combinatorics,extremal;bounds;strategy,Оценка и конструкция,automatic,,,False,archive/vsosh/municipal/2025-2026/kaluga/17d3e130ab9775_tasks-math-10-mun-kaluga-25-26.pdf,1,https://tasks.olimpiada.ru/upload/files/tasks/72/2025/tasks-math-10-mun-kaluga-25-26.pdf
M-2025-2026-kaluga-10.4,vsosh,municipal,2025,2025/2026,Калужская область,,,4,geometry,angles,Вычисление,automatic,,,False,archive/vsosh/municipal/2025-2026/kaluga/17d3e130ab9775_tasks-math-10-mun-kaluga-25-26.pdf,1,https://tasks.olimpiada.ru/upload/files/tasks/72/2025/tasks-math-10-mun-kaluga-25-26.pdf
M-2025-2026-kaluga-10.5,vsosh,municipal,2025,2025/2026,Калужская область,,,5,geometry;combinatorics,extremal;angles,Оценка и конструкция,automatic,,,False,archive/vsosh/municipal/2025-2026/kaluga/17d3e130ab9775_tasks-math-10-mun-kaluga-25-26.pdf,1,https://tasks.olimpiada.ru/upload/files/tasks/72/2025/tasks-math-10-mun-kaluga-25-26.pdf
M-2025-2026-kamchatka-10.1,vsosh,municipal,2025,2025/2026,Камчатский край,,,1,number_theory,,Существование или невозможность,automatic,,,False,archive/vsosh/municipal/2025-2026/kamchatka/3a5c6437edd085_tasks-math-10-mun-kamchatka-25-26.pdf,1,https://tasks.olimpiada.ru/upload/files/tasks/72/2025/tasks-math-10-mun-kamchatka-25-26.pdf
M-2025-2026-kamchatka-10.2,vsosh,municipal,2025,2025/2026,Камчатский край,,,2,number_theory,,Доказательство,automatic,,,False,archive/vsosh/municipal/2025-2026/kamchatka/3a5c6437edd085_tasks-math-10-mun-kamchatka-25-26.pdf,1,https://tasks.olimpiada.ru/upload/files/tasks/72/2025/tasks-math-10-mun-kamchatka-25-26.pdf
M-2025-2026-kamchatka-10.3,vsosh,municipal,2025,2025/2026,Камчатский край,,,3,combinatorics;algebra,graphs,Доказательство,automatic,,,False,archive/vsosh/municipal/2025-2026/kamchatka/3a5c6437edd085_tasks-math-10-mun-kamchatka-25-26.pdf,1,https://tasks.olimpiada.ru/upload/files/tasks/72/2025/tasks-math-10-mun-kamchatka-25-26.pdf
M-2025-2026-kamchatka-10.4,vsosh,municipal,2025,2025/2026,Камчатский край,,,4,geometry;combinatorics,angles,Доказательство,automatic,,,False,archive/vsosh/municipal/2025-2026/kamchatka/3a5c6437edd085_tasks-math-10-mun-kamchatka-25-26.pdf,1,https://tasks.olimpiada.ru/upload/files/tasks/72/2025/tasks-math-10-mun-kamchatka-25-26.pdf
M-2025-2026-kamchatka-10.5,vsosh,municipal,2025,2025/2026,Камчатский край,,,5,combinatorics,strategy,Существование или невозможность,automatic,,,False,archive/vsosh/municipal/2025-2026/kamchatka/3a5c6437edd085_tasks-math-10-mun-kamchatka-25-26.pdf,2,https://tasks.olimpiada.ru/upload/files/tasks/72/2025/tasks-math-10-mun-kamchatka-25-26.pdf
M-2025-2026-kem-10.1,vsosh,municipal,2025,2025/2026,Кемеровская область,,,1,combinatorics,extremal,Оценка и конструкция,automatic,,,False,archive/vsosh/municipal/2025-2026/kem/e01d83c966cd71_tasks-math-10-mun-kem-25-26.pdf,1,https://tasks.olimpiada.ru/upload/files/tasks/72/2025/tasks-math-10-mun-kem-25-26.pdf
M-2025-2026-kem-10.2,vsosh,municipal,2025,2025/2026,Кемеровская область,,,2,geometry;combinatorics,angles,Смешанный вопрос,automatic,,,False,archive/vsosh/municipal/2025-2026/kem/e01d83c966cd71_tasks-math-10-mun-kem-25-26.pdf,1,https://tasks.olimpiada.ru/upload/files/tasks/72/2025/tasks-math-10-mun-kem-25-26.pdf
M-2025-2026-kem-10.3,vsosh,municipal,2025,2025/2026,Кемеровская область,,,3,number_theory;combinatorics,bounds,Подсчёт,automatic,,,False,archive/vsosh/municipal/2025-2026/kem/e01d83c966cd71_tasks-math-10-mun-kem-25-26.pdf,1,https://tasks.olimpiada.ru/upload/files/tasks/72/2025/tasks-math-10-mun-kem-25-26.pdf
M-2025-2026-kem-10.4,vsosh,municipal,2025,2025/2026,Кемеровская область,,,4,geometry;algebra,extremal;angles;bijection,Оценка и конструкция,automatic,,,False,archive/vsosh/municipal/2025-2026/kem/e01d83c966cd71_tasks-math-10-mun-kem-25-26.pdf,1,https://tasks.olimpiada.ru/upload/files/tasks/72/2025/tasks-math-10-mun-kem-25-26.pdf
M-2025-2026-kem-10.5,vsosh,municipal,2025,2025/2026,Кемеровская область,,,5,geometry,,Существование или невозможность,automatic,,,False,archive/vsosh/municipal/2025-2026/kem/e01d83c966cd71_tasks-math-10-mun-kem-25-26.pdf,1,https://tasks.olimpiada.ru/upload/files/tasks/72/2025/tasks-math-10-mun-kem-25-26.pdf
M-2025-2026-komi-10.1,vsosh,municipal,2025,2025/2026,Республика Коми,,,1,combinatorics;algebra,,Игра или стратегия,automatic,,,False,archive/vsosh/municipal/2025-2026/komi/2df46a8d8227de_tasks-math-10-mun-komi-25-26.pdf,1,https://tasks.olimpiada.ru/upload/files/tasks/72/2025/tasks-math-10-mun-komi-25-26.pdf
M-2025-2026-komi-10.2,vsosh,municipal,2025,2025/2026,Республика Коми,,,2,geometry,angles,Смешанный вопрос,automatic,,,False,archive/vsosh/municipal/2025-2026/komi/2df46a8d8227de_tasks-math-10-mun-komi-25-26.pdf,1,https://tasks.olimpiada.ru/upload/files/tasks/72/2025/tasks-math-10-mun-komi-25-26.pdf
M-2025-2026-komi-10.3,vsosh,municipal,2025,2025/2026,Республика Коми,,,3,combinatorics,,Подсчёт,automatic,,,False,archive/vsosh/municipal/2025-2026/komi/2df46a8d8227de_tasks-math-10-mun-komi-25-26.pdf,1,https://tasks.olimpiada.ru/upload/files/tasks/72/2025/tasks-math-10-mun-komi-25-26.pdf
M-2025-2026-komi-10.4,vsosh,municipal,2025,2025/2026,Республика Коми,,,4,combinatorics;algebra,graphs,Доказательство,automatic,,,False,archive/vsosh/municipal/2025-2026/komi/2df46a8d8227de_tasks-math-10-mun-komi-25-26.pdf,1,https://tasks.olimpiada.ru/upload/files/tasks/72/2025/tasks-math-10-mun-komi-25-26.pdf
M-2025-2026-komi-10.5,vsosh,municipal,2025,2025/2026,Республика Коми,,,5,number_theory,,Доказательство,automatic,,,False,archive/vsosh/municipal/2025-2026/komi/2df46a8d8227de_tasks-math-10-mun-komi-25-26.pdf,1,https://tasks.olimpiada.ru/upload/files/tasks/72/2025/tasks-math-10-mun-komi-25-26.pdf
M-2025-2026-kryar-10.1,vsosh,municipal,2025,2025/2026,Красноярский край,,,1,number_theory;combinatorics;algebra,,Существование или невозможность,automatic,,,False,archive/vsosh/municipal/2025-2026/kryar/b78e3aedc336e1_tasks-math-10-mun-kryar-25-26.pdf,1,https://tasks.olimpiada.ru/upload/files/tasks/72/2025/tasks-math-10-mun-kryar-25-26.pdf
M-2025-2026-kryar-10.2,vsosh,municipal,2025,2025/2026,Красноярский край,,,2,combinatorics,,Существование или невозможность,automatic,,,False,archive/vsosh/municipal/2025-2026/kryar/b78e3aedc336e1_tasks-math-10-mun-kryar-25-26.pdf,1,https://tasks.olimpiada.ru/upload/files/tasks/72/2025/tasks-math-10-mun-kryar-25-26.pdf
M-2025-2026-kryar-10.3,vsosh,municipal,2025,2025/2026,Красноярский край,,,3,number_theory,,Существование или невозможность,automatic,,,False,archive/vsosh/municipal/2025-2026/kryar/b78e3aedc336e1_tasks-math-10-mun-kryar-25-26.pdf,1,https://tasks.olimpiada.ru/upload/files/tasks/72/2025/tasks-math-10-mun-kryar-25-26.pdf
M-2025-2026-kryar-10.4,vsosh,municipal,2025,2025/2026,Красноярский край,,,4,geometry,angles,Доказательство,automatic,,,False,archive/vsosh/municipal/2025-2026/kryar/b78e3aedc336e1_tasks-math-10-mun-kryar-25-26.pdf,1,https://tasks.olimpiada.ru/upload/files/tasks/72/2025/tasks-math-10-mun-kryar-25-26.pdf
M-2025-2026-kryar-10.5,vsosh,municipal,2025,2025/2026,Красноярский край,,,5,number_theory;combinatorics;algebra,,Существование или невозможность,automatic,,,False,archive/vsosh/municipal/2025-2026/kryar/b78e3aedc336e1_tasks-math-10-mun-kryar-25-26.pdf,1,https://tasks.olimpiada.ru/upload/files/tasks/72/2025/tasks-math-10-mun-kryar-25-26.pdf
M-2025-2026-kursk-10.1,vsosh,municipal,2025,2025/2026,Курская область,,,1,geometry;combinatorics,angles,Подсчёт,automatic,,,False,archive/vsosh/municipal/2025-2026/kursk/9c4853c4ef5903_tasks-math-10-mun-kursk-25-26.pdf,1,https://tasks.olimpiada.ru/upload/files/tasks/72/2025/tasks-math-10-mun-kursk-25-26.pdf
M-2025-2026-kursk-10.2,vsosh,municipal,2025,2025/2026,Курская область,,,2,number_theory;algebra,,Смешанный вопрос,automatic,,,False,archive/vsosh/municipal/2025-2026/kursk/9c4853c4ef5903_tasks-math-10-mun-kursk-25-26.pdf,1,https://tasks.olimpiada.ru/upload/files/tasks/72/2025/tasks-math-10-mun-kursk-25-26.pdf
M-2025-2026-kursk-10.3,vsosh,municipal,2025,2025/2026,Курская область,,,3,combinatorics,,Существование или невозможность,automatic,,,False,archive/vsosh/municipal/2025-2026/kursk/9c4853c4ef5903_tasks-math-10-mun-kursk-25-26.pdf,1,https://tasks.olimpiada.ru/upload/files/tasks/72/2025/tasks-math-10-mun-kursk-25-26.pdf
M-2025-2026-kursk-10.4,vsosh,municipal,2025,2025/2026,Курская область,,,4,combinatorics,,Смешанный вопрос,automatic,,,False,archive/vsosh/municipal/2025-2026/kursk/9c4853c4ef5903_tasks-math-10-mun-kursk-25-26.pdf,1,https://tasks.olimpiada.ru/upload/files/tasks/72/2025/tasks-math-10-mun-kursk-25-26.pdf
M-2025-2026-kursk-10.5,vsosh,municipal,2025,2025/2026,Курская область,,,5,geometry,angles;areas,Смешанный вопрос,automatic,,,False,archive/vsosh/municipal/2025-2026/kursk/9c4853c4ef5903_tasks-math-10-mun-kursk-25-26.pdf,1,https://tasks.olimpiada.ru/upload/files/tasks/72/2025/tasks-math-10-mun-kursk-25-26.pdf
M-2025-2026-lenobl-10.1,vsosh,municipal,2025,2025/2026,Ленинградская область,,,1,number_theory;algebra,extremal,Оценка и конструкция,automatic,,,False,archive/vsosh/municipal/2025-2026/lenobl/0eea5ba8ff170c_tasks-math-10-mun-lenobl-25-26.pdf,1,https://tasks.olimpiada.ru/upload/files/tasks/72/2025/tasks-math-10-mun-lenobl-25-26.pdf
M-2025-2026-lenobl-10.2,vsosh,municipal,2025,2025/2026,Ленинградская область,,,2,combinatorics,bounds,Существование или невозможность,automatic,,,False,archive/vsosh/municipal/2025-2026/lenobl/0eea5ba8ff170c_tasks-math-10-mun-lenobl-25-26.pdf,1,https://tasks.olimpiada.ru/upload/files/tasks/72/2025/tasks-math-10-mun-lenobl-25-26.pdf
M-2025-2026-lenobl-10.3,vsosh,municipal,2025,2025/2026,Ленинградская область,,,3,number_theory;algebra,modular,Вычисление,automatic,,,False,archive/vsosh/municipal/2025-2026/lenobl/0eea5ba8ff170c_tasks-math-10-mun-lenobl-25-26.pdf,1,https://tasks.olimpiada.ru/upload/files/tasks/72/2025/tasks-math-10-mun-lenobl-25-26.pdf
M-2025-2026-lenobl-10.4,vsosh,municipal,2025,2025/2026,Ленинградская область,,,4,geometry;combinatorics,,Доказательство,automatic,,,False,archive/vsosh/municipal/2025-2026/lenobl/0eea5ba8ff170c_tasks-math-10-mun-lenobl-25-26.pdf,1,https://tasks.olimpiada.ru/upload/files/tasks/72/2025/tasks-math-10-mun-lenobl-25-26.pdf
M-2025-2026-lenobl-10.5,vsosh,municipal,2025,2025/2026,Ленинградская область,,,5,number_theory;combinatorics,extremal,Оценка и конструкция,automatic,,,False,archive/vsosh/municipal/2025-2026/lenobl/0eea5ba8ff170c_tasks-math-10-mun-lenobl-25-26.pdf,1,https://tasks.olimpiada.ru/upload/files/tasks/72/2025/tasks-math-10-mun-lenobl-25-26.pdf
M-2025-2026-moscow-10.1-v1,vsosh,municipal,2025,2025/2026,Москва,,1,1,number_theory;algebra,,Смешанный вопрос,automatic,,,False,archive/vsosh/municipal/2025-2026/moscow/94392112e6cd2e_tasks-math-10-mun-msk-25-26.pdf,2,https://всош.цпм.рф/upload/files/Arhive_tasks/2025-26/mun/math/tasks-math-10-mun-msk-25-26.pdf
M-2025-2026-moscow-10.2-v1,vsosh,municipal,2025,2025/2026,Москва,,1,2,number_theory;algebra,,Вычисление,automatic,,,False,archive/vsosh/municipal/2025-2026/moscow/94392112e6cd2e_tasks-math-10-mun-msk-25-26.pdf,2,https://всош.цпм.рф/upload/files/Arhive_tasks/2025-26/mun/math/tasks-math-10-mun-msk-25-26.pdf
M-2025-2026-moscow-10.3-v1,vsosh,municipal,2025,2025/2026,Москва,,1,3,geometry,angles;areas;bijection,Вычисление,automatic,,,False,archive/vsosh/municipal/2025-2026/moscow/94392112e6cd2e_tasks-math-10-mun-msk-25-26.pdf,2,https://всош.цпм.рф/upload/files/Arhive_tasks/2025-26/mun/math/tasks-math-10-mun-msk-25-26.pdf
M-2025-2026-moscow-10.4-v1,vsosh,municipal,2025,2025/2026,Москва,,1,4,combinatorics,extremal,Оценка и конструкция,automatic,,,False,archive/vsosh/municipal/2025-2026/moscow/94392112e6cd2e_tasks-math-10-mun-msk-25-26.pdf,3,https://всош.цпм.рф/upload/files/Arhive_tasks/2025-26/mun/math/tasks-math-10-mun-msk-25-26.pdf
M-2025-2026-moscow-10.5-v1,vsosh,municipal,2025,2025/2026,Москва,,1,5,geometry,angles,Вычисление,automatic,,,False,archive/vsosh/municipal/2025-2026/moscow/94392112e6cd2e_tasks-math-10-mun-msk-25-26.pdf,4,https://всош.цпм.рф/upload/files/Arhive_tasks/2025-26/mun/math/tasks-math-10-mun-msk-25-26.pdf
M-2025-2026-moscow-10.6-v1,vsosh,municipal,2025,2025/2026,Москва,,1,6,combinatorics,extremal,Оценка и конструкция,automatic,,,False,archive/vsosh/municipal/2025-2026/moscow/94392112e6cd2e_tasks-math-10-mun-msk-25-26.pdf,4,https://всош.цпм.рф/upload/files/Arhive_tasks/2025-26/mun/math/tasks-math-10-mun-msk-25-26.pdf
M-2025-2026-moscow-10.7-v1,vsosh,municipal,2025,2025/2026,Москва,,1,7,number_theory;combinatorics,extremal,Оценка и конструкция,automatic,,,False,archive/vsosh/municipal/2025-2026/moscow/94392112e6cd2e_tasks-math-10-mun-msk-25-26.pdf,4,https://всош.цпм.рф/upload/files/Arhive_tasks/2025-26/mun/math/tasks-math-10-mun-msk-25-26.pdf
M-2025-2026-moscow-10.8-v1,vsosh,municipal,2025,2025/2026,Москва,,1,8,algebra,,Вычисление,automatic,,,False,archive/vsosh/municipal/2025-2026/moscow/94392112e6cd2e_tasks-math-10-mun-msk-25-26.pdf,5,https://всош.цпм.рф/upload/files/Arhive_tasks/2025-26/mun/math/tasks-math-10-mun-msk-25-26.pdf
M-2025-2026-moscow-10.1-v2,vsosh,municipal,2025,2025/2026,Москва,,2,1,number_theory;algebra,,Смешанный вопрос,automatic,,,False,archive/vsosh/municipal/2025-2026/moscow/94392112e6cd2e_tasks-math-10-mun-msk-25-26.pdf,2,https://всош.цпм.рф/upload/files/Arhive_tasks/2025-26/mun/math/tasks-math-10-mun-msk-25-26.pdf
M-2025-2026-moscow-10.2-v2,vsosh,municipal,2025,2025/2026,Москва,,2,2,number_theory;algebra,,Вычисление,automatic,,,False,archive/vsosh/municipal/2025-2026/moscow/94392112e6cd2e_tasks-math-10-mun-msk-25-26.pdf,2,https://всош.цпм.рф/upload/files/Arhive_tasks/2025-26/mun/math/tasks-math-10-mun-msk-25-26.pdf
M-2025-2026-moscow-10.3-v2,vsosh,municipal,2025,2025/2026,Москва,,2,3,geometry,angles;areas;bijection,Вычисление,automatic,,,False,archive/vsosh/municipal/2025-2026/moscow/94392112e6cd2e_tasks-math-10-mun-msk-25-26.pdf,3,https://всош.цпм.рф/upload/files/Arhive_tasks/2025-26/mun/math/tasks-math-10-mun-msk-25-26.pdf
M-2025-2026-moscow-10.4-v2,vsosh,municipal,2025,2025/2026,Москва,,2,4,combinatorics,extremal,Оценка и конструкция,automatic,,,False,archive/vsosh/municipal/2025-2026/moscow/94392112e6cd2e_tasks-math-10-mun-msk-25-26.pdf,3,https://всош.цпм.рф/upload/files/Arhive_tasks/2025-26/mun/math/tasks-math-10-mun-msk-25-26.pdf
M-2025-2026-moscow-10.5-v2,vsosh,municipal,2025,2025/2026,Москва,,2,5,geometry,angles,Вычисление,automatic,,,False,archive/vsosh/municipal/2025-2026/moscow/94392112e6cd2e_tasks-math-10-mun-msk-25-26.pdf,3,https://всош.цпм.рф/upload/files/Arhive_tasks/2025-26/mun/math/tasks-math-10-mun-msk-25-26.pdf
M-2025-2026-moscow-10.6-v2,vsosh,municipal,2025,2025/2026,Москва,,2,6,combinatorics,extremal;bounds,Оценка и конструкция,automatic,,,False,archive/vsosh/municipal/2025-2026/moscow/94392112e6cd2e_tasks-math-10-mun-msk-25-26.pdf,4,https://всош.цпм.рф/upload/files/Arhive_tasks/2025-26/mun/math/tasks-math-10-mun-msk-25-26.pdf
M-2025-2026-moscow-10.7-v2,vsosh,municipal,2025,2025/2026,Москва,,2,7,number_theory;combinatorics,extremal,Оценка и конструкция,automatic,,,False,archive/vsosh/municipal/2025-2026/moscow/94392112e6cd2e_tasks-math-10-mun-msk-25-26.pdf,4,https://всош.цпм.рф/upload/files/Arhive_tasks/2025-26/mun/math/tasks-math-10-mun-msk-25-26.pdf
M-2025-2026-moscow-10.8-v2,vsosh,municipal,2025,2025/2026,Москва,,2,8,algebra,,Вычисление,automatic,,,False,archive/vsosh/municipal/2025-2026/moscow/94392112e6cd2e_tasks-math-10-mun-msk-25-26.pdf,5,https://всош.цпм.рф/upload/files/Arhive_tasks/2025-26/mun/math/tasks-math-10-mun-msk-25-26.pdf
M-2025-2026-moscow-10.1-v3,vsosh,municipal,2025,2025/2026,Москва,,3,1,number_theory;algebra,,Смешанный вопрос,automatic,,,False,archive/vsosh/municipal/2025-2026/moscow/94392112e6cd2e_tasks-math-10-mun-msk-25-26.pdf,2,https://всош.цпм.рф/upload/files/Arhive_tasks/2025-26/mun/math/tasks-math-10-mun-msk-25-26.pdf
M-2025-2026-moscow-10.2-v3,vsosh,municipal,2025,2025/2026,Москва,,3,2,number_theory;algebra,,Вычисление,automatic,,,False,archive/vsosh/municipal/2025-2026/moscow/94392112e6cd2e_tasks-math-10-mun-msk-25-26.pdf,2,https://всош.цпм.рф/upload/files/Arhive_tasks/2025-26/mun/math/tasks-math-10-mun-msk-25-26.pdf
M-2025-2026-moscow-10.3-v3,vsosh,municipal,2025,2025/2026,Москва,,3,3,geometry,angles;areas;bijection,Вычисление,automatic,,,False,archive/vsosh/municipal/2025-2026/moscow/94392112e6cd2e_tasks-math-10-mun-msk-25-26.pdf,3,https://всош.цпм.рф/upload/files/Arhive_tasks/2025-26/mun/math/tasks-math-10-mun-msk-25-26.pdf
M-2025-2026-moscow-10.4-v3,vsosh,municipal,2025,2025/2026,Москва,,3,4,combinatorics,extremal,Оценка и конструкция,automatic,,,False,archive/vsosh/municipal/2025-2026/moscow/94392112e6cd2e_tasks-math-10-mun-msk-25-26.pdf,3,https://всош.цпм.рф/upload/files/Arhive_tasks/2025-26/mun/math/tasks-math-10-mun-msk-25-26.pdf
M-2025-2026-moscow-10.5-v3,vsosh,municipal,2025,2025/2026,Москва,,3,5,geometry,angles,Вычисление,automatic,,,False,archive/vsosh/municipal/2025-2026/moscow/94392112e6cd2e_tasks-math-10-mun-msk-25-26.pdf,4,https://всош.цпм.рф/upload/files/Arhive_tasks/2025-26/mun/math/tasks-math-10-mun-msk-25-26.pdf
M-2025-2026-moscow-10.6-v3,vsosh,municipal,2025,2025/2026,Москва,,3,6,combinatorics,extremal;bounds,Оценка и конструкция,automatic,,,False,archive/vsosh/municipal/2025-2026/moscow/94392112e6cd2e_tasks-math-10-mun-msk-25-26.pdf,4,https://всош.цпм.рф/upload/files/Arhive_tasks/2025-26/mun/math/tasks-math-10-mun-msk-25-26.pdf
M-2025-2026-moscow-10.7-v3,vsosh,municipal,2025,2025/2026,Москва,,3,7,number_theory;combinatorics,extremal,Оценка и конструкция,automatic,,,False,archive/vsosh/municipal/2025-2026/moscow/94392112e6cd2e_tasks-math-10-mun-msk-25-26.pdf,5,https://всош.цпм.рф/upload/files/Arhive_tasks/2025-26/mun/math/tasks-math-10-mun-msk-25-26.pdf
M-2025-2026-moscow-10.8-v3,vsosh,municipal,2025,2025/2026,Москва,,3,8,algebra,,Вычисление,automatic,,,False,archive/vsosh/municipal/2025-2026/moscow/94392112e6cd2e_tasks-math-10-mun-msk-25-26.pdf,6,https://всош.цпм.рф/upload/files/Arhive_tasks/2025-26/mun/math/tasks-math-10-mun-msk-25-26.pdf
M-2025-2026-moscow-10.1-v4,vsosh,municipal,2025,2025/2026,Москва,,4,1,number_theory;algebra,,Смешанный вопрос,automatic,,,False,archive/vsosh/municipal/2025-2026/moscow/94392112e6cd2e_tasks-math-10-mun-msk-25-26.pdf,2,https://всош.цпм.рф/upload/files/Arhive_tasks/2025-26/mun/math/tasks-math-10-mun-msk-25-26.pdf
M-2025-2026-moscow-10.2-v4,vsosh,municipal,2025,2025/2026,Москва,,4,2,number_theory;algebra,,Вычисление,automatic,,,False,archive/vsosh/municipal/2025-2026/moscow/94392112e6cd2e_tasks-math-10-mun-msk-25-26.pdf,2,https://всош.цпм.рф/upload/files/Arhive_tasks/2025-26/mun/math/tasks-math-10-mun-msk-25-26.pdf
M-2025-2026-moscow-10.3-v4,vsosh,municipal,2025,2025/2026,Москва,,4,3,geometry,angles;areas;bijection,Вычисление,automatic,,,False,archive/vsosh/municipal/2025-2026/moscow/94392112e6cd2e_tasks-math-10-mun-msk-25-26.pdf,3,https://всош.цпм.рф/upload/files/Arhive_tasks/2025-26/mun/math/tasks-math-10-mun-msk-25-26.pdf
M-2025-2026-moscow-10.4-v4,vsosh,municipal,2025,2025/2026,Москва,,4,4,combinatorics,extremal,Оценка и конструкция,automatic,,,False,archive/vsosh/municipal/2025-2026/moscow/94392112e6cd2e_tasks-math-10-mun-msk-25-26.pdf,3,https://всош.цпм.рф/upload/files/Arhive_tasks/2025-26/mun/math/tasks-math-10-mun-msk-25-26.pdf
M-2025-2026-moscow-10.5-v4,vsosh,municipal,2025,2025/2026,Москва,,4,5,geometry,angles,Вычисление,automatic,,,False,archive/vsosh/municipal/2025-2026/moscow/94392112e6cd2e_tasks-math-10-mun-msk-25-26.pdf,4,https://всош.цпм.рф/upload/files/Arhive_tasks/2025-26/mun/math/tasks-math-10-mun-msk-25-26.pdf
M-2025-2026-moscow-10.6-v4,vsosh,municipal,2025,2025/2026,Москва,,4,6,combinatorics,extremal;bounds,Оценка и конструкция,automatic,,,False,archive/vsosh/municipal/2025-2026/moscow/94392112e6cd2e_tasks-math-10-mun-msk-25-26.pdf,4,https://всош.цпм.рф/upload/files/Arhive_tasks/2025-26/mun/math/tasks-math-10-mun-msk-25-26.pdf
M-2025-2026-moscow-10.7-v4,vsosh,municipal,2025,2025/2026,Москва,,4,7,number_theory;combinatorics,extremal,Оценка и конструкция,automatic,,,False,archive/vsosh/municipal/2025-2026/moscow/94392112e6cd2e_tasks-math-10-mun-msk-25-26.pdf,5,https://всош.цпм.рф/upload/files/Arhive_tasks/2025-26/mun/math/tasks-math-10-mun-msk-25-26.pdf
M-2025-2026-moscow-10.8-v4,vsosh,municipal,2025,2025/2026,Москва,,4,8,algebra,,Вычисление,automatic,,,False,archive/vsosh/municipal/2025-2026/moscow/94392112e6cd2e_tasks-math-10-mun-msk-25-26.pdf,6,https://всош.цпм.рф/upload/files/Arhive_tasks/2025-26/mun/math/tasks-math-10-mun-msk-25-26.pdf
M-2025-2026-mosobl-10.1,vsosh,municipal,2025,2025/2026,Московская область,,,1,number_theory;combinatorics;algebra,recurrence,Подсчёт,automatic,,,False,archive/vsosh/municipal/2025-2026/mosobl/3328ca6a83c8ba_tasks-math-10-mun-mosobl-25-26.pdf,1,https://tasks.olimpiada.ru/upload/files/tasks/72/2025/tasks-math-10-mun-mosobl-25-26.pdf
M-2025-2026-mosobl-10.2,vsosh,municipal,2025,2025/2026,Московская область,,,2,combinatorics;algebra,,Вычисление,automatic,,,False,archive/vsosh/municipal/2025-2026/mosobl/3328ca6a83c8ba_tasks-math-10-mun-mosobl-25-26.pdf,1,https://tasks.olimpiada.ru/upload/files/tasks/72/2025/tasks-math-10-mun-mosobl-25-26.pdf
M-2025-2026-mosobl-10.3,vsosh,municipal,2025,2025/2026,Московская область,,,3,algebra,,Смешанный вопрос,automatic,,,False,archive/vsosh/municipal/2025-2026/mosobl/3328ca6a83c8ba_tasks-math-10-mun-mosobl-25-26.pdf,1,https://tasks.olimpiada.ru/upload/files/tasks/72/2025/tasks-math-10-mun-mosobl-25-26.pdf
M-2025-2026-mosobl-10.4,vsosh,municipal,2025,2025/2026,Московская область,,,4,geometry;algebra,angles,Смешанный вопрос,automatic,,,False,archive/vsosh/municipal/2025-2026/mosobl/3328ca6a83c8ba_tasks-math-10-mun-mosobl-25-26.pdf,1,https://tasks.olimpiada.ru/upload/files/tasks/72/2025/tasks-math-10-mun-mosobl-25-26.pdf
M-2025-2026-mosobl-10.5,vsosh,municipal,2025,2025/2026,Московская область,,,5,number_theory;algebra,parity;extremal,Оценка и конструкция,automatic,,,False,archive/vsosh/municipal/2025-2026/mosobl/3328ca6a83c8ba_tasks-math-10-mun-mosobl-25-26.pdf,1,https://tasks.olimpiada.ru/upload/files/tasks/72/2025/tasks-math-10-mun-mosobl-25-26.pdf
M-2025-2026-nn-10.1,vsosh,municipal,2025,2025/2026,Нижегородская область,,,1,algebra,,Вычисление,automatic,,,False,archive/vsosh/municipal/2025-2026/nn/babfa3cbc485f2_tasks-math-10-mun-nn-25-26.pdf,1,https://tasks.olimpiada.ru/upload/files/tasks/72/2025/tasks-math-10-mun-nn-25-26.pdf
M-2025-2026-nn-10.2,vsosh,municipal,2025,2025/2026,Нижегородская область,,,2,combinatorics;algebra,coordinates,Смешанный вопрос,automatic,,,False,archive/vsosh/municipal/2025-2026/nn/babfa3cbc485f2_tasks-math-10-mun-nn-25-26.pdf,1,https://tasks.olimpiada.ru/upload/files/tasks/72/2025/tasks-math-10-mun-nn-25-26.pdf
M-2025-2026-nn-10.3,vsosh,municipal,2025,2025/2026,Нижегородская область,,,3,geometry,angles;areas,Доказательство,automatic,,,False,archive/vsosh/municipal/2025-2026/nn/babfa3cbc485f2_tasks-math-10-mun-nn-25-26.pdf,1,https://tasks.olimpiada.ru/upload/files/tasks/72/2025/tasks-math-10-mun-nn-25-26.pdf
M-2025-2026-nn-10.4,vsosh,municipal,2025,2025/2026,Нижегородская область,,,4,geometry;number_theory;combinatorics,angles,Подсчёт,automatic,,,False,archive/vsosh/municipal/2025-2026/nn/babfa3cbc485f2_tasks-math-10-mun-nn-25-26.pdf,1,https://tasks.olimpiada.ru/upload/files/tasks/72/2025/tasks-math-10-mun-nn-25-26.pdf
M-2025-2026-nn-10.5,vsosh,municipal,2025,2025/2026,Нижегородская область,,,5,combinatorics;algebra,extremal,Оценка и конструкция,automatic,,,False,archive/vsosh/municipal/2025-2026/nn/babfa3cbc485f2_tasks-math-10-mun-nn-25-26.pdf,1,https://tasks.olimpiada.ru/upload/files/tasks/72/2025/tasks-math-10-mun-nn-25-26.pdf
M-2025-2026-novgorog-10.1,vsosh,municipal,2025,2025/2026,Новгородская область,,,1,unclassified,bounds,Смешанный вопрос,automatic,,,False,archive/vsosh/municipal/2025-2026/novgorog/829f33b2f521ac_tasks-math-10-mun-novgorog-25-26.pdf,1,https://tasks.olimpiada.ru/upload/files/tasks/72/2025/tasks-math-10-mun-novgorog-25-26.pdf
M-2025-2026-novgorog-10.2,vsosh,municipal,2025,2025/2026,Новгородская область,,,2,combinatorics,,Подсчёт,automatic,,,False,archive/vsosh/municipal/2025-2026/novgorog/829f33b2f521ac_tasks-math-10-mun-novgorog-25-26.pdf,1,https://tasks.olimpiada.ru/upload/files/tasks/72/2025/tasks-math-10-mun-novgorog-25-26.pdf
M-2025-2026-novgorog-10.3,vsosh,municipal,2025,2025/2026,Новгородская область,,,3,number_theory;algebra,,Вычисление,automatic,,,False,archive/vsosh/municipal/2025-2026/novgorog/829f33b2f521ac_tasks-math-10-mun-novgorog-25-26.pdf,1,https://tasks.olimpiada.ru/upload/files/tasks/72/2025/tasks-math-10-mun-novgorog-25-26.pdf
M-2025-2026-novgorog-10.4,vsosh,municipal,2025,2025/2026,Новгородская область,,,4,combinatorics,,Подсчёт,automatic,,,False,archive/vsosh/municipal/2025-2026/novgorog/829f33b2f521ac_tasks-math-10-mun-novgorog-25-26.pdf,1,https://tasks.olimpiada.ru/upload/files/tasks/72/2025/tasks-math-10-mun-novgorog-25-26.pdf
M-2025-2026-novgorog-10.5,vsosh,municipal,2025,2025/2026,Новгородская область,,,5,algebra,polynomials,Доказательство,automatic,,,False,archive/vsosh/municipal/2025-2026/novgorog/829f33b2f521ac_tasks-math-10-mun-novgorog-25-26.pdf,1,https://tasks.olimpiada.ru/upload/files/tasks/72/2025/tasks-math-10-mun-novgorog-25-26.pdf
M-2025-2026-novosb-10.1,vsosh,municipal,2025,2025/2026,Новосибирская область,,,1,number_theory;algebra,factorization,Найти все,solution_reviewed,1,Когда 2*x^2-x-36 является квадратом простого.,False,archive/vsosh/municipal/2025-2026/novosb/ddb605889fec6c_tasks-math-10-mun-novosb-25-26.pdf,1,https://tasks.olimpiada.ru/upload/files/tasks/72/2025/tasks-math-10-mun-novosb-25-26.pdf
M-2025-2026-novosb-10.2,vsosh,municipal,2025,2025/2026,Новосибирская область,,,2,geometry,angles,Доказательство,solution_reviewed,1,Углы 60 и 45 градусов при центре описанной окружности.,False,archive/vsosh/municipal/2025-2026/novosb/ddb605889fec6c_tasks-math-10-mun-novosb-25-26.pdf,1,https://tasks.olimpiada.ru/upload/files/tasks/72/2025/tasks-math-10-mun-novosb-25-26.pdf
M-2025-2026-novosb-10.3,vsosh,municipal,2025,2025/2026,Новосибирская область,,,3,algebra,factorization,Смешанный вопрос,statement_reviewed,2,Циклическая система из четырёх уравнений с произведениями соседей.,False,archive/vsosh/municipal/2025-2026/novosb/ddb605889fec6c_tasks-math-10-mun-novosb-25-26.pdf,1,https://tasks.olimpiada.ru/upload/files/tasks/72/2025/tasks-math-10-mun-novosb-25-26.pdf
M-2025-2026-novosb-10.4,vsosh,municipal,2025,2025/2026,Новосибирская область,,,4,number_theory;combinatorics,parity;modular;construction,Найти все,statement_reviewed,2,Перестановка 1..n с делимостью каждой частичной суммы на ее длину.,False,archive/vsosh/municipal/2025-2026/novosb/ddb605889fec6c_tasks-math-10-mun-novosb-25-26.pdf,1,https://tasks.olimpiada.ru/upload/files/tasks/72/2025/tasks-math-10-mun-novosb-25-26.pdf
M-2025-2026-novosb-10.5,vsosh,municipal,2025,2025/2026,Новосибирская область,,,5,combinatorics,graphs;parity;construction,Оценка и конструкция,solution_reviewed,2,Паросочетание в трёхрегулярном графе на 16 школьниках.,False,archive/vsosh/municipal/2025-2026/novosb/ddb605889fec6c_tasks-math-10-mun-novosb-25-26.pdf,1,https://tasks.olimpiada.ru/upload/files/tasks/72/2025/tasks-math-10-mun-novosb-25-26.pdf
M-2025-2026-omsk-10.1,vsosh,municipal,2025,2025/2026,Омская область,,,1,combinatorics;algebra,,Смешанный вопрос,automatic,,,False,archive/vsosh/municipal/2025-2026/omsk/64330730639deb_tasks-math-10-mun-omsk-25-26.pdf,1,https://tasks.olimpiada.ru/upload/files/tasks/72/2025/tasks-math-10-mun-omsk-25-26.pdf
M-2025-2026-omsk-10.2,vsosh,municipal,2025,2025/2026,Омская область,,,2,algebra,,Существование или невозможность,automatic,,,False,archive/vsosh/municipal/2025-2026/omsk/64330730639deb_tasks-math-10-mun-omsk-25-26.pdf,1,https://tasks.olimpiada.ru/upload/files/tasks/72/2025/tasks-math-10-mun-omsk-25-26.pdf
M-2025-2026-omsk-10.3,vsosh,municipal,2025,2025/2026,Омская область,,,3,algebra,monovariant;descent,Смешанный вопрос,automatic,,,False,archive/vsosh/municipal/2025-2026/omsk/64330730639deb_tasks-math-10-mun-omsk-25-26.pdf,1,https://tasks.olimpiada.ru/upload/files/tasks/72/2025/tasks-math-10-mun-omsk-25-26.pdf
M-2025-2026-omsk-10.4,vsosh,municipal,2025,2025/2026,Омская область,,,4,combinatorics,,Доказательство,automatic,,,False,archive/vsosh/municipal/2025-2026/omsk/64330730639deb_tasks-math-10-mun-omsk-25-26.pdf,1,https://tasks.olimpiada.ru/upload/files/tasks/72/2025/tasks-math-10-mun-omsk-25-26.pdf
M-2025-2026-omsk-10.5,vsosh,municipal,2025,2025/2026,Омская область,,,5,geometry;number_theory,angles,Доказательство,automatic,,,False,archive/vsosh/municipal/2025-2026/omsk/64330730639deb_tasks-math-10-mun-omsk-25-26.pdf,1,https://tasks.olimpiada.ru/upload/files/tasks/72/2025/tasks-math-10-mun-omsk-25-26.pdf
M-2025-2026-omsk-10.6,vsosh,municipal,2025,2025/2026,Омская область,,,6,algebra,extremal;polynomials,Оценка и конструкция,automatic,,,False,archive/vsosh/municipal/2025-2026/omsk/64330730639deb_tasks-math-10-mun-omsk-25-26.pdf,1,https://tasks.olimpiada.ru/upload/files/tasks/72/2025/tasks-math-10-mun-omsk-25-26.pdf
M-2025-2026-orel-10.1,vsosh,municipal,2025,2025/2026,Орловская область,,,1,combinatorics,graphs,Подсчёт,automatic,,,False,archive/vsosh/municipal/2025-2026/orel/dbb94b698243bf_tasks-math-10-mun-orel-25-26.pdf,1,https://tasks.olimpiada.ru/upload/files/tasks/72/2025/tasks-math-10-mun-orel-25-26.pdf
M-2025-2026-orel-10.2,vsosh,municipal,2025,2025/2026,Орловская область,,,2,combinatorics;algebra,,Подсчёт,automatic,,,False,archive/vsosh/municipal/2025-2026/orel/dbb94b698243bf_tasks-math-10-mun-orel-25-26.pdf,1,https://tasks.olimpiada.ru/upload/files/tasks/72/2025/tasks-math-10-mun-orel-25-26.pdf
M-2025-2026-orel-10.3,vsosh,municipal,2025,2025/2026,Орловская область,,,3,geometry,angles;areas,Вычисление,automatic,,,False,archive/vsosh/municipal/2025-2026/orel/dbb94b698243bf_tasks-math-10-mun-orel-25-26.pdf,1,https://tasks.olimpiada.ru/upload/files/tasks/72/2025/tasks-math-10-mun-orel-25-26.pdf
M-2025-2026-orel-10.4,vsosh,municipal,2025,2025/2026,Орловская область,,,4,number_theory;combinatorics;algebra,extremal,Оценка и конструкция,automatic,,,False,archive/vsosh/municipal/2025-2026/orel/dbb94b698243bf_tasks-math-10-mun-orel-25-26.pdf,1,https://tasks.olimpiada.ru/upload/files/tasks/72/2025/tasks-math-10-mun-orel-25-26.pdf
M-2025-2026-orel-10.5,vsosh,municipal,2025,2025/2026,Орловская область,,,5,combinatorics,strategy,Игра или стратегия,automatic,,,False,archive/vsosh/municipal/2025-2026/orel/dbb94b698243bf_tasks-math-10-mun-orel-25-26.pdf,1,https://tasks.olimpiada.ru/upload/files/tasks/72/2025/tasks-math-10-mun-orel-25-26.pdf
M-2025-2026-orenb-10.1,vsosh,municipal,2025,2025/2026,Оренбургская область,,,1,number_theory,,Подсчёт,automatic,,,False,archive/vsosh/municipal/2025-2026/orenb/dcb4b5b5ff61a6_tasks-math-10-mun-orenb-25-26.pdf,1,https://tasks.olimpiada.ru/upload/files/tasks/72/2025/tasks-math-10-mun-orenb-25-26.pdf
M-2025-2026-orenb-10.2,vsosh,municipal,2025,2025/2026,Оренбургская область,,,2,unclassified,,Вычисление,automatic,,,False,archive/vsosh/municipal/2025-2026/orenb/dcb4b5b5ff61a6_tasks-math-10-mun-orenb-25-26.pdf,1,https://tasks.olimpiada.ru/upload/files/tasks/72/2025/tasks-math-10-mun-orenb-25-26.pdf
M-2025-2026-orenb-10.3,vsosh,municipal,2025,2025/2026,Оренбургская область,,,3,number_theory;combinatorics,modular;graphs,Смешанный вопрос,automatic,,,False,archive/vsosh/municipal/2025-2026/orenb/dcb4b5b5ff61a6_tasks-math-10-mun-orenb-25-26.pdf,1,https://tasks.olimpiada.ru/upload/files/tasks/72/2025/tasks-math-10-mun-orenb-25-26.pdf
M-2025-2026-orenb-10.4,vsosh,municipal,2025,2025/2026,Оренбургская область,,,4,geometry;combinatorics,angles,Вычисление,automatic,,,False,archive/vsosh/municipal/2025-2026/orenb/dcb4b5b5ff61a6_tasks-math-10-mun-orenb-25-26.pdf,1,https://tasks.olimpiada.ru/upload/files/tasks/72/2025/tasks-math-10-mun-orenb-25-26.pdf
M-2025-2026-orenb-10.5,vsosh,municipal,2025,2025/2026,Оренбургская область,,,5,combinatorics,,Подсчёт,automatic,,,False,archive/vsosh/municipal/2025-2026/orenb/dcb4b5b5ff61a6_tasks-math-10-mun-orenb-25-26.pdf,1,https://tasks.olimpiada.ru/upload/files/tasks/72/2025/tasks-math-10-mun-orenb-25-26.pdf
M-2025-2026-perm-10.1,vsosh,municipal,2025,2025/2026,Пермский край,,,1,algebra,bounds,Смешанный вопрос,statement_reviewed,1,Сравнение двух выражений с радикалами.,False,archive/vsosh/municipal/2025-2026/perm/d9dd1ef085eb5e_tasks-math-10-mun-perm-25-26.pdf,1,https://tasks.olimpiada.ru/upload/files/tasks/72/2025/tasks-math-10-mun-perm-25-26.pdf
M-2025-2026-perm-10.2,vsosh,municipal,2025,2025/2026,Пермский край,,,2,combinatorics,invariant;parity,Смешанный вопрос,solution_reviewed,1,Цвет исходной амёбы по итоговым численностям двух цветов.,False,archive/vsosh/municipal/2025-2026/perm/d9dd1ef085eb5e_tasks-math-10-mun-perm-25-26.pdf,1,https://tasks.olimpiada.ru/upload/files/tasks/72/2025/tasks-math-10-mun-perm-25-26.pdf
M-2025-2026-perm-10.3,vsosh,municipal,2025,2025/2026,Пермский край,,,3,algebra,recurrence;bounds,Смешанный вопрос,statement_reviewed,1,Время подъёма по этажам при росте каждого промежутка на 10 процентов.,False,archive/vsosh/municipal/2025-2026/perm/d9dd1ef085eb5e_tasks-math-10-mun-perm-25-26.pdf,1,https://tasks.olimpiada.ru/upload/files/tasks/72/2025/tasks-math-10-mun-perm-25-26.pdf
M-2025-2026-perm-10.4,vsosh,municipal,2025,2025/2026,Пермский край,,,4,geometry,symmetry;angles,Вычисление,solution_reviewed,1,Биссектриса в квадрате и угол PAQ.,False,archive/vsosh/municipal/2025-2026/perm/d9dd1ef085eb5e_tasks-math-10-mun-perm-25-26.pdf,1,https://tasks.olimpiada.ru/upload/files/tasks/72/2025/tasks-math-10-mun-perm-25-26.pdf
M-2025-2026-perm-10.5,vsosh,municipal,2025,2025/2026,Пермский край,,,5,number_theory,factorization;bounds,Найти все,statement_reviewed,2,"Четырёхзначный квадрат с корнем, равным сумме двух двузначных блоков.",False,archive/vsosh/municipal/2025-2026/perm/d9dd1ef085eb5e_tasks-math-10-mun-perm-25-26.pdf,1,https://tasks.olimpiada.ru/upload/files/tasks/72/2025/tasks-math-10-mun-perm-25-26.pdf
M-2025-2026-ryazan-10.1,vsosh,municipal,2025,2025/2026,Рязанская область,,,1,geometry;algebra,angles,Вычисление,automatic,,,False,archive/vsosh/municipal/2025-2026/ryazan/7220edf7b02263_tasks-math-10-mun-ryazan-25-26.pdf,1,https://tasks.olimpiada.ru/upload/files/tasks/72/2025/tasks-math-10-mun-ryazan-25-26.pdf
M-2025-2026-ryazan-10.2,vsosh,municipal,2025,2025/2026,Рязанская область,,,2,unclassified,,Вычисление,automatic,,,False,archive/vsosh/municipal/2025-2026/ryazan/7220edf7b02263_tasks-math-10-mun-ryazan-25-26.pdf,1,https://tasks.olimpiada.ru/upload/files/tasks/72/2025/tasks-math-10-mun-ryazan-25-26.pdf
M-2025-2026-ryazan-10.4,vsosh,municipal,2025,2025/2026,Рязанская область,,,4,geometry,areas,Смешанный вопрос,automatic,,,False,archive/vsosh/municipal/2025-2026/ryazan/7220edf7b02263_tasks-math-10-mun-ryazan-25-26.pdf,1,https://tasks.olimpiada.ru/upload/files/tasks/72/2025/tasks-math-10-mun-ryazan-25-26.pdf
M-2025-2026-ryazan-10.5,vsosh,municipal,2025,2025/2026,Рязанская область,,,5,number_theory,,Вычисление,automatic,,,False,archive/vsosh/municipal/2025-2026/ryazan/7220edf7b02263_tasks-math-10-mun-ryazan-25-26.pdf,1,https://tasks.olimpiada.ru/upload/files/tasks/72/2025/tasks-math-10-mun-ryazan-25-26.pdf
M-2025-2026-spb-10.1,vsosh,municipal,2025,2025/2026,Санкт-Петербург,,,1,algebra,,Вычисление,automatic,,,False,archive/vsosh/municipal/2025-2026/spb/2f0d2e67580860_tasks-math-10-mun-spb-25-26.pdf,1,https://tasks.olimpiada.ru/upload/files/tasks/72/2025/tasks-math-10-mun-spb-25-26.pdf
M-2025-2026-spb-10.2,vsosh,municipal,2025,2025/2026,Санкт-Петербург,,,2,algebra,extremal,Оценка и конструкция,automatic,,,False,archive/vsosh/municipal/2025-2026/spb/2f0d2e67580860_tasks-math-10-mun-spb-25-26.pdf,1,https://tasks.olimpiada.ru/upload/files/tasks/72/2025/tasks-math-10-mun-spb-25-26.pdf
M-2025-2026-spb-10.3,vsosh,municipal,2025,2025/2026,Санкт-Петербург,,,3,geometry;combinatorics,angles,Вычисление,automatic,,,False,archive/vsosh/municipal/2025-2026/spb/2f0d2e67580860_tasks-math-10-mun-spb-25-26.pdf,1,https://tasks.olimpiada.ru/upload/files/tasks/72/2025/tasks-math-10-mun-spb-25-26.pdf
M-2025-2026-spb-10.4,vsosh,municipal,2025,2025/2026,Санкт-Петербург,,,4,combinatorics,,Подсчёт,automatic,,,False,archive/vsosh/municipal/2025-2026/spb/2f0d2e67580860_tasks-math-10-mun-spb-25-26.pdf,1,https://tasks.olimpiada.ru/upload/files/tasks/72/2025/tasks-math-10-mun-spb-25-26.pdf
M-2025-2026-spb-10.5,vsosh,municipal,2025,2025/2026,Санкт-Петербург,,,5,number_theory,extremal,Оценка и конструкция,automatic,,,False,archive/vsosh/municipal/2025-2026/spb/2f0d2e67580860_tasks-math-10-mun-spb-25-26.pdf,1,https://tasks.olimpiada.ru/upload/files/tasks/72/2025/tasks-math-10-mun-spb-25-26.pdf
M-2025-2026-sverd-10.1,vsosh,municipal,2025,2025/2026,Свердловская область,,,1,algebra,,Смешанный вопрос,automatic,,,False,archive/vsosh/municipal/2025-2026/sverd/55add0152a7e0b_tasks-math-10-mun-sverd-25-26.pdf,1,https://tasks.olimpiada.ru/upload/files/tasks/72/2025/tasks-math-10-mun-sverd-25-26.pdf
M-2025-2026-sverd-10.2,vsosh,municipal,2025,2025/2026,Свердловская область,,,2,geometry,angles,Доказательство,automatic,,,False,archive/vsosh/municipal/2025-2026/sverd/55add0152a7e0b_tasks-math-10-mun-sverd-25-26.pdf,2,https://tasks.olimpiada.ru/upload/files/tasks/72/2025/tasks-math-10-mun-sverd-25-26.pdf
M-2025-2026-sverd-10.3,vsosh,municipal,2025,2025/2026,Свердловская область,,,3,combinatorics;algebra,,Доказательство,automatic,,,False,archive/vsosh/municipal/2025-2026/sverd/55add0152a7e0b_tasks-math-10-mun-sverd-25-26.pdf,2,https://tasks.olimpiada.ru/upload/files/tasks/72/2025/tasks-math-10-mun-sverd-25-26.pdf
M-2025-2026-sverd-10.4,vsosh,municipal,2025,2025/2026,Свердловская область,,,4,combinatorics,graphs;bijection,Вычисление,automatic,,,False,archive/vsosh/municipal/2025-2026/sverd/55add0152a7e0b_tasks-math-10-mun-sverd-25-26.pdf,2,https://tasks.olimpiada.ru/upload/files/tasks/72/2025/tasks-math-10-mun-sverd-25-26.pdf
M-2025-2026-sverd-10.5,vsosh,municipal,2025,2025/2026,Свердловская область,,,5,combinatorics,,Смешанный вопрос,automatic,,,False,archive/vsosh/municipal/2025-2026/sverd/55add0152a7e0b_tasks-math-10-mun-sverd-25-26.pdf,2,https://tasks.olimpiada.ru/upload/files/tasks/72/2025/tasks-math-10-mun-sverd-25-26.pdf
M-2025-2026-sverd-10.6,vsosh,municipal,2025,2025/2026,Свердловская область,,,6,number_theory,extremal,Оценка и конструкция,automatic,,,False,archive/vsosh/municipal/2025-2026/sverd/55add0152a7e0b_tasks-math-10-mun-sverd-25-26.pdf,2,https://tasks.olimpiada.ru/upload/files/tasks/72/2025/tasks-math-10-mun-sverd-25-26.pdf
M-2025-2026-tat-10.1,vsosh,municipal,2025,2025/2026,Республика Татарстан,,,1,number_theory;combinatorics,modular;bounds,Подсчёт,solution_reviewed,1,"Десятизначные числа из 0 и 7, кратные 9.",False,archive/vsosh/municipal/2025-2026/tat/b39da1898b98f5_tasks-math-10-mun-tat-25-26.pdf,1,https://tasks.olimpiada.ru/upload/files/tasks/72/2025/tasks-math-10-mun-tat-25-26.pdf
M-2025-2026-tat-10.2,vsosh,municipal,2025,2025/2026,Республика Татарстан,,,2,algebra,polynomials;bounds,Оценка и конструкция,statement_reviewed,2,Минимум параметра трёхчлена с условием f(x)=f(y)+y.,False,archive/vsosh/municipal/2025-2026/tat/b39da1898b98f5_tasks-math-10-mun-tat-25-26.pdf,1,https://tasks.olimpiada.ru/upload/files/tasks/72/2025/tasks-math-10-mun-tat-25-26.pdf
M-2025-2026-tat-10.3,vsosh,municipal,2025,2025/2026,Республика Татарстан,,,3,number_theory;algebra,recurrence;bounds,Оценка и конструкция,statement_reviewed,2,Семь натуральных чисел со средним трёх предыдущих.,False,archive/vsosh/municipal/2025-2026/tat/b39da1898b98f5_tasks-math-10-mun-tat-25-26.pdf,1,https://tasks.olimpiada.ru/upload/files/tasks/72/2025/tasks-math-10-mun-tat-25-26.pdf
M-2025-2026-tat-10.4,vsosh,municipal,2025,2025/2026,Республика Татарстан,,,4,combinatorics,graphs;double_counting;bounds;construction,Оценка и конструкция,solution_reviewed,2,Минимум однородных троек в компании из девяти человек.,False,archive/vsosh/municipal/2025-2026/tat/b39da1898b98f5_tasks-math-10-mun-tat-25-26.pdf,1,https://tasks.olimpiada.ru/upload/files/tasks/72/2025/tasks-math-10-mun-tat-25-26.pdf
M-2025-2026-tat-10.5,vsosh,municipal,2025,2025/2026,Республика Татарстан,,,5,geometry,power;angles,Оценка и конструкция,statement_reviewed,2,"Две окружности через точки касания и равные отрезки OM,ON.",False,archive/vsosh/municipal/2025-2026/tat/b39da1898b98f5_tasks-math-10-mun-tat-25-26.pdf,1,https://tasks.olimpiada.ru/upload/files/tasks/72/2025/tasks-math-10-mun-tat-25-26.pdf
M-2025-2026-tomsk-10.1,vsosh,municipal,2025,2025/2026,Томская область,,,1,combinatorics,,Смешанный вопрос,automatic,,,False,archive/vsosh/municipal/2025-2026/tomsk/40cedad3053885_tasks-math-10-mun-tomsk-25-26.pdf,1,https://tasks.olimpiada.ru/upload/files/tasks/72/2025/tasks-math-10-mun-tomsk-25-26.pdf
M-2025-2026-tomsk-10.2,vsosh,municipal,2025,2025/2026,Томская область,,,2,algebra,,Найти все,automatic,,,False,archive/vsosh/municipal/2025-2026/tomsk/40cedad3053885_tasks-math-10-mun-tomsk-25-26.pdf,1,https://tasks.olimpiada.ru/upload/files/tasks/72/2025/tasks-math-10-mun-tomsk-25-26.pdf
M-2025-2026-tomsk-10.3,vsosh,municipal,2025,2025/2026,Томская область,,,3,number_theory;combinatorics,,Существование или невозможность,automatic,,,False,archive/vsosh/municipal/2025-2026/tomsk/40cedad3053885_tasks-math-10-mun-tomsk-25-26.pdf,1,https://tasks.olimpiada.ru/upload/files/tasks/72/2025/tasks-math-10-mun-tomsk-25-26.pdf
M-2025-2026-tomsk-10.4,vsosh,municipal,2025,2025/2026,Томская область,,,4,number_theory;algebra,extremal,Оценка и конструкция,automatic,,,False,archive/vsosh/municipal/2025-2026/tomsk/40cedad3053885_tasks-math-10-mun-tomsk-25-26.pdf,1,https://tasks.olimpiada.ru/upload/files/tasks/72/2025/tasks-math-10-mun-tomsk-25-26.pdf
M-2025-2026-tomsk-10.5,vsosh,municipal,2025,2025/2026,Томская область,,,5,geometry,angles,Доказательство,automatic,,,False,archive/vsosh/municipal/2025-2026/tomsk/40cedad3053885_tasks-math-10-mun-tomsk-25-26.pdf,1,https://tasks.olimpiada.ru/upload/files/tasks/72/2025/tasks-math-10-mun-tomsk-25-26.pdf
M-2025-2026-tula-10.1,vsosh,municipal,2025,2025/2026,Тульская область,,,1,algebra,,Смешанный вопрос,automatic,,,False,archive/vsosh/municipal/2025-2026/tula/7253846d96455e_tasks-math-10-mun-tula-25-26.pdf,1,https://tasks.olimpiada.ru/upload/files/tasks/72/2025/tasks-math-10-mun-tula-25-26.pdf
M-2025-2026-tula-10.2,vsosh,municipal,2025,2025/2026,Тульская область,,,2,algebra,,Смешанный вопрос,automatic,,,False,archive/vsosh/municipal/2025-2026/tula/7253846d96455e_tasks-math-10-mun-tula-25-26.pdf,1,https://tasks.olimpiada.ru/upload/files/tasks/72/2025/tasks-math-10-mun-tula-25-26.pdf
M-2025-2026-tula-10.3,vsosh,municipal,2025,2025/2026,Тульская область,,,3,unclassified,,Доказательство,automatic,,,False,archive/vsosh/municipal/2025-2026/tula/7253846d96455e_tasks-math-10-mun-tula-25-26.pdf,1,https://tasks.olimpiada.ru/upload/files/tasks/72/2025/tasks-math-10-mun-tula-25-26.pdf
M-2025-2026-tula-10.4,vsosh,municipal,2025,2025/2026,Тульская область,,,4,geometry;combinatorics,angles,Доказательство,automatic,,,False,archive/vsosh/municipal/2025-2026/tula/7253846d96455e_tasks-math-10-mun-tula-25-26.pdf,1,https://tasks.olimpiada.ru/upload/files/tasks/72/2025/tasks-math-10-mun-tula-25-26.pdf
M-2025-2026-tula-10.5,vsosh,municipal,2025,2025/2026,Тульская область,,,5,number_theory;combinatorics,extremal;bounds,Оценка и конструкция,automatic,,,False,archive/vsosh/municipal/2025-2026/tula/7253846d96455e_tasks-math-10-mun-tula-25-26.pdf,1,https://tasks.olimpiada.ru/upload/files/tasks/72/2025/tasks-math-10-mun-tula-25-26.pdf
M-2025-2026-tver-10.1,vsosh,municipal,2025,2025/2026,Тверская область,,,1,combinatorics,graphs,Подсчёт,automatic,,,False,archive/vsosh/municipal/2025-2026/tver/018daa9f6ccea5_tasks-math-10-mun-tver-25-26.pdf,1,https://tasks.olimpiada.ru/upload/files/tasks/72/2025/tasks-math-10-mun-tver-25-26.pdf
M-2025-2026-tver-10.2,vsosh,municipal,2025,2025/2026,Тверская область,,,2,combinatorics;algebra,,Подсчёт,automatic,,,False,archive/vsosh/municipal/2025-2026/tver/018daa9f6ccea5_tasks-math-10-mun-tver-25-26.pdf,1,https://tasks.olimpiada.ru/upload/files/tasks/72/2025/tasks-math-10-mun-tver-25-26.pdf
M-2025-2026-tver-10.3,vsosh,municipal,2025,2025/2026,Тверская область,,,3,geometry,angles;areas,Вычисление,automatic,,,False,archive/vsosh/municipal/2025-2026/tver/018daa9f6ccea5_tasks-math-10-mun-tver-25-26.pdf,1,https://tasks.olimpiada.ru/upload/files/tasks/72/2025/tasks-math-10-mun-tver-25-26.pdf
M-2025-2026-tver-10.4,vsosh,municipal,2025,2025/2026,Тверская область,,,4,number_theory;combinatorics;algebra,extremal,Оценка и конструкция,automatic,,,False,archive/vsosh/municipal/2025-2026/tver/018daa9f6ccea5_tasks-math-10-mun-tver-25-26.pdf,1,https://tasks.olimpiada.ru/upload/files/tasks/72/2025/tasks-math-10-mun-tver-25-26.pdf
M-2025-2026-tver-10.5,vsosh,municipal,2025,2025/2026,Тверская область,,,5,combinatorics,strategy,Игра или стратегия,automatic,,,False,archive/vsosh/municipal/2025-2026/tver/018daa9f6ccea5_tasks-math-10-mun-tver-25-26.pdf,1,https://tasks.olimpiada.ru/upload/files/tasks/72/2025/tasks-math-10-mun-tver-25-26.pdf
M-2025-2026-tyumen-10.1,vsosh,municipal,2025,2025/2026,Тюменская область,,,1,algebra,,Смешанный вопрос,automatic,,,False,archive/vsosh/municipal/2025-2026/tyumen/a5669e834b6b41_tasks-math-10-mun-tyumen-25-26.pdf,1,https://tasks.olimpiada.ru/upload/files/tasks/72/2025/tasks-math-10-mun-tyumen-25-26.pdf
M-2025-2026-tyumen-10.2,vsosh,municipal,2025,2025/2026,Тюменская область,,,2,geometry;algebra,extremal;angles;areas,Оценка и конструкция,automatic,,,False,archive/vsosh/municipal/2025-2026/tyumen/a5669e834b6b41_tasks-math-10-mun-tyumen-25-26.pdf,1,https://tasks.olimpiada.ru/upload/files/tasks/72/2025/tasks-math-10-mun-tyumen-25-26.pdf
M-2025-2026-tyumen-10.3,vsosh,municipal,2025,2025/2026,Тюменская область,,,3,algebra,,Смешанный вопрос,automatic,,,False,archive/vsosh/municipal/2025-2026/tyumen/a5669e834b6b41_tasks-math-10-mun-tyumen-25-26.pdf,1,https://tasks.olimpiada.ru/upload/files/tasks/72/2025/tasks-math-10-mun-tyumen-25-26.pdf
M-2025-2026-tyumen-10.4,vsosh,municipal,2025,2025/2026,Тюменская область,,,4,combinatorics,extremal,Смешанный вопрос,automatic,,,False,archive/vsosh/municipal/2025-2026/tyumen/a5669e834b6b41_tasks-math-10-mun-tyumen-25-26.pdf,1,https://tasks.olimpiada.ru/upload/files/tasks/72/2025/tasks-math-10-mun-tyumen-25-26.pdf
M-2025-2026-tyumen-10.5,vsosh,municipal,2025,2025/2026,Тюменская область,,,5,algebra,construction,Вычисление,automatic,,,False,archive/vsosh/municipal/2025-2026/tyumen/a5669e834b6b41_tasks-math-10-mun-tyumen-25-26.pdf,1,https://tasks.olimpiada.ru/upload/files/tasks/72/2025/tasks-math-10-mun-tyumen-25-26.pdf
M-2025-2026-vladimir-10.1,vsosh,municipal,2025,2025/2026,Владимирская область,,,1,algebra,extremal,Оценка и конструкция,automatic,,,False,archive/vsosh/municipal/2025-2026/vladimir/384a6cf0b8acd7_tasks-math-10-mun-vladimir-25-26.pdf,2,https://tasks.olimpiada.ru/upload/files/tasks/72/2025/tasks-math-10-mun-vladimir-25-26.pdf
M-2025-2026-vladimir-10.2,vsosh,municipal,2025,2025/2026,Владимирская область,,,2,algebra,,Доказательство,automatic,,,False,archive/vsosh/municipal/2025-2026/vladimir/384a6cf0b8acd7_tasks-math-10-mun-vladimir-25-26.pdf,2,https://tasks.olimpiada.ru/upload/files/tasks/72/2025/tasks-math-10-mun-vladimir-25-26.pdf
M-2025-2026-vladimir-10.3,vsosh,municipal,2025,2025/2026,Владимирская область,,,3,geometry,angles,Смешанный вопрос,automatic,,,False,archive/vsosh/municipal/2025-2026/vladimir/384a6cf0b8acd7_tasks-math-10-mun-vladimir-25-26.pdf,2,https://tasks.olimpiada.ru/upload/files/tasks/72/2025/tasks-math-10-mun-vladimir-25-26.pdf
M-2025-2026-vladimir-10.4,vsosh,municipal,2025,2025/2026,Владимирская область,,,4,number_theory,,Найти все,automatic,,,False,archive/vsosh/municipal/2025-2026/vladimir/384a6cf0b8acd7_tasks-math-10-mun-vladimir-25-26.pdf,2,https://tasks.olimpiada.ru/upload/files/tasks/72/2025/tasks-math-10-mun-vladimir-25-26.pdf
M-2025-2026-vladimir-10.5,vsosh,municipal,2025,2025/2026,Владимирская область,,,5,combinatorics,,Существование или невозможность,automatic,,,False,archive/vsosh/municipal/2025-2026/vladimir/384a6cf0b8acd7_tasks-math-10-mun-vladimir-25-26.pdf,2,https://tasks.olimpiada.ru/upload/files/tasks/72/2025/tasks-math-10-mun-vladimir-25-26.pdf
M-2025-2026-volog-10.1,vsosh,municipal,2025,2025/2026,Вологодская область,,,1,number_theory,,Существование или невозможность,automatic,,,False,archive/vsosh/municipal/2025-2026/volog/bd7a9a0fbe09d7_tasks-math-10-mun-volog-25-26.pdf,1,https://tasks.olimpiada.ru/upload/files/tasks/72/2025/tasks-math-10-mun-volog-25-26.pdf
M-2025-2026-volog-10.2,vsosh,municipal,2025,2025/2026,Вологодская область,,,2,combinatorics,,Существование или невозможность,automatic,,,False,archive/vsosh/municipal/2025-2026/volog/bd7a9a0fbe09d7_tasks-math-10-mun-volog-25-26.pdf,1,https://tasks.olimpiada.ru/upload/files/tasks/72/2025/tasks-math-10-mun-volog-25-26.pdf
M-2025-2026-volog-10.3,vsosh,municipal,2025,2025/2026,Вологодская область,,,3,number_theory,extremal;construction,Оценка и конструкция,automatic,,,False,archive/vsosh/municipal/2025-2026/volog/bd7a9a0fbe09d7_tasks-math-10-mun-volog-25-26.pdf,1,https://tasks.olimpiada.ru/upload/files/tasks/72/2025/tasks-math-10-mun-volog-25-26.pdf
M-2025-2026-volog-10.4,vsosh,municipal,2025,2025/2026,Вологодская область,,,4,geometry;combinatorics,angles,Смешанный вопрос,automatic,,,False,archive/vsosh/municipal/2025-2026/volog/bd7a9a0fbe09d7_tasks-math-10-mun-volog-25-26.pdf,1,https://tasks.olimpiada.ru/upload/files/tasks/72/2025/tasks-math-10-mun-volog-25-26.pdf
M-2025-2026-volog-10.5,vsosh,municipal,2025,2025/2026,Вологодская область,,,5,combinatorics,,Игра или стратегия,automatic,,,False,archive/vsosh/municipal/2025-2026/volog/bd7a9a0fbe09d7_tasks-math-10-mun-volog-25-26.pdf,1,https://tasks.olimpiada.ru/upload/files/tasks/72/2025/tasks-math-10-mun-volog-25-26.pdf
M-2025-2026-xakas-10.1,vsosh,municipal,2025,2025/2026,Республика Хакасия,,,1,algebra,polynomials,Вычисление,automatic,,,False,archive/vsosh/municipal/2025-2026/xakas/7a80773f930e57_tasks-math-10-mun-xakas-25-26.pdf,1,https://tasks.olimpiada.ru/upload/files/tasks/72/2025/tasks-math-10-mun-xakas-25-26.pdf
M-2025-2026-xakas-10.2,vsosh,municipal,2025,2025/2026,Республика Хакасия,,,2,number_theory;combinatorics,strategy,Подсчёт,automatic,,,False,archive/vsosh/municipal/2025-2026/xakas/7a80773f930e57_tasks-math-10-mun-xakas-25-26.pdf,1,https://tasks.olimpiada.ru/upload/files/tasks/72/2025/tasks-math-10-mun-xakas-25-26.pdf
M-2025-2026-xakas-10.3,vsosh,municipal,2025,2025/2026,Республика Хакасия,,,3,geometry;combinatorics,angles,Доказательство,automatic,,,False,archive/vsosh/municipal/2025-2026/xakas/7a80773f930e57_tasks-math-10-mun-xakas-25-26.pdf,1,https://tasks.olimpiada.ru/upload/files/tasks/72/2025/tasks-math-10-mun-xakas-25-26.pdf
M-2025-2026-xakas-10.4,vsosh,municipal,2025,2025/2026,Республика Хакасия,,,4,combinatorics,extremal,Оценка и конструкция,automatic,,,False,archive/vsosh/municipal/2025-2026/xakas/7a80773f930e57_tasks-math-10-mun-xakas-25-26.pdf,2,https://tasks.olimpiada.ru/upload/files/tasks/72/2025/tasks-math-10-mun-xakas-25-26.pdf
M-2025-2026-xakas-10.5,vsosh,municipal,2025,2025/2026,Республика Хакасия,,,5,algebra,,Смешанный вопрос,automatic,,,False,archive/vsosh/municipal/2025-2026/xakas/7a80773f930e57_tasks-math-10-mun-xakas-25-26.pdf,2,https://tasks.olimpiada.ru/upload/files/tasks/72/2025/tasks-math-10-mun-xakas-25-26.pdf
M-2024-2025-arh-10.1,vsosh,municipal,2024,2024/2025,Архангельская область,,,1,number_theory;algebra,extremal,Оценка и конструкция,automatic,,,False,archive/vsosh/municipal/2024-2025/arh/537350e79b27b8_tasks-math-10-mun-arh-24-25.pdf,1,https://tasks.olimpiada.ru/upload/files/tasks/72/2024/tasks-math-10-mun-arh-24-25.pdf
M-2024-2025-arh-10.2,vsosh,municipal,2024,2024/2025,Архангельская область,,,2,algebra,,Смешанный вопрос,automatic,,,False,archive/vsosh/municipal/2024-2025/arh/537350e79b27b8_tasks-math-10-mun-arh-24-25.pdf,1,https://tasks.olimpiada.ru/upload/files/tasks/72/2024/tasks-math-10-mun-arh-24-25.pdf
M-2024-2025-arh-10.3,vsosh,municipal,2024,2024/2025,Архангельская область,,,3,geometry;combinatorics,angles,Вычисление,automatic,,,False,archive/vsosh/municipal/2024-2025/arh/537350e79b27b8_tasks-math-10-mun-arh-24-25.pdf,1,https://tasks.olimpiada.ru/upload/files/tasks/72/2024/tasks-math-10-mun-arh-24-25.pdf
M-2024-2025-arh-10.4,vsosh,municipal,2024,2024/2025,Архангельская область,,,4,number_theory;combinatorics,,Игра или стратегия,automatic,,,False,archive/vsosh/municipal/2024-2025/arh/537350e79b27b8_tasks-math-10-mun-arh-24-25.pdf,1,https://tasks.olimpiada.ru/upload/files/tasks/72/2024/tasks-math-10-mun-arh-24-25.pdf
M-2024-2025-arh-10.5,vsosh,municipal,2024,2024/2025,Архангельская область,,,5,unclassified,,Смешанный вопрос,automatic,,,False,archive/vsosh/municipal/2024-2025/arh/537350e79b27b8_tasks-math-10-mun-arh-24-25.pdf,1,https://tasks.olimpiada.ru/upload/files/tasks/72/2024/tasks-math-10-mun-arh-24-25.pdf
M-2024-2025-bash-10.1,vsosh,municipal,2024,2024/2025,Республика Башкортостан,,,1,number_theory;algebra,,Найти все,automatic,,,False,archive/vsosh/municipal/2024-2025/bash/e6d6f6ea03c7a5_tasks-math-10-mun-bash-24-25.pdf,1,https://tasks.olimpiada.ru/upload/files/tasks/72/2024/tasks-math-10-mun-bash-24-25.pdf
M-2024-2025-bash-10.2,vsosh,municipal,2024,2024/2025,Республика Башкортостан,,,2,algebra,,Найти все,automatic,,,False,archive/vsosh/municipal/2024-2025/bash/e6d6f6ea03c7a5_tasks-math-10-mun-bash-24-25.pdf,1,https://tasks.olimpiada.ru/upload/files/tasks/72/2024/tasks-math-10-mun-bash-24-25.pdf
M-2024-2025-bash-10.3,vsosh,municipal,2024,2024/2025,Республика Башкортостан,,,3,combinatorics,,Вычисление,automatic,,,False,archive/vsosh/municipal/2024-2025/bash/e6d6f6ea03c7a5_tasks-math-10-mun-bash-24-25.pdf,1,https://tasks.olimpiada.ru/upload/files/tasks/72/2024/tasks-math-10-mun-bash-24-25.pdf
M-2024-2025-bash-10.4,vsosh,municipal,2024,2024/2025,Республика Башкортостан,,,4,geometry;algebra,angles;areas,Доказательство,automatic,,,False,archive/vsosh/municipal/2024-2025/bash/e6d6f6ea03c7a5_tasks-math-10-mun-bash-24-25.pdf,1,https://tasks.olimpiada.ru/upload/files/tasks/72/2024/tasks-math-10-mun-bash-24-25.pdf
M-2024-2025-bash-10.5,vsosh,municipal,2024,2024/2025,Республика Башкортостан,,,5,combinatorics;algebra,,Смешанный вопрос,automatic,,,False,archive/vsosh/municipal/2024-2025/bash/e6d6f6ea03c7a5_tasks-math-10-mun-bash-24-25.pdf,1,https://tasks.olimpiada.ru/upload/files/tasks/72/2024/tasks-math-10-mun-bash-24-25.pdf
M-2024-2025-bash-10.6,vsosh,municipal,2024,2024/2025,Республика Башкортостан,,,6,number_theory;algebra,parity;recurrence,Смешанный вопрос,automatic,,,False,archive/vsosh/municipal/2024-2025/bash/e6d6f6ea03c7a5_tasks-math-10-mun-bash-24-25.pdf,1,https://tasks.olimpiada.ru/upload/files/tasks/72/2024/tasks-math-10-mun-bash-24-25.pdf
M-2024-2025-belgor-10.1,vsosh,municipal,2024,2024/2025,Белгородская область,,,1,combinatorics;algebra,extremal,Оценка и конструкция,automatic,,,False,archive/vsosh/municipal/2024-2025/belgor/2794768e4e0485_tasks-math-10-mun-belgor-24-25.pdf,1,https://tasks.olimpiada.ru/upload/files/tasks/72/2024/tasks-math-10-mun-belgor-24-25.pdf
M-2024-2025-belgor-10.2,vsosh,municipal,2024,2024/2025,Белгородская область,,,2,algebra,,Существование или невозможность,automatic,,,False,archive/vsosh/municipal/2024-2025/belgor/2794768e4e0485_tasks-math-10-mun-belgor-24-25.pdf,1,https://tasks.olimpiada.ru/upload/files/tasks/72/2024/tasks-math-10-mun-belgor-24-25.pdf
M-2024-2025-belgor-10.3,vsosh,municipal,2024,2024/2025,Белгородская область,,,3,number_theory;combinatorics;algebra,,Подсчёт,automatic,,,False,archive/vsosh/municipal/2024-2025/belgor/2794768e4e0485_tasks-math-10-mun-belgor-24-25.pdf,1,https://tasks.olimpiada.ru/upload/files/tasks/72/2024/tasks-math-10-mun-belgor-24-25.pdf
M-2024-2025-belgor-10.4,vsosh,municipal,2024,2024/2025,Белгородская область,,,4,number_theory;algebra,,Существование или невозможность,automatic,,,False,archive/vsosh/municipal/2024-2025/belgor/2794768e4e0485_tasks-math-10-mun-belgor-24-25.pdf,1,https://tasks.olimpiada.ru/upload/files/tasks/72/2024/tasks-math-10-mun-belgor-24-25.pdf
M-2024-2025-belgor-10.5,vsosh,municipal,2024,2024/2025,Белгородская область,,,5,geometry;combinatorics;algebra,angles;bijection,Доказательство,automatic,,,False,archive/vsosh/municipal/2024-2025/belgor/2794768e4e0485_tasks-math-10-mun-belgor-24-25.pdf,1,https://tasks.olimpiada.ru/upload/files/tasks/72/2024/tasks-math-10-mun-belgor-24-25.pdf
M-2024-2025-bryansk-10.1,vsosh,municipal,2024,2024/2025,Брянская область,,,1,combinatorics;algebra,,Доказательство,automatic,,,False,archive/vsosh/municipal/2024-2025/bryansk/e51a4fe3c8d473_tasks-math-10-mun-bryansk-24-25.pdf,1,https://tasks.olimpiada.ru/upload/files/tasks/72/2024/tasks-math-10-mun-bryansk-24-25.pdf
M-2024-2025-bryansk-10.2,vsosh,municipal,2024,2024/2025,Брянская область,,,2,number_theory;algebra,,Доказательство,automatic,,,False,archive/vsosh/municipal/2024-2025/bryansk/e51a4fe3c8d473_tasks-math-10-mun-bryansk-24-25.pdf,1,https://tasks.olimpiada.ru/upload/files/tasks/72/2024/tasks-math-10-mun-bryansk-24-25.pdf
M-2024-2025-bryansk-10.4,vsosh,municipal,2024,2024/2025,Брянская область,,,4,geometry,angles,Вычисление,automatic,,,False,archive/vsosh/municipal/2024-2025/bryansk/e51a4fe3c8d473_tasks-math-10-mun-bryansk-24-25.pdf,1,https://tasks.olimpiada.ru/upload/files/tasks/72/2024/tasks-math-10-mun-bryansk-24-25.pdf
M-2024-2025-bryansk-10.5,vsosh,municipal,2024,2024/2025,Брянская область,,,5,number_theory;algebra,,Смешанный вопрос,automatic,,,False,archive/vsosh/municipal/2024-2025/bryansk/e51a4fe3c8d473_tasks-math-10-mun-bryansk-24-25.pdf,1,https://tasks.olimpiada.ru/upload/files/tasks/72/2024/tasks-math-10-mun-bryansk-24-25.pdf
M-2024-2025-chel-10.1,vsosh,municipal,2024,2024/2025,Челябинская область,,,1,unclassified,,Подсчёт,automatic,,,False,archive/vsosh/municipal/2024-2025/chel/fb224da6197074_tasks-math-10-mun-chel-24-25.pdf,1,https://tasks.olimpiada.ru/upload/files/tasks/72/2024/tasks-math-10-mun-chel-24-25.pdf
M-2024-2025-chel-10.2,vsosh,municipal,2024,2024/2025,Челябинская область,,,2,algebra,,Вычисление,automatic,,,False,archive/vsosh/municipal/2024-2025/chel/fb224da6197074_tasks-math-10-mun-chel-24-25.pdf,1,https://tasks.olimpiada.ru/upload/files/tasks/72/2024/tasks-math-10-mun-chel-24-25.pdf
M-2024-2025-chel-10.3,vsosh,municipal,2024,2024/2025,Челябинская область,,,3,algebra,,Доказательство,automatic,,,False,archive/vsosh/municipal/2024-2025/chel/fb224da6197074_tasks-math-10-mun-chel-24-25.pdf,1,https://tasks.olimpiada.ru/upload/files/tasks/72/2024/tasks-math-10-mun-chel-24-25.pdf
M-2024-2025-chel-10.4,vsosh,municipal,2024,2024/2025,Челябинская область,,,4,geometry,angles,Доказательство,automatic,,,False,archive/vsosh/municipal/2024-2025/chel/fb224da6197074_tasks-math-10-mun-chel-24-25.pdf,1,https://tasks.olimpiada.ru/upload/files/tasks/72/2024/tasks-math-10-mun-chel-24-25.pdf
M-2024-2025-chel-10.5,vsosh,municipal,2024,2024/2025,Челябинская область,,,5,geometry;combinatorics,angles;areas,Доказательство,automatic,,,False,archive/vsosh/municipal/2024-2025/chel/fb224da6197074_tasks-math-10-mun-chel-24-25.pdf,1,https://tasks.olimpiada.ru/upload/files/tasks/72/2024/tasks-math-10-mun-chel-24-25.pdf
M-2024-2025-chuk-10.1,vsosh,municipal,2024,2024/2025,Чукотский автономный округ,,,1,number_theory;algebra,,Доказательство,automatic,,,False,archive/vsosh/municipal/2024-2025/chuk/332ea656a5de98_tasks-math-10-mun-chuk-24-25.pdf,1,https://tasks.olimpiada.ru/upload/files/tasks/72/2024/tasks-math-10-mun-chuk-24-25.pdf
M-2024-2025-chuk-10.2,vsosh,municipal,2024,2024/2025,Чукотский автономный округ,,,2,geometry,,Существование или невозможность,automatic,,,False,archive/vsosh/municipal/2024-2025/chuk/332ea656a5de98_tasks-math-10-mun-chuk-24-25.pdf,1,https://tasks.olimpiada.ru/upload/files/tasks/72/2024/tasks-math-10-mun-chuk-24-25.pdf
M-2024-2025-chuk-10.3,vsosh,municipal,2024,2024/2025,Чукотский автономный округ,,,3,geometry,angles,Доказательство,automatic,,,False,archive/vsosh/municipal/2024-2025/chuk/332ea656a5de98_tasks-math-10-mun-chuk-24-25.pdf,1,https://tasks.olimpiada.ru/upload/files/tasks/72/2024/tasks-math-10-mun-chuk-24-25.pdf
M-2024-2025-chuk-10.4,vsosh,municipal,2024,2024/2025,Чукотский автономный округ,,,4,number_theory,extremal,Подсчёт,automatic,,,False,archive/vsosh/municipal/2024-2025/chuk/332ea656a5de98_tasks-math-10-mun-chuk-24-25.pdf,1,https://tasks.olimpiada.ru/upload/files/tasks/72/2024/tasks-math-10-mun-chuk-24-25.pdf
M-2024-2025-chuk-10.5,vsosh,municipal,2024,2024/2025,Чукотский автономный округ,,,5,algebra,,Найти все,automatic,,,False,archive/vsosh/municipal/2024-2025/chuk/332ea656a5de98_tasks-math-10-mun-chuk-24-25.pdf,1,https://tasks.olimpiada.ru/upload/files/tasks/72/2024/tasks-math-10-mun-chuk-24-25.pdf
M-2024-2025-chuk-10.6,vsosh,municipal,2024,2024/2025,Чукотский автономный округ,,,6,combinatorics,,Смешанный вопрос,automatic,,,False,archive/vsosh/municipal/2024-2025/chuk/332ea656a5de98_tasks-math-10-mun-chuk-24-25.pdf,1,https://tasks.olimpiada.ru/upload/files/tasks/72/2024/tasks-math-10-mun-chuk-24-25.pdf
M-2024-2025-crimea-10.1,vsosh,municipal,2024,2024/2025,Республика Крым,,,1,number_theory;combinatorics,,Доказательство,automatic,,,False,archive/vsosh/municipal/2024-2025/crimea/2cae5d40f36e84_tasks-math-10-mun-crimea-24-25.pdf,1,https://tasks.olimpiada.ru/upload/files/tasks/72/2024/tasks-math-10-mun-crimea-24-25.pdf
M-2024-2025-crimea-10.2,vsosh,municipal,2024,2024/2025,Республика Крым,,,2,geometry,angles,Вычисление,automatic,,,False,archive/vsosh/municipal/2024-2025/crimea/2cae5d40f36e84_tasks-math-10-mun-crimea-24-25.pdf,1,https://tasks.olimpiada.ru/upload/files/tasks/72/2024/tasks-math-10-mun-crimea-24-25.pdf
M-2024-2025-crimea-10.3,vsosh,municipal,2024,2024/2025,Республика Крым,,,3,algebra,,Смешанный вопрос,automatic,,,False,archive/vsosh/municipal/2024-2025/crimea/2cae5d40f36e84_tasks-math-10-mun-crimea-24-25.pdf,1,https://tasks.olimpiada.ru/upload/files/tasks/72/2024/tasks-math-10-mun-crimea-24-25.pdf
M-2024-2025-crimea-10.4,vsosh,municipal,2024,2024/2025,Республика Крым,,,4,algebra,,Найти все,automatic,,,False,archive/vsosh/municipal/2024-2025/crimea/2cae5d40f36e84_tasks-math-10-mun-crimea-24-25.pdf,1,https://tasks.olimpiada.ru/upload/files/tasks/72/2024/tasks-math-10-mun-crimea-24-25.pdf
M-2024-2025-crimea-10.5,vsosh,municipal,2024,2024/2025,Республика Крым,,,5,number_theory;algebra,extremal,Оценка и конструкция,automatic,,,False,archive/vsosh/municipal/2024-2025/crimea/2cae5d40f36e84_tasks-math-10-mun-crimea-24-25.pdf,1,https://tasks.olimpiada.ru/upload/files/tasks/72/2024/tasks-math-10-mun-crimea-24-25.pdf
M-2024-2025-dnr-10.1,vsosh,municipal,2024,2024/2025,Донецкая Народная Республика,,,1,algebra,,Смешанный вопрос,automatic,,,False,archive/vsosh/municipal/2024-2025/dnr/7e196d332499b0_tasks-math-10-mun-dnr-24-25.pdf,1,https://tasks.olimpiada.ru/upload/files/tasks/72/2024/tasks-math-10-mun-dnr-24-25.pdf
M-2024-2025-dnr-10.2,vsosh,municipal,2024,2024/2025,Донецкая Народная Республика,,,2,number_theory;algebra,extremal,Оценка и конструкция,automatic,,,False,archive/vsosh/municipal/2024-2025/dnr/7e196d332499b0_tasks-math-10-mun-dnr-24-25.pdf,1,https://tasks.olimpiada.ru/upload/files/tasks/72/2024/tasks-math-10-mun-dnr-24-25.pdf
M-2024-2025-dnr-10.3,vsosh,municipal,2024,2024/2025,Донецкая Народная Республика,,,3,geometry;combinatorics,angles;areas,Вычисление,automatic,,,False,archive/vsosh/municipal/2024-2025/dnr/7e196d332499b0_tasks-math-10-mun-dnr-24-25.pdf,1,https://tasks.olimpiada.ru/upload/files/tasks/72/2024/tasks-math-10-mun-dnr-24-25.pdf
M-2024-2025-dnr-10.4,vsosh,municipal,2024,2024/2025,Донецкая Народная Республика,,,4,algebra,polynomials,Смешанный вопрос,automatic,,,False,archive/vsosh/municipal/2024-2025/dnr/7e196d332499b0_tasks-math-10-mun-dnr-24-25.pdf,1,https://tasks.olimpiada.ru/upload/files/tasks/72/2024/tasks-math-10-mun-dnr-24-25.pdf
M-2024-2025-dnr-10.5,vsosh,municipal,2024,2024/2025,Донецкая Народная Республика,,,5,combinatorics;algebra,extremal,Оценка и конструкция,automatic,,,False,archive/vsosh/municipal/2024-2025/dnr/7e196d332499b0_tasks-math-10-mun-dnr-24-25.pdf,1,https://tasks.olimpiada.ru/upload/files/tasks/72/2024/tasks-math-10-mun-dnr-24-25.pdf
M-2024-2025-dnr-10.6,vsosh,municipal,2024,2024/2025,Донецкая Народная Республика,,,6,geometry,angles,Вычисление,automatic,,,False,archive/vsosh/municipal/2024-2025/dnr/7e196d332499b0_tasks-math-10-mun-dnr-24-25.pdf,2,https://tasks.olimpiada.ru/upload/files/tasks/72/2024/tasks-math-10-mun-dnr-24-25.pdf
M-2024-2025-dnr-10.7,vsosh,municipal,2024,2024/2025,Донецкая Народная Республика,,,7,combinatorics,extremal,Оценка и конструкция,automatic,,,False,archive/vsosh/municipal/2024-2025/dnr/7e196d332499b0_tasks-math-10-mun-dnr-24-25.pdf,2,https://tasks.olimpiada.ru/upload/files/tasks/72/2024/tasks-math-10-mun-dnr-24-25.pdf
M-2024-2025-dnr-10.8,vsosh,municipal,2024,2024/2025,Донецкая Народная Республика,,,8,number_theory;algebra,,Вычисление,automatic,,,False,archive/vsosh/municipal/2024-2025/dnr/7e196d332499b0_tasks-math-10-mun-dnr-24-25.pdf,2,https://tasks.olimpiada.ru/upload/files/tasks/72/2024/tasks-math-10-mun-dnr-24-25.pdf
M-2024-2025-irk-10.1,vsosh,municipal,2024,2024/2025,Иркутская область,,,1,number_theory;algebra,bounds,Существование или невозможность,automatic,,,False,archive/vsosh/municipal/2024-2025/irk/b7e83abefd964b_tasks-math-10-mun-irk-24-25.pdf,1,https://tasks.olimpiada.ru/upload/files/tasks/72/2024/tasks-math-10-mun-irk-24-25.pdf
M-2024-2025-irk-10.2,vsosh,municipal,2024,2024/2025,Иркутская область,,,2,combinatorics;algebra,,Вычисление,automatic,,,False,archive/vsosh/municipal/2024-2025/irk/b7e83abefd964b_tasks-math-10-mun-irk-24-25.pdf,1,https://tasks.olimpiada.ru/upload/files/tasks/72/2024/tasks-math-10-mun-irk-24-25.pdf
M-2024-2025-irk-10.3,vsosh,municipal,2024,2024/2025,Иркутская область,,,3,number_theory,,Доказательство,automatic,,,False,archive/vsosh/municipal/2024-2025/irk/b7e83abefd964b_tasks-math-10-mun-irk-24-25.pdf,1,https://tasks.olimpiada.ru/upload/files/tasks/72/2024/tasks-math-10-mun-irk-24-25.pdf
M-2024-2025-irk-10.4,vsosh,municipal,2024,2024/2025,Иркутская область,,,4,combinatorics;algebra,strategy,Игра или стратегия,automatic,,,False,archive/vsosh/municipal/2024-2025/irk/b7e83abefd964b_tasks-math-10-mun-irk-24-25.pdf,1,https://tasks.olimpiada.ru/upload/files/tasks/72/2024/tasks-math-10-mun-irk-24-25.pdf
M-2024-2025-irk-10.5,vsosh,municipal,2024,2024/2025,Иркутская область,,,5,geometry,angles;bijection,Доказательство,automatic,,,False,archive/vsosh/municipal/2024-2025/irk/b7e83abefd964b_tasks-math-10-mun-irk-24-25.pdf,1,https://tasks.olimpiada.ru/upload/files/tasks/72/2024/tasks-math-10-mun-irk-24-25.pdf
M-2024-2025-kaluga-10.1,vsosh,municipal,2024,2024/2025,Калужская область,,,1,number_theory;algebra,,Смешанный вопрос,automatic,,,False,archive/vsosh/municipal/2024-2025/kaluga/3fa2cdcbf302ef_tasks-math-10-mun-kaluga-24-25.pdf,1,https://tasks.olimpiada.ru/upload/files/tasks/72/2024/tasks-math-10-mun-kaluga-24-25.pdf
M-2024-2025-kaluga-10.2,vsosh,municipal,2024,2024/2025,Калужская область,,,2,algebra,,Подсчёт,automatic,,,False,archive/vsosh/municipal/2024-2025/kaluga/3fa2cdcbf302ef_tasks-math-10-mun-kaluga-24-25.pdf,1,https://tasks.olimpiada.ru/upload/files/tasks/72/2024/tasks-math-10-mun-kaluga-24-25.pdf
M-2024-2025-kaluga-10.3,vsosh,municipal,2024,2024/2025,Калужская область,,,3,algebra,parity;recurrence,Вычисление,automatic,,,False,archive/vsosh/municipal/2024-2025/kaluga/3fa2cdcbf302ef_tasks-math-10-mun-kaluga-24-25.pdf,1,https://tasks.olimpiada.ru/upload/files/tasks/72/2024/tasks-math-10-mun-kaluga-24-25.pdf
M-2024-2025-kaluga-10.4,vsosh,municipal,2024,2024/2025,Калужская область,,,4,algebra,,Вычисление,automatic,,,False,archive/vsosh/municipal/2024-2025/kaluga/3fa2cdcbf302ef_tasks-math-10-mun-kaluga-24-25.pdf,1,https://tasks.olimpiada.ru/upload/files/tasks/72/2024/tasks-math-10-mun-kaluga-24-25.pdf
M-2024-2025-kaluga-10.5,vsosh,municipal,2024,2024/2025,Калужская область,,,5,geometry;combinatorics,angles,Вычисление,automatic,,,False,archive/vsosh/municipal/2024-2025/kaluga/3fa2cdcbf302ef_tasks-math-10-mun-kaluga-24-25.pdf,1,https://tasks.olimpiada.ru/upload/files/tasks/72/2024/tasks-math-10-mun-kaluga-24-25.pdf
M-2024-2025-kamchatka-10.1,vsosh,municipal,2024,2024/2025,Камчатский край,,,1,combinatorics,extremal,Оценка и конструкция,automatic,,,False,archive/vsosh/municipal/2024-2025/kamchatka/032fc6b16e2b56_tasks-math-10-mun-kamchatka-24-25.pdf,1,https://tasks.olimpiada.ru/upload/files/tasks/72/2024/tasks-math-10-mun-kamchatka-24-25.pdf
M-2024-2025-kamchatka-10.2,vsosh,municipal,2024,2024/2025,Камчатский край,,,2,algebra,,Смешанный вопрос,automatic,,,False,archive/vsosh/municipal/2024-2025/kamchatka/032fc6b16e2b56_tasks-math-10-mun-kamchatka-24-25.pdf,1,https://tasks.olimpiada.ru/upload/files/tasks/72/2024/tasks-math-10-mun-kamchatka-24-25.pdf
M-2024-2025-kamchatka-10.3,vsosh,municipal,2024,2024/2025,Камчатский край,,,3,number_theory;combinatorics,,Подсчёт,automatic,,,False,archive/vsosh/municipal/2024-2025/kamchatka/032fc6b16e2b56_tasks-math-10-mun-kamchatka-24-25.pdf,1,https://tasks.olimpiada.ru/upload/files/tasks/72/2024/tasks-math-10-mun-kamchatka-24-25.pdf
M-2024-2025-kamchatka-10.4,vsosh,municipal,2024,2024/2025,Камчатский край,,,4,geometry,extremal;angles;areas,Оценка и конструкция,automatic,,,False,archive/vsosh/municipal/2024-2025/kamchatka/032fc6b16e2b56_tasks-math-10-mun-kamchatka-24-25.pdf,2,https://tasks.olimpiada.ru/upload/files/tasks/72/2024/tasks-math-10-mun-kamchatka-24-25.pdf
M-2024-2025-kamchatka-10.5,vsosh,municipal,2024,2024/2025,Камчатский край,,,5,geometry,angles,Существование или невозможность,automatic,,,False,archive/vsosh/municipal/2024-2025/kamchatka/032fc6b16e2b56_tasks-math-10-mun-kamchatka-24-25.pdf,2,https://tasks.olimpiada.ru/upload/files/tasks/72/2024/tasks-math-10-mun-kamchatka-24-25.pdf
M-2024-2025-kem-10.1,vsosh,municipal,2024,2024/2025,Кемеровская область,,,1,combinatorics,monovariant;modular;strategy;bijection,Смешанный вопрос,automatic,,,False,archive/vsosh/municipal/2024-2025/kem/4e23d55519110b_sol-math-10-mun-kem-24-25.pdf,2,https://tasks.olimpiada.ru/upload/files/tasks/72/2024/sol-math-10-mun-kem-24-25.pdf
M-2024-2025-kem-10.2,vsosh,municipal,2024,2024/2025,Кемеровская область,,,2,combinatorics,,Подсчёт,automatic,,,False,archive/vsosh/municipal/2024-2025/kem/4e23d55519110b_sol-math-10-mun-kem-24-25.pdf,2,https://tasks.olimpiada.ru/upload/files/tasks/72/2024/sol-math-10-mun-kem-24-25.pdf
M-2024-2025-kem-10.3,vsosh,municipal,2024,2024/2025,Кемеровская область,,,3,combinatorics,parity;extremal;bounds,Оценка и конструкция,automatic,,,False,archive/vsosh/municipal/2024-2025/kem/4e23d55519110b_sol-math-10-mun-kem-24-25.pdf,3,https://tasks.olimpiada.ru/upload/files/tasks/72/2024/sol-math-10-mun-kem-24-25.pdf
M-2024-2025-kem-10.4,vsosh,municipal,2024,2024/2025,Кемеровская область,,,4,geometry;number_theory,angles;similarity;bijection,Вычисление,automatic,,,False,archive/vsosh/municipal/2024-2025/kem/4e23d55519110b_sol-math-10-mun-kem-24-25.pdf,3,https://tasks.olimpiada.ru/upload/files/tasks/72/2024/sol-math-10-mun-kem-24-25.pdf
M-2024-2025-kem-10.5,vsosh,municipal,2024,2024/2025,Кемеровская область,,,5,algebra,vieta;polynomials,Доказательство,automatic,,,False,archive/vsosh/municipal/2024-2025/kem/4e23d55519110b_sol-math-10-mun-kem-24-25.pdf,4,https://tasks.olimpiada.ru/upload/files/tasks/72/2024/sol-math-10-mun-kem-24-25.pdf
M-2024-2025-kirov-10.2,vsosh,municipal,2024,2024/2025,Кировская область,,,2,number_theory;algebra,,Существование или невозможность,automatic,,,False,archive/vsosh/municipal/2024-2025/kirov/9c12f0baaac649_tasks-math-10-mun-kirov-24-25.pdf,1,https://tasks.olimpiada.ru/upload/files/tasks/72/2024/tasks-math-10-mun-kirov-24-25.pdf
M-2024-2025-kirov-10.3,vsosh,municipal,2024,2024/2025,Кировская область,,,3,geometry;combinatorics,angles;bijection,Вычисление,automatic,,,False,archive/vsosh/municipal/2024-2025/kirov/9c12f0baaac649_tasks-math-10-mun-kirov-24-25.pdf,1,https://tasks.olimpiada.ru/upload/files/tasks/72/2024/tasks-math-10-mun-kirov-24-25.pdf
M-2024-2025-kirov-10.4,vsosh,municipal,2024,2024/2025,Кировская область,,,4,combinatorics,,Существование или невозможность,automatic,,,False,archive/vsosh/municipal/2024-2025/kirov/9c12f0baaac649_tasks-math-10-mun-kirov-24-25.pdf,1,https://tasks.olimpiada.ru/upload/files/tasks/72/2024/tasks-math-10-mun-kirov-24-25.pdf
M-2024-2025-kirov-10.5,vsosh,municipal,2024,2024/2025,Кировская область,,,5,combinatorics;algebra,polynomials,Доказательство,automatic,,,False,archive/vsosh/municipal/2024-2025/kirov/9c12f0baaac649_tasks-math-10-mun-kirov-24-25.pdf,1,https://tasks.olimpiada.ru/upload/files/tasks/72/2024/tasks-math-10-mun-kirov-24-25.pdf
M-2024-2025-kirov-10.6,vsosh,municipal,2024,2024/2025,Кировская область,,,6,geometry,extremal;angles,Оценка и конструкция,automatic,,,False,archive/vsosh/municipal/2024-2025/kirov/9c12f0baaac649_tasks-math-10-mun-kirov-24-25.pdf,1,https://tasks.olimpiada.ru/upload/files/tasks/72/2024/tasks-math-10-mun-kirov-24-25.pdf
M-2024-2025-komi-10.1,vsosh,municipal,2024,2024/2025,Республика Коми,,,1,unclassified,,Подсчёт,automatic,,,False,archive/vsosh/municipal/2024-2025/komi/d7577797b1966d_tasks-math-10-mun-komi-24-25.pdf,1,https://tasks.olimpiada.ru/upload/files/tasks/72/2024/tasks-math-10-mun-komi-24-25.pdf
M-2024-2025-komi-10.2,vsosh,municipal,2024,2024/2025,Республика Коми,,,2,geometry;combinatorics,angles,Вычисление,automatic,,,False,archive/vsosh/municipal/2024-2025/komi/d7577797b1966d_tasks-math-10-mun-komi-24-25.pdf,1,https://tasks.olimpiada.ru/upload/files/tasks/72/2024/tasks-math-10-mun-komi-24-25.pdf
M-2024-2025-komi-10.3,vsosh,municipal,2024,2024/2025,Республика Коми,,,3,number_theory,,Доказательство,automatic,,,False,archive/vsosh/municipal/2024-2025/komi/d7577797b1966d_tasks-math-10-mun-komi-24-25.pdf,1,https://tasks.olimpiada.ru/upload/files/tasks/72/2024/tasks-math-10-mun-komi-24-25.pdf
M-2024-2025-komi-10.4,vsosh,municipal,2024,2024/2025,Республика Коми,,,4,algebra,polynomials,Доказательство,automatic,,,False,archive/vsosh/municipal/2024-2025/komi/d7577797b1966d_tasks-math-10-mun-komi-24-25.pdf,1,https://tasks.olimpiada.ru/upload/files/tasks/72/2024/tasks-math-10-mun-komi-24-25.pdf
M-2024-2025-komi-10.5,vsosh,municipal,2024,2024/2025,Республика Коми,,,5,number_theory;combinatorics;algebra,extremal;bounds,Оценка и конструкция,automatic,,,False,archive/vsosh/municipal/2024-2025/komi/d7577797b1966d_tasks-math-10-mun-komi-24-25.pdf,1,https://tasks.olimpiada.ru/upload/files/tasks/72/2024/tasks-math-10-mun-komi-24-25.pdf
M-2024-2025-kostroma-10.1,vsosh,municipal,2024,2024/2025,Костромская область,,,1,combinatorics;algebra,extremal,Оценка и конструкция,automatic,,,False,archive/vsosh/municipal/2024-2025/kostroma/bb1bbed4f40725_tasks-math-10-mun-kostroma-24-25.pdf,1,https://tasks.olimpiada.ru/upload/files/tasks/72/2024/tasks-math-10-mun-kostroma-24-25.pdf
M-2024-2025-kostroma-10.2,vsosh,municipal,2024,2024/2025,Костромская область,,,2,number_theory;combinatorics;algebra,modular,Подсчёт,automatic,,,False,archive/vsosh/municipal/2024-2025/kostroma/bb1bbed4f40725_tasks-math-10-mun-kostroma-24-25.pdf,1,https://tasks.olimpiada.ru/upload/files/tasks/72/2024/tasks-math-10-mun-kostroma-24-25.pdf
M-2024-2025-kostroma-10.3,vsosh,municipal,2024,2024/2025,Костромская область,,,3,geometry,angles,Доказательство,automatic,,,False,archive/vsosh/municipal/2024-2025/kostroma/bb1bbed4f40725_tasks-math-10-mun-kostroma-24-25.pdf,1,https://tasks.olimpiada.ru/upload/files/tasks/72/2024/tasks-math-10-mun-kostroma-24-25.pdf
M-2024-2025-kostroma-10.4,vsosh,municipal,2024,2024/2025,Костромская область,,,4,unclassified,extremal,Оценка и конструкция,automatic,,,False,archive/vsosh/municipal/2024-2025/kostroma/bb1bbed4f40725_tasks-math-10-mun-kostroma-24-25.pdf,1,https://tasks.olimpiada.ru/upload/files/tasks/72/2024/tasks-math-10-mun-kostroma-24-25.pdf
M-2024-2025-kostroma-10.5,vsosh,municipal,2024,2024/2025,Костромская область,,,5,number_theory,modular,Доказательство,automatic,,,False,archive/vsosh/municipal/2024-2025/kostroma/bb1bbed4f40725_tasks-math-10-mun-kostroma-24-25.pdf,1,https://tasks.olimpiada.ru/upload/files/tasks/72/2024/tasks-math-10-mun-kostroma-24-25.pdf
M-2024-2025-kryar-10.1,vsosh,municipal,2024,2024/2025,Красноярский край,,,1,number_theory;algebra,extremal,Оценка и конструкция,automatic,,,False,archive/vsosh/municipal/2024-2025/kryar/749c6ca218bac8_tasks-math-10-mun-kryar-24-25.pdf,1,https://tasks.olimpiada.ru/upload/files/tasks/72/2024/tasks-math-10-mun-kryar-24-25.pdf
M-2024-2025-kryar-10.2,vsosh,municipal,2024,2024/2025,Красноярский край,,,2,geometry;combinatorics,angles,Смешанный вопрос,automatic,,,False,archive/vsosh/municipal/2024-2025/kryar/749c6ca218bac8_tasks-math-10-mun-kryar-24-25.pdf,1,https://tasks.olimpiada.ru/upload/files/tasks/72/2024/tasks-math-10-mun-kryar-24-25.pdf
M-2024-2025-kryar-10.3,vsosh,municipal,2024,2024/2025,Красноярский край,,,3,unclassified,extremal;bounds,Оценка и конструкция,automatic,,,False,archive/vsosh/municipal/2024-2025/kryar/749c6ca218bac8_tasks-math-10-mun-kryar-24-25.pdf,1,https://tasks.olimpiada.ru/upload/files/tasks/72/2024/tasks-math-10-mun-kryar-24-25.pdf
M-2024-2025-kryar-10.4,vsosh,municipal,2024,2024/2025,Красноярский край,,,4,geometry,angles,Доказательство,automatic,,,False,archive/vsosh/municipal/2024-2025/kryar/749c6ca218bac8_tasks-math-10-mun-kryar-24-25.pdf,1,https://tasks.olimpiada.ru/upload/files/tasks/72/2024/tasks-math-10-mun-kryar-24-25.pdf
M-2024-2025-kryar-10.5,vsosh,municipal,2024,2024/2025,Красноярский край,,,5,combinatorics;algebra,extremal,Оценка и конструкция,automatic,,,False,archive/vsosh/municipal/2024-2025/kryar/749c6ca218bac8_tasks-math-10-mun-kryar-24-25.pdf,1,https://tasks.olimpiada.ru/upload/files/tasks/72/2024/tasks-math-10-mun-kryar-24-25.pdf
M-2024-2025-kurgan-10.1,vsosh,municipal,2024,2024/2025,Курганская область,,,1,algebra,,Подсчёт,automatic,,,False,archive/vsosh/municipal/2024-2025/kurgan/6546eec531a1ab_tasks-math-10-mun-kurgan-24-25.pdf,1,https://tasks.olimpiada.ru/upload/files/tasks/72/2024/tasks-math-10-mun-kurgan-24-25.pdf
M-2024-2025-kurgan-10.2,vsosh,municipal,2024,2024/2025,Курганская область,,,2,unclassified,,Смешанный вопрос,automatic,,,False,archive/vsosh/municipal/2024-2025/kurgan/6546eec531a1ab_tasks-math-10-mun-kurgan-24-25.pdf,1,https://tasks.olimpiada.ru/upload/files/tasks/72/2024/tasks-math-10-mun-kurgan-24-25.pdf
M-2024-2025-kurgan-10.3,vsosh,municipal,2024,2024/2025,Курганская область,,,3,geometry,,Доказательство,automatic,,,False,archive/vsosh/municipal/2024-2025/kurgan/6546eec531a1ab_tasks-math-10-mun-kurgan-24-25.pdf,1,https://tasks.olimpiada.ru/upload/files/tasks/72/2024/tasks-math-10-mun-kurgan-24-25.pdf
M-2024-2025-kurgan-10.4,vsosh,municipal,2024,2024/2025,Курганская область,,,4,unclassified,extremal,Оценка и конструкция,automatic,,,False,archive/vsosh/municipal/2024-2025/kurgan/6546eec531a1ab_tasks-math-10-mun-kurgan-24-25.pdf,1,https://tasks.olimpiada.ru/upload/files/tasks/72/2024/tasks-math-10-mun-kurgan-24-25.pdf
M-2024-2025-kurgan-10.5,vsosh,municipal,2024,2024/2025,Курганская область,,,5,combinatorics,extremal,Оценка и конструкция,automatic,,,False,archive/vsosh/municipal/2024-2025/kurgan/6546eec531a1ab_tasks-math-10-mun-kurgan-24-25.pdf,1,https://tasks.olimpiada.ru/upload/files/tasks/72/2024/tasks-math-10-mun-kurgan-24-25.pdf
M-2024-2025-kursk-10.1,vsosh,municipal,2024,2024/2025,Курская область,,,1,combinatorics;algebra,,Смешанный вопрос,automatic,,,False,archive/vsosh/municipal/2024-2025/kursk/0e9db5a535d018_tasks-math-10-mun-kursk-24-25.pdf,1,https://tasks.olimpiada.ru/upload/files/tasks/72/2024/tasks-math-10-mun-kursk-24-25.pdf
M-2024-2025-kursk-10.2,vsosh,municipal,2024,2024/2025,Курская область,,,2,combinatorics;algebra,,Доказательство,automatic,,,False,archive/vsosh/municipal/2024-2025/kursk/0e9db5a535d018_tasks-math-10-mun-kursk-24-25.pdf,1,https://tasks.olimpiada.ru/upload/files/tasks/72/2024/tasks-math-10-mun-kursk-24-25.pdf
M-2024-2025-kursk-10.3,vsosh,municipal,2024,2024/2025,Курская область,,,3,unclassified,parity,Смешанный вопрос,automatic,,,False,archive/vsosh/municipal/2024-2025/kursk/0e9db5a535d018_tasks-math-10-mun-kursk-24-25.pdf,1,https://tasks.olimpiada.ru/upload/files/tasks/72/2024/tasks-math-10-mun-kursk-24-25.pdf
M-2024-2025-kursk-10.4,vsosh,municipal,2024,2024/2025,Курская область,,,4,combinatorics;algebra,,Смешанный вопрос,automatic,,,False,archive/vsosh/municipal/2024-2025/kursk/0e9db5a535d018_tasks-math-10-mun-kursk-24-25.pdf,1,https://tasks.olimpiada.ru/upload/files/tasks/72/2024/tasks-math-10-mun-kursk-24-25.pdf
M-2024-2025-kursk-10.5,vsosh,municipal,2024,2024/2025,Курская область,,,5,geometry,angles,Смешанный вопрос,automatic,,,False,archive/vsosh/municipal/2024-2025/kursk/0e9db5a535d018_tasks-math-10-mun-kursk-24-25.pdf,1,https://tasks.olimpiada.ru/upload/files/tasks/72/2024/tasks-math-10-mun-kursk-24-25.pdf
M-2024-2025-lenobl-10.1,vsosh,municipal,2024,2024/2025,Ленинградская область,,,1,combinatorics,,Подсчёт,automatic,,,False,archive/vsosh/municipal/2024-2025/lenobl/0181a68c785607_tasks-math-10-mun-lenobl-24-25.pdf,1,https://tasks.olimpiada.ru/upload/files/tasks/72/2024/tasks-math-10-mun-lenobl-24-25.pdf
M-2024-2025-lenobl-10.2,vsosh,municipal,2024,2024/2025,Ленинградская область,,,2,unclassified,,Доказательство,automatic,,,False,archive/vsosh/municipal/2024-2025/lenobl/0181a68c785607_tasks-math-10-mun-lenobl-24-25.pdf,1,https://tasks.olimpiada.ru/upload/files/tasks/72/2024/tasks-math-10-mun-lenobl-24-25.pdf
M-2024-2025-lenobl-10.3,vsosh,municipal,2024,2024/2025,Ленинградская область,,,3,geometry,angles,Смешанный вопрос,automatic,,,False,archive/vsosh/municipal/2024-2025/lenobl/0181a68c785607_tasks-math-10-mun-lenobl-24-25.pdf,1,https://tasks.olimpiada.ru/upload/files/tasks/72/2024/tasks-math-10-mun-lenobl-24-25.pdf
M-2024-2025-lenobl-10.4,vsosh,municipal,2024,2024/2025,Ленинградская область,,,4,unclassified,,Доказательство,automatic,,,False,archive/vsosh/municipal/2024-2025/lenobl/0181a68c785607_tasks-math-10-mun-lenobl-24-25.pdf,1,https://tasks.olimpiada.ru/upload/files/tasks/72/2024/tasks-math-10-mun-lenobl-24-25.pdf
M-2024-2025-lenobl-10.5,vsosh,municipal,2024,2024/2025,Ленинградская область,,,5,number_theory;combinatorics;algebra,extremal,Оценка и конструкция,automatic,,,False,archive/vsosh/municipal/2024-2025/lenobl/0181a68c785607_tasks-math-10-mun-lenobl-24-25.pdf,1,https://tasks.olimpiada.ru/upload/files/tasks/72/2024/tasks-math-10-mun-lenobl-24-25.pdf
M-2024-2025-ml-10.1,vsosh,municipal,2024,2024/2025,Республика Марий Эл,,,1,number_theory;combinatorics;algebra,construction;modular,Смешанный вопрос,automatic,,,False,archive/vsosh/municipal/2024-2025/ml/8736b131ec342f_tasks-math-10-mun-ml-24-25.pdf,1,https://tasks.olimpiada.ru/upload/files/tasks/72/2024/tasks-math-10-mun-ml-24-25.pdf
M-2024-2025-ml-10.2,vsosh,municipal,2024,2024/2025,Республика Марий Эл,,,2,unclassified,,Доказательство,automatic,,,False,archive/vsosh/municipal/2024-2025/ml/8736b131ec342f_tasks-math-10-mun-ml-24-25.pdf,1,https://tasks.olimpiada.ru/upload/files/tasks/72/2024/tasks-math-10-mun-ml-24-25.pdf
M-2024-2025-ml-10.3,vsosh,municipal,2024,2024/2025,Республика Марий Эл,,,3,unclassified,bounds,Смешанный вопрос,automatic,,,False,archive/vsosh/municipal/2024-2025/ml/8736b131ec342f_tasks-math-10-mun-ml-24-25.pdf,1,https://tasks.olimpiada.ru/upload/files/tasks/72/2024/tasks-math-10-mun-ml-24-25.pdf
M-2024-2025-ml-10.4,vsosh,municipal,2024,2024/2025,Республика Марий Эл,,,4,geometry,angles;bijection,Доказательство,automatic,,,False,archive/vsosh/municipal/2024-2025/ml/8736b131ec342f_tasks-math-10-mun-ml-24-25.pdf,1,https://tasks.olimpiada.ru/upload/files/tasks/72/2024/tasks-math-10-mun-ml-24-25.pdf
M-2024-2025-ml-10.5,vsosh,municipal,2024,2024/2025,Республика Марий Эл,,,5,number_theory;algebra,extremal;polynomials,Оценка и конструкция,automatic,,,False,archive/vsosh/municipal/2024-2025/ml/8736b131ec342f_tasks-math-10-mun-ml-24-25.pdf,1,https://tasks.olimpiada.ru/upload/files/tasks/72/2024/tasks-math-10-mun-ml-24-25.pdf
M-2024-2025-moscow-10.1,vsosh,municipal,2024,2024/2025,Москва,,,1,algebra,,Смешанный вопрос,automatic,,,False,archive/vsosh/municipal/2024-2025/moscow/eb9c61b35c453e_tasks-math-10-mun-msk-24-25.pdf,1,https://всош.цпм.рф/upload/files/Arhive_tasks/2024-25/mun/math/tasks-math-10-mun-msk-24-25.pdf
M-2024-2025-moscow-10.2,vsosh,municipal,2024,2024/2025,Москва,,,2,number_theory;algebra,extremal,Оценка и конструкция,automatic,,,False,archive/vsosh/municipal/2024-2025/moscow/eb9c61b35c453e_tasks-math-10-mun-msk-24-25.pdf,1,https://всош.цпм.рф/upload/files/Arhive_tasks/2024-25/mun/math/tasks-math-10-mun-msk-24-25.pdf
M-2024-2025-moscow-10.3,vsosh,municipal,2024,2024/2025,Москва,,,3,geometry;combinatorics,angles;areas,Вычисление,automatic,,,False,archive/vsosh/municipal/2024-2025/moscow/eb9c61b35c453e_tasks-math-10-mun-msk-24-25.pdf,1,https://всош.цпм.рф/upload/files/Arhive_tasks/2024-25/mun/math/tasks-math-10-mun-msk-24-25.pdf
M-2024-2025-moscow-10.4,vsosh,municipal,2024,2024/2025,Москва,,,4,algebra,polynomials,Смешанный вопрос,automatic,,,False,archive/vsosh/municipal/2024-2025/moscow/eb9c61b35c453e_tasks-math-10-mun-msk-24-25.pdf,1,https://всош.цпм.рф/upload/files/Arhive_tasks/2024-25/mun/math/tasks-math-10-mun-msk-24-25.pdf
M-2024-2025-moscow-10.5,vsosh,municipal,2024,2024/2025,Москва,,,5,combinatorics;algebra,extremal,Оценка и конструкция,automatic,,,False,archive/vsosh/municipal/2024-2025/moscow/eb9c61b35c453e_tasks-math-10-mun-msk-24-25.pdf,1,https://всош.цпм.рф/upload/files/Arhive_tasks/2024-25/mun/math/tasks-math-10-mun-msk-24-25.pdf
M-2024-2025-moscow-10.6,vsosh,municipal,2024,2024/2025,Москва,,,6,geometry,angles,Вычисление,automatic,,,False,archive/vsosh/municipal/2024-2025/moscow/eb9c61b35c453e_tasks-math-10-mun-msk-24-25.pdf,2,https://всош.цпм.рф/upload/files/Arhive_tasks/2024-25/mun/math/tasks-math-10-mun-msk-24-25.pdf
M-2024-2025-moscow-10.7,vsosh,municipal,2024,2024/2025,Москва,,,7,combinatorics,extremal,Оценка и конструкция,automatic,,,False,archive/vsosh/municipal/2024-2025/moscow/eb9c61b35c453e_tasks-math-10-mun-msk-24-25.pdf,2,https://всош.цпм.рф/upload/files/Arhive_tasks/2024-25/mun/math/tasks-math-10-mun-msk-24-25.pdf
M-2024-2025-moscow-10.8,vsosh,municipal,2024,2024/2025,Москва,,,8,number_theory;algebra,,Вычисление,automatic,,,False,archive/vsosh/municipal/2024-2025/moscow/eb9c61b35c453e_tasks-math-10-mun-msk-24-25.pdf,2,https://всош.цпм.рф/upload/files/Arhive_tasks/2024-25/mun/math/tasks-math-10-mun-msk-24-25.pdf
M-2024-2025-mosobl-10.1,vsosh,municipal,2024,2024/2025,Московская область,,,1,combinatorics;algebra,extremal,Оценка и конструкция,automatic,,,False,archive/vsosh/municipal/2024-2025/mosobl/ac970f5e81a420_tasks-math-10-mun-mosobl-24-25.pdf,1,https://tasks.olimpiada.ru/upload/files/tasks/72/2024/tasks-math-10-mun-mosobl-24-25.pdf
M-2024-2025-mosobl-10.2,vsosh,municipal,2024,2024/2025,Московская область,,,2,algebra,polynomials,Существование или невозможность,automatic,,,False,archive/vsosh/municipal/2024-2025/mosobl/ac970f5e81a420_tasks-math-10-mun-mosobl-24-25.pdf,1,https://tasks.olimpiada.ru/upload/files/tasks/72/2024/tasks-math-10-mun-mosobl-24-25.pdf
M-2024-2025-mosobl-10.3,vsosh,municipal,2024,2024/2025,Московская область,,,3,combinatorics;algebra,,Подсчёт,automatic,,,False,archive/vsosh/municipal/2024-2025/mosobl/ac970f5e81a420_tasks-math-10-mun-mosobl-24-25.pdf,1,https://tasks.olimpiada.ru/upload/files/tasks/72/2024/tasks-math-10-mun-mosobl-24-25.pdf
M-2024-2025-mosobl-10.4,vsosh,municipal,2024,2024/2025,Московская область,,,4,number_theory;algebra,parity,Существование или невозможность,automatic,,,False,archive/vsosh/municipal/2024-2025/mosobl/ac970f5e81a420_tasks-math-10-mun-mosobl-24-25.pdf,1,https://tasks.olimpiada.ru/upload/files/tasks/72/2024/tasks-math-10-mun-mosobl-24-25.pdf
M-2024-2025-mosobl-10.5,vsosh,municipal,2024,2024/2025,Московская область,,,5,geometry;combinatorics;algebra,angles;bijection,Доказательство,automatic,,,False,archive/vsosh/municipal/2024-2025/mosobl/ac970f5e81a420_tasks-math-10-mun-mosobl-24-25.pdf,1,https://tasks.olimpiada.ru/upload/files/tasks/72/2024/tasks-math-10-mun-mosobl-24-25.pdf
M-2024-2025-nn-10.1,vsosh,municipal,2024,2024/2025,Нижегородская область,,,1,geometry;combinatorics;algebra,angles;areas;coordinates,Вычисление,automatic,,,False,archive/vsosh/municipal/2024-2025/nn/e435e3fa315b93_tasks-math-10-mun-nn-24-25.pdf,1,https://tasks.olimpiada.ru/upload/files/tasks/72/2024/tasks-math-10-mun-nn-24-25.pdf
M-2024-2025-nn-10.2,vsosh,municipal,2024,2024/2025,Нижегородская область,,,2,algebra,,Смешанный вопрос,automatic,,,False,archive/vsosh/municipal/2024-2025/nn/e435e3fa315b93_tasks-math-10-mun-nn-24-25.pdf,1,https://tasks.olimpiada.ru/upload/files/tasks/72/2024/tasks-math-10-mun-nn-24-25.pdf
M-2024-2025-nn-10.3,vsosh,municipal,2024,2024/2025,Нижегородская область,,,3,geometry,bijection,Смешанный вопрос,automatic,,,False,archive/vsosh/municipal/2024-2025/nn/e435e3fa315b93_tasks-math-10-mun-nn-24-25.pdf,1,https://tasks.olimpiada.ru/upload/files/tasks/72/2024/tasks-math-10-mun-nn-24-25.pdf
M-2024-2025-nn-10.4,vsosh,municipal,2024,2024/2025,Нижегородская область,,,4,number_theory;algebra,,Существование или невозможность,automatic,,,False,archive/vsosh/municipal/2024-2025/nn/e435e3fa315b93_tasks-math-10-mun-nn-24-25.pdf,1,https://tasks.olimpiada.ru/upload/files/tasks/72/2024/tasks-math-10-mun-nn-24-25.pdf
M-2024-2025-nn-10.5,vsosh,municipal,2024,2024/2025,Нижегородская область,,,5,combinatorics,parity,Существование или невозможность,automatic,,,False,archive/vsosh/municipal/2024-2025/nn/e435e3fa315b93_tasks-math-10-mun-nn-24-25.pdf,1,https://tasks.olimpiada.ru/upload/files/tasks/72/2024/tasks-math-10-mun-nn-24-25.pdf
M-2024-2025-novgorod-10.1,vsosh,municipal,2024,2024/2025,Новгородская область,,,1,geometry;number_theory;combinatorics;algebra,angles,Найти все,automatic,,,False,archive/vsosh/municipal/2024-2025/novgorod/42bbe4498349a1_tasks-math-10-mun-novgorod-24-25.pdf,1,https://tasks.olimpiada.ru/upload/files/tasks/72/2024/tasks-math-10-mun-novgorod-24-25.pdf
M-2024-2025-novgorod-10.2,vsosh,municipal,2024,2024/2025,Новгородская область,,,2,combinatorics,,Игра или стратегия,automatic,,,False,archive/vsosh/municipal/2024-2025/novgorod/42bbe4498349a1_tasks-math-10-mun-novgorod-24-25.pdf,1,https://tasks.olimpiada.ru/upload/files/tasks/72/2024/tasks-math-10-mun-novgorod-24-25.pdf
M-2024-2025-novgorod-10.3,vsosh,municipal,2024,2024/2025,Новгородская область,,,3,geometry,angles;bijection;projection,Доказательство,automatic,,,False,archive/vsosh/municipal/2024-2025/novgorod/42bbe4498349a1_tasks-math-10-mun-novgorod-24-25.pdf,1,https://tasks.olimpiada.ru/upload/files/tasks/72/2024/tasks-math-10-mun-novgorod-24-25.pdf
M-2024-2025-novgorod-10.4,vsosh,municipal,2024,2024/2025,Новгородская область,,,4,number_theory;combinatorics,,Смешанный вопрос,automatic,,,False,archive/vsosh/municipal/2024-2025/novgorod/42bbe4498349a1_tasks-math-10-mun-novgorod-24-25.pdf,1,https://tasks.olimpiada.ru/upload/files/tasks/72/2024/tasks-math-10-mun-novgorod-24-25.pdf
M-2024-2025-novgorod-10.5,vsosh,municipal,2024,2024/2025,Новгородская область,,,5,number_theory;algebra,,Доказательство,automatic,,,False,archive/vsosh/municipal/2024-2025/novgorod/42bbe4498349a1_tasks-math-10-mun-novgorod-24-25.pdf,1,https://tasks.olimpiada.ru/upload/files/tasks/72/2024/tasks-math-10-mun-novgorod-24-25.pdf
M-2024-2025-novosb-10.1,vsosh,municipal,2024,2024/2025,Новосибирская область,,,1,combinatorics;algebra,,Существование или невозможность,automatic,,,False,archive/vsosh/municipal/2024-2025/novosb/d427c04db7f103_tasks-math-10-mun-novosb-24-25.pdf,1,https://tasks.olimpiada.ru/upload/files/tasks/72/2024/tasks-math-10-mun-novosb-24-25.pdf
M-2024-2025-novosb-10.2,vsosh,municipal,2024,2024/2025,Новосибирская область,,,2,combinatorics;algebra,extremal,Оценка и конструкция,automatic,,,False,archive/vsosh/municipal/2024-2025/novosb/d427c04db7f103_tasks-math-10-mun-novosb-24-25.pdf,1,https://tasks.olimpiada.ru/upload/files/tasks/72/2024/tasks-math-10-mun-novosb-24-25.pdf
M-2024-2025-novosb-10.3,vsosh,municipal,2024,2024/2025,Новосибирская область,,,3,combinatorics,bijection,Смешанный вопрос,automatic,,,False,archive/vsosh/municipal/2024-2025/novosb/d427c04db7f103_tasks-math-10-mun-novosb-24-25.pdf,1,https://tasks.olimpiada.ru/upload/files/tasks/72/2024/tasks-math-10-mun-novosb-24-25.pdf
M-2024-2025-novosb-10.4,vsosh,municipal,2024,2024/2025,Новосибирская область,,,4,number_theory;algebra,,Найти все,automatic,,,False,archive/vsosh/municipal/2024-2025/novosb/d427c04db7f103_tasks-math-10-mun-novosb-24-25.pdf,1,https://tasks.olimpiada.ru/upload/files/tasks/72/2024/tasks-math-10-mun-novosb-24-25.pdf
M-2024-2025-novosb-10.5,vsosh,municipal,2024,2024/2025,Новосибирская область,,,5,combinatorics,bounds,Смешанный вопрос,automatic,,,False,archive/vsosh/municipal/2024-2025/novosb/d427c04db7f103_tasks-math-10-mun-novosb-24-25.pdf,1,https://tasks.olimpiada.ru/upload/files/tasks/72/2024/tasks-math-10-mun-novosb-24-25.pdf
M-2024-2025-omsk-10.1,vsosh,municipal,2024,2024/2025,Омская область,,,1,number_theory,,Вычисление,automatic,,,False,archive/vsosh/municipal/2024-2025/omsk/5e47bfd916e4fe_tasks-math-10-mun-omsk-24-25.pdf,1,https://tasks.olimpiada.ru/upload/files/tasks/72/2024/tasks-math-10-mun-omsk-24-25.pdf
M-2024-2025-omsk-10.2,vsosh,municipal,2024,2024/2025,Омская область,,,2,unclassified,,Подсчёт,automatic,,,False,archive/vsosh/municipal/2024-2025/omsk/5e47bfd916e4fe_tasks-math-10-mun-omsk-24-25.pdf,1,https://tasks.olimpiada.ru/upload/files/tasks/72/2024/tasks-math-10-mun-omsk-24-25.pdf
M-2024-2025-omsk-10.3,vsosh,municipal,2024,2024/2025,Омская область,,,3,combinatorics,bijection;information,Подсчёт,automatic,,,False,archive/vsosh/municipal/2024-2025/omsk/5e47bfd916e4fe_tasks-math-10-mun-omsk-24-25.pdf,1,https://tasks.olimpiada.ru/upload/files/tasks/72/2024/tasks-math-10-mun-omsk-24-25.pdf
M-2024-2025-omsk-10.4,vsosh,municipal,2024,2024/2025,Омская область,,,4,geometry;number_theory;combinatorics,angles,Вычисление,automatic,,,False,archive/vsosh/municipal/2024-2025/omsk/5e47bfd916e4fe_tasks-math-10-mun-omsk-24-25.pdf,1,https://tasks.olimpiada.ru/upload/files/tasks/72/2024/tasks-math-10-mun-omsk-24-25.pdf
M-2024-2025-omsk-10.5,vsosh,municipal,2024,2024/2025,Омская область,,,5,algebra,extremal,Оценка и конструкция,automatic,,,False,archive/vsosh/municipal/2024-2025/omsk/5e47bfd916e4fe_tasks-math-10-mun-omsk-24-25.pdf,1,https://tasks.olimpiada.ru/upload/files/tasks/72/2024/tasks-math-10-mun-omsk-24-25.pdf
M-2024-2025-omsk-10.6,vsosh,municipal,2024,2024/2025,Омская область,,,6,algebra,,Найти все,automatic,,,False,archive/vsosh/municipal/2024-2025/omsk/5e47bfd916e4fe_tasks-math-10-mun-omsk-24-25.pdf,1,https://tasks.olimpiada.ru/upload/files/tasks/72/2024/tasks-math-10-mun-omsk-24-25.pdf
M-2024-2025-orenb-10.1,vsosh,municipal,2024,2024/2025,Оренбургская область,,,1,algebra,areas,Подсчёт,automatic,,,False,archive/vsosh/municipal/2024-2025/orenb/e5a2a3a4ce6e42_tasks-math-10-mun-orenb-24-25.pdf,1,https://tasks.olimpiada.ru/upload/files/tasks/72/2024/tasks-math-10-mun-orenb-24-25.pdf
M-2024-2025-orenb-10.2,vsosh,municipal,2024,2024/2025,Оренбургская область,,,2,algebra,,Смешанный вопрос,automatic,,,False,archive/vsosh/municipal/2024-2025/orenb/e5a2a3a4ce6e42_tasks-math-10-mun-orenb-24-25.pdf,1,https://tasks.olimpiada.ru/upload/files/tasks/72/2024/tasks-math-10-mun-orenb-24-25.pdf
M-2024-2025-orenb-10.3,vsosh,municipal,2024,2024/2025,Оренбургская область,,,3,number_theory;combinatorics,,Подсчёт,automatic,,,False,archive/vsosh/municipal/2024-2025/orenb/e5a2a3a4ce6e42_tasks-math-10-mun-orenb-24-25.pdf,1,https://tasks.olimpiada.ru/upload/files/tasks/72/2024/tasks-math-10-mun-orenb-24-25.pdf
M-2024-2025-orenb-10.4,vsosh,municipal,2024,2024/2025,Оренбургская область,,,4,number_theory,,Смешанный вопрос,automatic,,,False,archive/vsosh/municipal/2024-2025/orenb/e5a2a3a4ce6e42_tasks-math-10-mun-orenb-24-25.pdf,1,https://tasks.olimpiada.ru/upload/files/tasks/72/2024/tasks-math-10-mun-orenb-24-25.pdf
M-2024-2025-orenb-10.5,vsosh,municipal,2024,2024/2025,Оренбургская область,,,5,unclassified,extremal,Оценка и конструкция,automatic,,,False,archive/vsosh/municipal/2024-2025/orenb/e5a2a3a4ce6e42_tasks-math-10-mun-orenb-24-25.pdf,1,https://tasks.olimpiada.ru/upload/files/tasks/72/2024/tasks-math-10-mun-orenb-24-25.pdf
M-2024-2025-perm-10.1,vsosh,municipal,2024,2024/2025,Пермский край,,,1,geometry,areas,Оценка и конструкция,solution_reviewed,1,Одна большая пицца или 25 маленьких из одного квадратного листа.,True,archive/vsosh/municipal/2024-2025/perm/1e7abb0ccd5518_tasks-math-10-mun-perm-24-25.pdf,1,https://tasks.olimpiada.ru/upload/files/tasks/72/2024/tasks-math-10-mun-perm-24-25.pdf
M-2024-2025-perm-10.2,vsosh,municipal,2024,2024/2025,Пермский край,,,2,geometry,areas;contradiction,Существование или невозможность,solution_reviewed,1,"Может ли треугольник иметь высоты 1,2,3.",True,archive/vsosh/municipal/2024-2025/perm/1e7abb0ccd5518_tasks-math-10-mun-perm-24-25.pdf,1,https://tasks.olimpiada.ru/upload/files/tasks/72/2024/tasks-math-10-mun-perm-24-25.pdf
M-2024-2025-perm-10.3,vsosh,municipal,2024,2024/2025,Пермский край,,,3,algebra;geometry,coordinates;symmetry,Оценка и конструкция,solution_reviewed,2,"Два прямолинейных движения с равным расстоянием в моменты 0,T.",True,archive/vsosh/municipal/2024-2025/perm/1e7abb0ccd5518_tasks-math-10-mun-perm-24-25.pdf,1,https://tasks.olimpiada.ru/upload/files/tasks/72/2024/tasks-math-10-mun-perm-24-25.pdf
M-2024-2025-perm-10.4,vsosh,municipal,2024,2024/2025,Пермский край,,,4,number_theory,modular;construction;bounds,Оценка и конструкция,solution_reviewed,2,Кратное 2024 с наименьшей суммой цифр.,True,archive/vsosh/municipal/2024-2025/perm/1e7abb0ccd5518_tasks-math-10-mun-perm-24-25.pdf,1,https://tasks.olimpiada.ru/upload/files/tasks/72/2024/tasks-math-10-mun-perm-24-25.pdf
M-2024-2025-perm-10.5,vsosh,municipal,2024,2024/2025,Пермский край,,,5,combinatorics,graphs;construction;bounds,Существование или невозможность,solution_reviewed,2,"Открыть трёхзначный замок из цифр 1,2,3 меньше чем за 30 секунд.",True,archive/vsosh/municipal/2024-2025/perm/1e7abb0ccd5518_tasks-math-10-mun-perm-24-25.pdf,1,https://tasks.olimpiada.ru/upload/files/tasks/72/2024/tasks-math-10-mun-perm-24-25.pdf
M-2024-2025-spb-10.1,vsosh,municipal,2024,2024/2025,Санкт-Петербург,,,1,algebra,,Смешанный вопрос,automatic,,,False,archive/vsosh/municipal/2024-2025/spb/30ac73be874662_tasks-math-10-mun-spb-24-25.pdf,1,https://tasks.olimpiada.ru/upload/files/tasks/72/2024/tasks-math-10-mun-spb-24-25.pdf
M-2024-2025-spb-10.2,vsosh,municipal,2024,2024/2025,Санкт-Петербург,,,2,geometry,angles,Вычисление,automatic,,,False,archive/vsosh/municipal/2024-2025/spb/30ac73be874662_tasks-math-10-mun-spb-24-25.pdf,1,https://tasks.olimpiada.ru/upload/files/tasks/72/2024/tasks-math-10-mun-spb-24-25.pdf
M-2024-2025-spb-10.3,vsosh,municipal,2024,2024/2025,Санкт-Петербург,,,3,number_theory;combinatorics;algebra,extremal;modular,Оценка и конструкция,automatic,,,False,archive/vsosh/municipal/2024-2025/spb/30ac73be874662_tasks-math-10-mun-spb-24-25.pdf,1,https://tasks.olimpiada.ru/upload/files/tasks/72/2024/tasks-math-10-mun-spb-24-25.pdf
M-2024-2025-spb-10.4,vsosh,municipal,2024,2024/2025,Санкт-Петербург,,,4,number_theory;algebra,polynomials,Доказательство,automatic,,,False,archive/vsosh/municipal/2024-2025/spb/30ac73be874662_tasks-math-10-mun-spb-24-25.pdf,1,https://tasks.olimpiada.ru/upload/files/tasks/72/2024/tasks-math-10-mun-spb-24-25.pdf
M-2024-2025-spb-10.5,vsosh,municipal,2024,2024/2025,Санкт-Петербург,,,5,geometry;combinatorics,extremal;angles,Оценка и конструкция,automatic,,,False,archive/vsosh/municipal/2024-2025/spb/30ac73be874662_tasks-math-10-mun-spb-24-25.pdf,1,https://tasks.olimpiada.ru/upload/files/tasks/72/2024/tasks-math-10-mun-spb-24-25.pdf
M-2024-2025-sverd-10.1,vsosh,municipal,2024,2024/2025,Свердловская область,,,1,combinatorics;algebra,,Подсчёт,automatic,,,False,archive/vsosh/municipal/2024-2025/sverd/9452241cda130d_tasks-math-10-mun-sverd-24-25.pdf,1,https://tasks.olimpiada.ru/upload/files/tasks/72/2024/tasks-math-10-mun-sverd-24-25.pdf
M-2024-2025-sverd-10.2,vsosh,municipal,2024,2024/2025,Свердловская область,,,2,geometry;combinatorics,angles;bijection,Доказательство,automatic,,,False,archive/vsosh/municipal/2024-2025/sverd/9452241cda130d_tasks-math-10-mun-sverd-24-25.pdf,2,https://tasks.olimpiada.ru/upload/files/tasks/72/2024/tasks-math-10-mun-sverd-24-25.pdf
M-2024-2025-sverd-10.3,vsosh,municipal,2024,2024/2025,Свердловская область,,,3,algebra,,Смешанный вопрос,automatic,,,False,archive/vsosh/municipal/2024-2025/sverd/9452241cda130d_tasks-math-10-mun-sverd-24-25.pdf,2,https://tasks.olimpiada.ru/upload/files/tasks/72/2024/tasks-math-10-mun-sverd-24-25.pdf
M-2024-2025-sverd-10.4,vsosh,municipal,2024,2024/2025,Свердловская область,,,4,geometry,angles;areas,Вычисление,automatic,,,False,archive/vsosh/municipal/2024-2025/sverd/9452241cda130d_tasks-math-10-mun-sverd-24-25.pdf,2,https://tasks.olimpiada.ru/upload/files/tasks/72/2024/tasks-math-10-mun-sverd-24-25.pdf
M-2024-2025-sverd-10.5,vsosh,municipal,2024,2024/2025,Свердловская область,,,5,algebra,recurrence,Вычисление,automatic,,,False,archive/vsosh/municipal/2024-2025/sverd/9452241cda130d_tasks-math-10-mun-sverd-24-25.pdf,2,https://tasks.olimpiada.ru/upload/files/tasks/72/2024/tasks-math-10-mun-sverd-24-25.pdf
M-2024-2025-sverd-10.6,vsosh,municipal,2024,2024/2025,Свердловская область,,,6,combinatorics,extremal,Оценка и конструкция,automatic,,,False,archive/vsosh/municipal/2024-2025/sverd/9452241cda130d_tasks-math-10-mun-sverd-24-25.pdf,2,https://tasks.olimpiada.ru/upload/files/tasks/72/2024/tasks-math-10-mun-sverd-24-25.pdf
M-2024-2025-tat-10.1,vsosh,municipal,2024,2024/2025,Республика Татарстан,,,1,number_theory;combinatorics,,Вычисление,automatic,,,False,archive/vsosh/municipal/2024-2025/tat/ea0fc8d08667ac_tasks-math-10-mun-tat-24-25.pdf,1,https://tasks.olimpiada.ru/upload/files/tasks/72/2024/tasks-math-10-mun-tat-24-25.pdf
M-2024-2025-tat-10.2,vsosh,municipal,2024,2024/2025,Республика Татарстан,,,2,combinatorics;algebra,,Смешанный вопрос,automatic,,,False,archive/vsosh/municipal/2024-2025/tat/ea0fc8d08667ac_tasks-math-10-mun-tat-24-25.pdf,1,https://tasks.olimpiada.ru/upload/files/tasks/72/2024/tasks-math-10-mun-tat-24-25.pdf
M-2024-2025-tat-10.3,vsosh,municipal,2024,2024/2025,Республика Татарстан,,,3,number_theory;combinatorics,extremal;gcd,Оценка и конструкция,automatic,,,False,archive/vsosh/municipal/2024-2025/tat/ea0fc8d08667ac_tasks-math-10-mun-tat-24-25.pdf,1,https://tasks.olimpiada.ru/upload/files/tasks/72/2024/tasks-math-10-mun-tat-24-25.pdf
M-2024-2025-tat-10.4,vsosh,municipal,2024,2024/2025,Республика Татарстан,,,4,algebra,,Найти все,automatic,,,False,archive/vsosh/municipal/2024-2025/tat/ea0fc8d08667ac_tasks-math-10-mun-tat-24-25.pdf,1,https://tasks.olimpiada.ru/upload/files/tasks/72/2024/tasks-math-10-mun-tat-24-25.pdf
M-2024-2025-tat-10.5,vsosh,municipal,2024,2024/2025,Республика Татарстан,,,5,geometry;combinatorics,extremal;angles,Оценка и конструкция,automatic,,,False,archive/vsosh/municipal/2024-2025/tat/ea0fc8d08667ac_tasks-math-10-mun-tat-24-25.pdf,1,https://tasks.olimpiada.ru/upload/files/tasks/72/2024/tasks-math-10-mun-tat-24-25.pdf
M-2024-2025-tula-10.1,vsosh,municipal,2024,2024/2025,Тульская область,,,1,number_theory;algebra,parity,Доказательство,automatic,,,False,archive/vsosh/municipal/2024-2025/tula/1e02e79e1ce0cd_tasks-math-10-mun-tula-24-25.pdf,1,https://tasks.olimpiada.ru/upload/files/tasks/72/2024/tasks-math-10-mun-tula-24-25.pdf
M-2024-2025-tula-10.2,vsosh,municipal,2024,2024/2025,Тульская область,,,2,algebra,extremal,Оценка и конструкция,automatic,,,False,archive/vsosh/municipal/2024-2025/tula/1e02e79e1ce0cd_tasks-math-10-mun-tula-24-25.pdf,1,https://tasks.olimpiada.ru/upload/files/tasks/72/2024/tasks-math-10-mun-tula-24-25.pdf
M-2024-2025-tula-10.3,vsosh,municipal,2024,2024/2025,Тульская область,,,3,geometry;combinatorics,angles,Доказательство,automatic,,,False,archive/vsosh/municipal/2024-2025/tula/1e02e79e1ce0cd_tasks-math-10-mun-tula-24-25.pdf,1,https://tasks.olimpiada.ru/upload/files/tasks/72/2024/tasks-math-10-mun-tula-24-25.pdf
M-2024-2025-tula-10.4,vsosh,municipal,2024,2024/2025,Тульская область,,,4,number_theory;combinatorics,extremal;gcd,Оценка и конструкция,automatic,,,False,archive/vsosh/municipal/2024-2025/tula/1e02e79e1ce0cd_tasks-math-10-mun-tula-24-25.pdf,1,https://tasks.olimpiada.ru/upload/files/tasks/72/2024/tasks-math-10-mun-tula-24-25.pdf
M-2024-2025-tula-10.5,vsosh,municipal,2024,2024/2025,Тульская область,,,5,geometry,angles,Вычисление,automatic,,,False,archive/vsosh/municipal/2024-2025/tula/1e02e79e1ce0cd_tasks-math-10-mun-tula-24-25.pdf,1,https://tasks.olimpiada.ru/upload/files/tasks/72/2024/tasks-math-10-mun-tula-24-25.pdf
M-2024-2025-udmurt-10.1,vsosh,municipal,2024,2024/2025,Удмуртская Республика,,,1,algebra,,Вычисление,automatic,,,False,archive/vsosh/municipal/2024-2025/udmurt/254acbff4d2b44_tasks-math-10-mun-udmurt-24-25.pdf,1,https://tasks.olimpiada.ru/upload/files/tasks/72/2024/tasks-math-10-mun-udmurt-24-25.pdf
M-2024-2025-udmurt-10.2,vsosh,municipal,2024,2024/2025,Удмуртская Республика,,,2,unclassified,,Подсчёт,automatic,,,False,archive/vsosh/municipal/2024-2025/udmurt/254acbff4d2b44_tasks-math-10-mun-udmurt-24-25.pdf,1,https://tasks.olimpiada.ru/upload/files/tasks/72/2024/tasks-math-10-mun-udmurt-24-25.pdf
M-2024-2025-udmurt-10.3,vsosh,municipal,2024,2024/2025,Удмуртская Республика,,,3,geometry,angles;areas,Вычисление,automatic,,,False,archive/vsosh/municipal/2024-2025/udmurt/254acbff4d2b44_tasks-math-10-mun-udmurt-24-25.pdf,1,https://tasks.olimpiada.ru/upload/files/tasks/72/2024/tasks-math-10-mun-udmurt-24-25.pdf
M-2024-2025-udmurt-10.4,vsosh,municipal,2024,2024/2025,Удмуртская Республика,,,4,unclassified,,Существование или невозможность,automatic,,,False,archive/vsosh/municipal/2024-2025/udmurt/254acbff4d2b44_tasks-math-10-mun-udmurt-24-25.pdf,1,https://tasks.olimpiada.ru/upload/files/tasks/72/2024/tasks-math-10-mun-udmurt-24-25.pdf
M-2024-2025-udmurt-10.5,vsosh,municipal,2024,2024/2025,Удмуртская Республика,,,5,combinatorics,,Существование или невозможность,automatic,,,False,archive/vsosh/municipal/2024-2025/udmurt/254acbff4d2b44_tasks-math-10-mun-udmurt-24-25.pdf,1,https://tasks.olimpiada.ru/upload/files/tasks/72/2024/tasks-math-10-mun-udmurt-24-25.pdf
M-2024-2025-vladimir-10.1,vsosh,municipal,2024,2024/2025,Владимирская область,,,1,number_theory;algebra,,Существование или невозможность,automatic,,,False,archive/vsosh/municipal/2024-2025/vladimir/e799e83cff09fa_tasks-math-10-mun-vladimir-24-25.pdf,1,https://tasks.olimpiada.ru/upload/files/tasks/72/2024/tasks-math-10-mun-vladimir-24-25.pdf
M-2024-2025-vladimir-10.2,vsosh,municipal,2024,2024/2025,Владимирская область,,,2,number_theory;algebra,,Доказательство,automatic,,,False,archive/vsosh/municipal/2024-2025/vladimir/e799e83cff09fa_tasks-math-10-mun-vladimir-24-25.pdf,1,https://tasks.olimpiada.ru/upload/files/tasks/72/2024/tasks-math-10-mun-vladimir-24-25.pdf
M-2024-2025-vladimir-10.3,vsosh,municipal,2024,2024/2025,Владимирская область,,,3,combinatorics,,Доказательство,automatic,,,False,archive/vsosh/municipal/2024-2025/vladimir/e799e83cff09fa_tasks-math-10-mun-vladimir-24-25.pdf,1,https://tasks.olimpiada.ru/upload/files/tasks/72/2024/tasks-math-10-mun-vladimir-24-25.pdf
M-2024-2025-vladimir-10.4,vsosh,municipal,2024,2024/2025,Владимирская область,,,4,combinatorics,graphs,Вычисление,automatic,,,False,archive/vsosh/municipal/2024-2025/vladimir/e799e83cff09fa_tasks-math-10-mun-vladimir-24-25.pdf,1,https://tasks.olimpiada.ru/upload/files/tasks/72/2024/tasks-math-10-mun-vladimir-24-25.pdf
M-2024-2025-vladimir-10.5,vsosh,municipal,2024,2024/2025,Владимирская область,,,5,number_theory;combinatorics;algebra,,Смешанный вопрос,automatic,,,False,archive/vsosh/municipal/2024-2025/vladimir/e799e83cff09fa_tasks-math-10-mun-vladimir-24-25.pdf,1,https://tasks.olimpiada.ru/upload/files/tasks/72/2024/tasks-math-10-mun-vladimir-24-25.pdf
M-2024-2025-vologda-10.1,vsosh,municipal,2024,2024/2025,Вологодская область,,,1,number_theory,,Подсчёт,automatic,,,False,archive/vsosh/municipal/2024-2025/vologda/b474eb0673c874_tasks-math-10-mun-vologda-24-25.pdf,1,https://tasks.olimpiada.ru/upload/files/tasks/72/2024/tasks-math-10-mun-vologda-24-25.pdf
M-2024-2025-vologda-10.2,vsosh,municipal,2024,2024/2025,Вологодская область,,,2,algebra,polynomials,Вычисление,automatic,,,False,archive/vsosh/municipal/2024-2025/vologda/b474eb0673c874_tasks-math-10-mun-vologda-24-25.pdf,1,https://tasks.olimpiada.ru/upload/files/tasks/72/2024/tasks-math-10-mun-vologda-24-25.pdf
M-2024-2025-vologda-10.3,vsosh,municipal,2024,2024/2025,Вологодская область,,,3,number_theory;algebra,,Доказательство,automatic,,,False,archive/vsosh/municipal/2024-2025/vologda/b474eb0673c874_tasks-math-10-mun-vologda-24-25.pdf,1,https://tasks.olimpiada.ru/upload/files/tasks/72/2024/tasks-math-10-mun-vologda-24-25.pdf
M-2024-2025-vologda-10.4,vsosh,municipal,2024,2024/2025,Вологодская область,,,4,geometry,extremal;angles;areas,Оценка и конструкция,automatic,,,False,archive/vsosh/municipal/2024-2025/vologda/b474eb0673c874_tasks-math-10-mun-vologda-24-25.pdf,1,https://tasks.olimpiada.ru/upload/files/tasks/72/2024/tasks-math-10-mun-vologda-24-25.pdf
M-2024-2025-vologda-10.5,vsosh,municipal,2024,2024/2025,Вологодская область,,,5,unclassified,,Существование или невозможность,automatic,,,False,archive/vsosh/municipal/2024-2025/vologda/b474eb0673c874_tasks-math-10-mun-vologda-24-25.pdf,1,https://tasks.olimpiada.ru/upload/files/tasks/72/2024/tasks-math-10-mun-vologda-24-25.pdf
M-2024-2025-xakas-10.1,vsosh,municipal,2024,2024/2025,Республика Хакасия,,,1,unclassified,,Подсчёт,automatic,,,False,archive/vsosh/municipal/2024-2025/xakas/3d0d94fa8ff5d2_tasks-math-10-mun-xakas-24-25.pdf,1,https://tasks.olimpiada.ru/upload/files/tasks/72/2024/tasks-math-10-mun-xakas-24-25.pdf
M-2024-2025-xakas-10.2,vsosh,municipal,2024,2024/2025,Республика Хакасия,,,2,algebra,,Вычисление,automatic,,,False,archive/vsosh/municipal/2024-2025/xakas/3d0d94fa8ff5d2_tasks-math-10-mun-xakas-24-25.pdf,1,https://tasks.olimpiada.ru/upload/files/tasks/72/2024/tasks-math-10-mun-xakas-24-25.pdf
M-2024-2025-xakas-10.3,vsosh,municipal,2024,2024/2025,Республика Хакасия,,,3,geometry,angles;areas;bijection,Вычисление,automatic,,,False,archive/vsosh/municipal/2024-2025/xakas/3d0d94fa8ff5d2_tasks-math-10-mun-xakas-24-25.pdf,1,https://tasks.olimpiada.ru/upload/files/tasks/72/2024/tasks-math-10-mun-xakas-24-25.pdf
M-2024-2025-xakas-10.4,vsosh,municipal,2024,2024/2025,Республика Хакасия,,,4,combinatorics,extremal;bounds,Оценка и конструкция,automatic,,,False,archive/vsosh/municipal/2024-2025/xakas/3d0d94fa8ff5d2_tasks-math-10-mun-xakas-24-25.pdf,1,https://tasks.olimpiada.ru/upload/files/tasks/72/2024/tasks-math-10-mun-xakas-24-25.pdf
M-2024-2025-xakas-10.5,vsosh,municipal,2024,2024/2025,Республика Хакасия,,,5,number_theory;algebra,,Подсчёт,automatic,,,False,archive/vsosh/municipal/2024-2025/xakas/3d0d94fa8ff5d2_tasks-math-10-mun-xakas-24-25.pdf,1,https://tasks.olimpiada.ru/upload/files/tasks/72/2024/tasks-math-10-mun-xakas-24-25.pdf
M-2023-2024-amur-10.1,vsosh,municipal,2023,2023/2024,Амурская область,,,1,combinatorics;algebra,,Доказательство,automatic,,,False,archive/vsosh/municipal/2023-2024/amur/3f6fa24cd6f891_tasks-math-10-mun-amur-23-24.pdf,1,https://tasks.olimpiada.ru/upload/files/tasks/72/2023/tasks-math-10-mun-amur-23-24.pdf
M-2023-2024-amur-10.2,vsosh,municipal,2023,2023/2024,Амурская область,,,2,algebra,,Вычисление,automatic,,,False,archive/vsosh/municipal/2023-2024/amur/3f6fa24cd6f891_tasks-math-10-mun-amur-23-24.pdf,1,https://tasks.olimpiada.ru/upload/files/tasks/72/2023/tasks-math-10-mun-amur-23-24.pdf
M-2023-2024-amur-10.3,vsosh,municipal,2023,2023/2024,Амурская область,,,3,geometry,,Доказательство,automatic,,,False,archive/vsosh/municipal/2023-2024/amur/3f6fa24cd6f891_tasks-math-10-mun-amur-23-24.pdf,1,https://tasks.olimpiada.ru/upload/files/tasks/72/2023/tasks-math-10-mun-amur-23-24.pdf
M-2023-2024-amur-10.4,vsosh,municipal,2023,2023/2024,Амурская область,,,4,combinatorics,,Подсчёт,automatic,,,False,archive/vsosh/municipal/2023-2024/amur/3f6fa24cd6f891_tasks-math-10-mun-amur-23-24.pdf,1,https://tasks.olimpiada.ru/upload/files/tasks/72/2023/tasks-math-10-mun-amur-23-24.pdf
M-2023-2024-amur-10.5,vsosh,municipal,2023,2023/2024,Амурская область,,,5,algebra,polynomials,Вычисление,automatic,,,False,archive/vsosh/municipal/2023-2024/amur/3f6fa24cd6f891_tasks-math-10-mun-amur-23-24.pdf,1,https://tasks.olimpiada.ru/upload/files/tasks/72/2023/tasks-math-10-mun-amur-23-24.pdf
M-2023-2024-arh-10.1,vsosh,municipal,2023,2023/2024,Архангельская область,,,1,unclassified,,Смешанный вопрос,automatic,,,False,archive/vsosh/municipal/2023-2024/arh/414a4c73c792e2_tasks-math-10-mun-arh-23-24.pdf,2,https://tasks.olimpiada.ru/upload/files/tasks/72/2023/tasks-math-10-mun-arh-23-24.pdf
M-2023-2024-arh-10.2,vsosh,municipal,2023,2023/2024,Архангельская область,,,2,unclassified,extremal,Оценка и конструкция,automatic,,,False,archive/vsosh/municipal/2023-2024/arh/414a4c73c792e2_tasks-math-10-mun-arh-23-24.pdf,2,https://tasks.olimpiada.ru/upload/files/tasks/72/2023/tasks-math-10-mun-arh-23-24.pdf
M-2023-2024-arh-10.3,vsosh,municipal,2023,2023/2024,Архангельская область,,,3,number_theory,,Найти все,automatic,,,False,archive/vsosh/municipal/2023-2024/arh/414a4c73c792e2_tasks-math-10-mun-arh-23-24.pdf,2,https://tasks.olimpiada.ru/upload/files/tasks/72/2023/tasks-math-10-mun-arh-23-24.pdf
M-2023-2024-arh-10.4,vsosh,municipal,2023,2023/2024,Архангельская область,,,4,geometry;combinatorics,angles,Смешанный вопрос,automatic,,,False,archive/vsosh/municipal/2023-2024/arh/414a4c73c792e2_tasks-math-10-mun-arh-23-24.pdf,2,https://tasks.olimpiada.ru/upload/files/tasks/72/2023/tasks-math-10-mun-arh-23-24.pdf
M-2023-2024-arh-10.5,vsosh,municipal,2023,2023/2024,Архангельская область,,,5,geometry;combinatorics,angles,Подсчёт,automatic,,,False,archive/vsosh/municipal/2023-2024/arh/414a4c73c792e2_tasks-math-10-mun-arh-23-24.pdf,2,https://tasks.olimpiada.ru/upload/files/tasks/72/2023/tasks-math-10-mun-arh-23-24.pdf
M-2023-2024-bash-10.1,vsosh,municipal,2023,2023/2024,Республика Башкортостан,,,1,number_theory,,Подсчёт,automatic,,,False,archive/vsosh/municipal/2023-2024/bash/a2f081be81e56e_tasks-math-10-mun-bash-23-24.pdf,1,https://tasks.olimpiada.ru/upload/files/tasks/72/2023/tasks-math-10-mun-bash-23-24.pdf
M-2023-2024-bash-10.2,vsosh,municipal,2023,2023/2024,Республика Башкортостан,,,2,number_theory;algebra,,Смешанный вопрос,automatic,,,False,archive/vsosh/municipal/2023-2024/bash/a2f081be81e56e_tasks-math-10-mun-bash-23-24.pdf,1,https://tasks.olimpiada.ru/upload/files/tasks/72/2023/tasks-math-10-mun-bash-23-24.pdf
M-2023-2024-bash-10.3,vsosh,municipal,2023,2023/2024,Республика Башкортостан,,,3,geometry,extremal;angles;areas,Оценка и конструкция,automatic,,,False,archive/vsosh/municipal/2023-2024/bash/a2f081be81e56e_tasks-math-10-mun-bash-23-24.pdf,1,https://tasks.olimpiada.ru/upload/files/tasks/72/2023/tasks-math-10-mun-bash-23-24.pdf
M-2023-2024-bash-10.4,vsosh,municipal,2023,2023/2024,Республика Башкортостан,,,4,algebra,,Подсчёт,automatic,,,False,archive/vsosh/municipal/2023-2024/bash/a2f081be81e56e_tasks-math-10-mun-bash-23-24.pdf,1,https://tasks.olimpiada.ru/upload/files/tasks/72/2023/tasks-math-10-mun-bash-23-24.pdf
M-2023-2024-bash-10.5,vsosh,municipal,2023,2023/2024,Республика Башкортостан,,,5,geometry;combinatorics,angles,Доказательство,automatic,,,False,archive/vsosh/municipal/2023-2024/bash/a2f081be81e56e_tasks-math-10-mun-bash-23-24.pdf,1,https://tasks.olimpiada.ru/upload/files/tasks/72/2023/tasks-math-10-mun-bash-23-24.pdf
M-2023-2024-bash-10.6,vsosh,municipal,2023,2023/2024,Республика Башкортостан,,,6,number_theory;combinatorics,,Доказательство,automatic,,,False,archive/vsosh/municipal/2023-2024/bash/a2f081be81e56e_tasks-math-10-mun-bash-23-24.pdf,1,https://tasks.olimpiada.ru/upload/files/tasks/72/2023/tasks-math-10-mun-bash-23-24.pdf
M-2023-2024-bryansk-10.1,vsosh,municipal,2023,2023/2024,Брянская область,,,1,algebra,,Подсчёт,automatic,,,False,archive/vsosh/municipal/2023-2024/bryansk/37b2d68cb6f445_tasks-math-10-mun-bryansk-23-24.pdf,1,https://tasks.olimpiada.ru/upload/files/tasks/72/2023/tasks-math-10-mun-bryansk-23-24.pdf
M-2023-2024-bryansk-10.2,vsosh,municipal,2023,2023/2024,Брянская область,,,2,unclassified,,Доказательство,automatic,,,False,archive/vsosh/municipal/2023-2024/bryansk/37b2d68cb6f445_tasks-math-10-mun-bryansk-23-24.pdf,1,https://tasks.olimpiada.ru/upload/files/tasks/72/2023/tasks-math-10-mun-bryansk-23-24.pdf
M-2023-2024-bryansk-10.3,vsosh,municipal,2023,2023/2024,Брянская область,,,3,algebra,extremal,Оценка и конструкция,automatic,,,False,archive/vsosh/municipal/2023-2024/bryansk/37b2d68cb6f445_tasks-math-10-mun-bryansk-23-24.pdf,1,https://tasks.olimpiada.ru/upload/files/tasks/72/2023/tasks-math-10-mun-bryansk-23-24.pdf
M-2023-2024-bryansk-10.4,vsosh,municipal,2023,2023/2024,Брянская область,,,4,number_theory;algebra,,Существование или невозможность,automatic,,,False,archive/vsosh/municipal/2023-2024/bryansk/37b2d68cb6f445_tasks-math-10-mun-bryansk-23-24.pdf,1,https://tasks.olimpiada.ru/upload/files/tasks/72/2023/tasks-math-10-mun-bryansk-23-24.pdf
M-2023-2024-bryansk-10.5,vsosh,municipal,2023,2023/2024,Брянская область,,,5,combinatorics,coordinates,Вычисление,automatic,,,False,archive/vsosh/municipal/2023-2024/bryansk/37b2d68cb6f445_tasks-math-10-mun-bryansk-23-24.pdf,1,https://tasks.olimpiada.ru/upload/files/tasks/72/2023/tasks-math-10-mun-bryansk-23-24.pdf
M-2023-2024-bur-10.1,vsosh,municipal,2023,2023/2024,Республика Бурятия,,,1,algebra,extremal,Оценка и конструкция,automatic,,,False,archive/vsosh/municipal/2023-2024/bur/d0e5603818362d_tasks-math-10-mun-bur-23-24.pdf,1,https://tasks.olimpiada.ru/upload/files/tasks/72/2023/tasks-math-10-mun-bur-23-24.pdf
M-2023-2024-bur-10.2,vsosh,municipal,2023,2023/2024,Республика Бурятия,,,2,unclassified,,Доказательство,automatic,,,False,archive/vsosh/municipal/2023-2024/bur/d0e5603818362d_tasks-math-10-mun-bur-23-24.pdf,1,https://tasks.olimpiada.ru/upload/files/tasks/72/2023/tasks-math-10-mun-bur-23-24.pdf
M-2023-2024-bur-10.3,vsosh,municipal,2023,2023/2024,Республика Бурятия,,,3,combinatorics,,Подсчёт,automatic,,,False,archive/vsosh/municipal/2023-2024/bur/d0e5603818362d_tasks-math-10-mun-bur-23-24.pdf,1,https://tasks.olimpiada.ru/upload/files/tasks/72/2023/tasks-math-10-mun-bur-23-24.pdf
M-2023-2024-bur-10.4,vsosh,municipal,2023,2023/2024,Республика Бурятия,,,4,geometry;combinatorics,angles;bijection,Вычисление,automatic,,,False,archive/vsosh/municipal/2023-2024/bur/d0e5603818362d_tasks-math-10-mun-bur-23-24.pdf,1,https://tasks.olimpiada.ru/upload/files/tasks/72/2023/tasks-math-10-mun-bur-23-24.pdf
M-2023-2024-bur-10.5,vsosh,municipal,2023,2023/2024,Республика Бурятия,,,5,combinatorics,graphs,Подсчёт,automatic,,,False,archive/vsosh/municipal/2023-2024/bur/d0e5603818362d_tasks-math-10-mun-bur-23-24.pdf,1,https://tasks.olimpiada.ru/upload/files/tasks/72/2023/tasks-math-10-mun-bur-23-24.pdf
M-2023-2024-chuk-10.1,vsosh,municipal,2023,2023/2024,Чукотский автономный округ,,,1,combinatorics;algebra,graphs;coordinates;bijection,Смешанный вопрос,automatic,,,False,archive/vsosh/municipal/2023-2024/chuk/c9407bfde83a93_tasks-math-10-mun-chuk-23-24.pdf,1,https://tasks.olimpiada.ru/upload/files/tasks/72/2023/tasks-math-10-mun-chuk-23-24.pdf
M-2023-2024-chuk-10.2,vsosh,municipal,2023,2023/2024,Чукотский автономный округ,,,2,combinatorics;algebra,extremal,Оценка и конструкция,automatic,,,False,archive/vsosh/municipal/2023-2024/chuk/c9407bfde83a93_tasks-math-10-mun-chuk-23-24.pdf,1,https://tasks.olimpiada.ru/upload/files/tasks/72/2023/tasks-math-10-mun-chuk-23-24.pdf
M-2023-2024-chuk-10.3,vsosh,municipal,2023,2023/2024,Чукотский автономный округ,,,3,unclassified,,Смешанный вопрос,automatic,,,False,archive/vsosh/municipal/2023-2024/chuk/c9407bfde83a93_tasks-math-10-mun-chuk-23-24.pdf,1,https://tasks.olimpiada.ru/upload/files/tasks/72/2023/tasks-math-10-mun-chuk-23-24.pdf
M-2023-2024-chuk-10.4,vsosh,municipal,2023,2023/2024,Чукотский автономный округ,,,4,combinatorics,,Смешанный вопрос,automatic,,,False,archive/vsosh/municipal/2023-2024/chuk/c9407bfde83a93_tasks-math-10-mun-chuk-23-24.pdf,1,https://tasks.olimpiada.ru/upload/files/tasks/72/2023/tasks-math-10-mun-chuk-23-24.pdf
M-2023-2024-chuk-10.5,vsosh,municipal,2023,2023/2024,Чукотский автономный округ,,,5,geometry,angles;areas,Доказательство,automatic,,,False,archive/vsosh/municipal/2023-2024/chuk/c9407bfde83a93_tasks-math-10-mun-chuk-23-24.pdf,2,https://tasks.olimpiada.ru/upload/files/tasks/72/2023/tasks-math-10-mun-chuk-23-24.pdf
M-2023-2024-crimea-10.1,vsosh,municipal,2023,2023/2024,Республика Крым,,,1,algebra,,Вычисление,automatic,,,False,archive/vsosh/municipal/2023-2024/crimea/41ea3179f8b844_tasks-math-10-mun-crimea-23-24.pdf,1,https://tasks.olimpiada.ru/upload/files/tasks/72/2023/tasks-math-10-mun-crimea-23-24.pdf
M-2023-2024-crimea-10.2,vsosh,municipal,2023,2023/2024,Республика Крым,,,2,combinatorics,,Существование или невозможность,automatic,,,False,archive/vsosh/municipal/2023-2024/crimea/41ea3179f8b844_tasks-math-10-mun-crimea-23-24.pdf,1,https://tasks.olimpiada.ru/upload/files/tasks/72/2023/tasks-math-10-mun-crimea-23-24.pdf
M-2023-2024-crimea-10.3,vsosh,municipal,2023,2023/2024,Республика Крым,,,3,unclassified,,Смешанный вопрос,automatic,,,False,archive/vsosh/municipal/2023-2024/crimea/41ea3179f8b844_tasks-math-10-mun-crimea-23-24.pdf,1,https://tasks.olimpiada.ru/upload/files/tasks/72/2023/tasks-math-10-mun-crimea-23-24.pdf
M-2023-2024-crimea-10.4,vsosh,municipal,2023,2023/2024,Республика Крым,,,4,geometry;combinatorics;algebra,angles;areas,Вычисление,automatic,,,False,archive/vsosh/municipal/2023-2024/crimea/41ea3179f8b844_tasks-math-10-mun-crimea-23-24.pdf,1,https://tasks.olimpiada.ru/upload/files/tasks/72/2023/tasks-math-10-mun-crimea-23-24.pdf
M-2023-2024-crimea-10.5,vsosh,municipal,2023,2023/2024,Республика Крым,,,5,number_theory;algebra,,Найти все,automatic,,,False,archive/vsosh/municipal/2023-2024/crimea/41ea3179f8b844_tasks-math-10-mun-crimea-23-24.pdf,1,https://tasks.olimpiada.ru/upload/files/tasks/72/2023/tasks-math-10-mun-crimea-23-24.pdf
M-2023-2024-irk-10.1,vsosh,municipal,2023,2023/2024,Иркутская область,,,1,number_theory;algebra,,Существование или невозможность,automatic,,,False,archive/vsosh/municipal/2023-2024/irk/d6addec852b78c_tasks-math-10-mun-irk-23-24.pdf,1,https://tasks.olimpiada.ru/upload/files/tasks/72/2023/tasks-math-10-mun-irk-23-24.pdf
M-2023-2024-irk-10.2,vsosh,municipal,2023,2023/2024,Иркутская область,,,2,unclassified,,Доказательство,automatic,,,False,archive/vsosh/municipal/2023-2024/irk/d6addec852b78c_tasks-math-10-mun-irk-23-24.pdf,1,https://tasks.olimpiada.ru/upload/files/tasks/72/2023/tasks-math-10-mun-irk-23-24.pdf
M-2023-2024-irk-10.3,vsosh,municipal,2023,2023/2024,Иркутская область,,,3,number_theory;combinatorics,construction,Найти все,automatic,,,False,archive/vsosh/municipal/2023-2024/irk/d6addec852b78c_tasks-math-10-mun-irk-23-24.pdf,1,https://tasks.olimpiada.ru/upload/files/tasks/72/2023/tasks-math-10-mun-irk-23-24.pdf
M-2023-2024-irk-10.4,vsosh,municipal,2023,2023/2024,Иркутская область,,,4,geometry,angles;bijection,Доказательство,automatic,,,False,archive/vsosh/municipal/2023-2024/irk/d6addec852b78c_tasks-math-10-mun-irk-23-24.pdf,1,https://tasks.olimpiada.ru/upload/files/tasks/72/2023/tasks-math-10-mun-irk-23-24.pdf
M-2023-2024-irk-10.5,vsosh,municipal,2023,2023/2024,Иркутская область,,,5,number_theory;algebra,construction,Найти все,automatic,,,False,archive/vsosh/municipal/2023-2024/irk/d6addec852b78c_tasks-math-10-mun-irk-23-24.pdf,1,https://tasks.olimpiada.ru/upload/files/tasks/72/2023/tasks-math-10-mun-irk-23-24.pdf
M-2023-2024-kaluga-10.1,vsosh,municipal,2023,2023/2024,Калужская область,,,1,algebra,,Смешанный вопрос,automatic,,,False,archive/vsosh/municipal/2023-2024/kaluga/485ca88ca6249a_tasks-math-10-mun-kaluga-23-24.pdf,1,https://tasks.olimpiada.ru/upload/files/tasks/72/2023/tasks-math-10-mun-kaluga-23-24.pdf
M-2023-2024-kaluga-10.2,vsosh,municipal,2023,2023/2024,Калужская область,,,2,unclassified,extremal,Оценка и конструкция,automatic,,,False,archive/vsosh/municipal/2023-2024/kaluga/485ca88ca6249a_tasks-math-10-mun-kaluga-23-24.pdf,1,https://tasks.olimpiada.ru/upload/files/tasks/72/2023/tasks-math-10-mun-kaluga-23-24.pdf
M-2023-2024-kaluga-10.3,vsosh,municipal,2023,2023/2024,Калужская область,,,3,combinatorics,strategy,Смешанный вопрос,automatic,,,False,archive/vsosh/municipal/2023-2024/kaluga/485ca88ca6249a_tasks-math-10-mun-kaluga-23-24.pdf,1,https://tasks.olimpiada.ru/upload/files/tasks/72/2023/tasks-math-10-mun-kaluga-23-24.pdf
M-2023-2024-kaluga-10.4,vsosh,municipal,2023,2023/2024,Калужская область,,,4,geometry;algebra,angles;areas,Смешанный вопрос,automatic,,,False,archive/vsosh/municipal/2023-2024/kaluga/485ca88ca6249a_tasks-math-10-mun-kaluga-23-24.pdf,1,https://tasks.olimpiada.ru/upload/files/tasks/72/2023/tasks-math-10-mun-kaluga-23-24.pdf
M-2023-2024-kaluga-10.5,vsosh,municipal,2023,2023/2024,Калужская область,,,5,algebra,,Смешанный вопрос,automatic,,,False,archive/vsosh/municipal/2023-2024/kaluga/485ca88ca6249a_tasks-math-10-mun-kaluga-23-24.pdf,1,https://tasks.olimpiada.ru/upload/files/tasks/72/2023/tasks-math-10-mun-kaluga-23-24.pdf
M-2023-2024-kamchatka-10.1,vsosh,municipal,2023,2023/2024,Камчатский край,,,1,number_theory;algebra,extremal,Оценка и конструкция,automatic,,,False,archive/vsosh/municipal/2023-2024/kamchatka/ea117e998483df_tasks-math-10-mun-kamchatka-23-24.pdf,1,https://tasks.olimpiada.ru/upload/files/tasks/72/2023/tasks-math-10-mun-kamchatka-23-24.pdf
M-2023-2024-kamchatka-10.2,vsosh,municipal,2023,2023/2024,Камчатский край,,,2,algebra,,Вычисление,automatic,,,False,archive/vsosh/municipal/2023-2024/kamchatka/ea117e998483df_tasks-math-10-mun-kamchatka-23-24.pdf,1,https://tasks.olimpiada.ru/upload/files/tasks/72/2023/tasks-math-10-mun-kamchatka-23-24.pdf
M-2023-2024-kamchatka-10.3,vsosh,municipal,2023,2023/2024,Камчатский край,,,3,number_theory,,Смешанный вопрос,automatic,,,False,archive/vsosh/municipal/2023-2024/kamchatka/ea117e998483df_tasks-math-10-mun-kamchatka-23-24.pdf,1,https://tasks.olimpiada.ru/upload/files/tasks/72/2023/tasks-math-10-mun-kamchatka-23-24.pdf
M-2023-2024-kamchatka-10.4,vsosh,municipal,2023,2023/2024,Камчатский край,,,4,geometry;combinatorics,angles,Доказательство,automatic,,,False,archive/vsosh/municipal/2023-2024/kamchatka/ea117e998483df_tasks-math-10-mun-kamchatka-23-24.pdf,1,https://tasks.olimpiada.ru/upload/files/tasks/72/2023/tasks-math-10-mun-kamchatka-23-24.pdf
M-2023-2024-kamchatka-10.5,vsosh,municipal,2023,2023/2024,Камчатский край,,,5,number_theory,,Доказательство,automatic,,,False,archive/vsosh/municipal/2023-2024/kamchatka/ea117e998483df_tasks-math-10-mun-kamchatka-23-24.pdf,1,https://tasks.olimpiada.ru/upload/files/tasks/72/2023/tasks-math-10-mun-kamchatka-23-24.pdf
M-2023-2024-karel-10.1,vsosh,municipal,2023,2023/2024,Республика Карелия,,,1,combinatorics;algebra,,Вычисление,automatic,,,False,archive/vsosh/municipal/2023-2024/karel/0282d4bf60f785_tasks-math-10-mun-karel-23-24.pdf,1,https://tasks.olimpiada.ru/upload/files/tasks/72/2023/tasks-math-10-mun-karel-23-24.pdf
M-2023-2024-karel-10.2,vsosh,municipal,2023,2023/2024,Республика Карелия,,,2,combinatorics;algebra,,Доказательство,automatic,,,False,archive/vsosh/municipal/2023-2024/karel/0282d4bf60f785_tasks-math-10-mun-karel-23-24.pdf,1,https://tasks.olimpiada.ru/upload/files/tasks/72/2023/tasks-math-10-mun-karel-23-24.pdf
M-2023-2024-karel-10.3,vsosh,municipal,2023,2023/2024,Республика Карелия,,,3,geometry,angles,Существование или невозможность,automatic,,,False,archive/vsosh/municipal/2023-2024/karel/0282d4bf60f785_tasks-math-10-mun-karel-23-24.pdf,1,https://tasks.olimpiada.ru/upload/files/tasks/72/2023/tasks-math-10-mun-karel-23-24.pdf
M-2023-2024-karel-10.4,vsosh,municipal,2023,2023/2024,Республика Карелия,,,4,number_theory;combinatorics,extremal,Оценка и конструкция,automatic,,,False,archive/vsosh/municipal/2023-2024/karel/0282d4bf60f785_tasks-math-10-mun-karel-23-24.pdf,1,https://tasks.olimpiada.ru/upload/files/tasks/72/2023/tasks-math-10-mun-karel-23-24.pdf
M-2023-2024-kem-10.1,vsosh,municipal,2023,2023/2024,Кемеровская область,,,1,unclassified,,Существование или невозможность,automatic,,,False,archive/vsosh/municipal/2023-2024/kem/9ed4f2d69aee21_tasks-math-10-mun-kem-23-24.pdf,1,https://tasks.olimpiada.ru/upload/files/tasks/72/2023/tasks-math-10-mun-kem-23-24.pdf
M-2023-2024-kem-10.2,vsosh,municipal,2023,2023/2024,Кемеровская область,,,2,unclassified,,Смешанный вопрос,automatic,,,False,archive/vsosh/municipal/2023-2024/kem/9ed4f2d69aee21_tasks-math-10-mun-kem-23-24.pdf,1,https://tasks.olimpiada.ru/upload/files/tasks/72/2023/tasks-math-10-mun-kem-23-24.pdf
M-2023-2024-kem-10.3,vsosh,municipal,2023,2023/2024,Кемеровская область,,,3,geometry,angles,Смешанный вопрос,automatic,,,False,archive/vsosh/municipal/2023-2024/kem/9ed4f2d69aee21_tasks-math-10-mun-kem-23-24.pdf,1,https://tasks.olimpiada.ru/upload/files/tasks/72/2023/tasks-math-10-mun-kem-23-24.pdf
M-2023-2024-kem-10.4,vsosh,municipal,2023,2023/2024,Кемеровская область,,,4,combinatorics;algebra,,Существование или невозможность,automatic,,,False,archive/vsosh/municipal/2023-2024/kem/9ed4f2d69aee21_tasks-math-10-mun-kem-23-24.pdf,1,https://tasks.olimpiada.ru/upload/files/tasks/72/2023/tasks-math-10-mun-kem-23-24.pdf
M-2023-2024-kem-10.5,vsosh,municipal,2023,2023/2024,Кемеровская область,,,5,combinatorics,,Подсчёт,automatic,,,False,archive/vsosh/municipal/2023-2024/kem/9ed4f2d69aee21_tasks-math-10-mun-kem-23-24.pdf,1,https://tasks.olimpiada.ru/upload/files/tasks/72/2023/tasks-math-10-mun-kem-23-24.pdf
M-2023-2024-kirov-10.1,vsosh,municipal,2023,2023/2024,Кировская область,,,1,number_theory,modular,Смешанный вопрос,automatic,,,False,archive/vsosh/municipal/2023-2024/kirov/00dba6139f9b29_tasks-math-10-mun-kirov-23-24.pdf,1,https://tasks.olimpiada.ru/upload/files/tasks/72/2023/tasks-math-10-mun-kirov-23-24.pdf
M-2023-2024-kirov-10.2,vsosh,municipal,2023,2023/2024,Кировская область,,,2,combinatorics,bounds,Доказательство,automatic,,,False,archive/vsosh/municipal/2023-2024/kirov/00dba6139f9b29_tasks-math-10-mun-kirov-23-24.pdf,1,https://tasks.olimpiada.ru/upload/files/tasks/72/2023/tasks-math-10-mun-kirov-23-24.pdf
M-2023-2024-kirov-10.3,vsosh,municipal,2023,2023/2024,Кировская область,,,3,number_theory,,Смешанный вопрос,automatic,,,False,archive/vsosh/municipal/2023-2024/kirov/00dba6139f9b29_tasks-math-10-mun-kirov-23-24.pdf,1,https://tasks.olimpiada.ru/upload/files/tasks/72/2023/tasks-math-10-mun-kirov-23-24.pdf
M-2023-2024-kirov-10.4,vsosh,municipal,2023,2023/2024,Кировская область,,,4,geometry;algebra,angles,Доказательство,automatic,,,False,archive/vsosh/municipal/2023-2024/kirov/00dba6139f9b29_tasks-math-10-mun-kirov-23-24.pdf,1,https://tasks.olimpiada.ru/upload/files/tasks/72/2023/tasks-math-10-mun-kirov-23-24.pdf
M-2023-2024-kirov-10.5,vsosh,municipal,2023,2023/2024,Кировская область,,,5,geometry,angles;areas,Доказательство,automatic,,,False,archive/vsosh/municipal/2023-2024/kirov/00dba6139f9b29_tasks-math-10-mun-kirov-23-24.pdf,1,https://tasks.olimpiada.ru/upload/files/tasks/72/2023/tasks-math-10-mun-kirov-23-24.pdf
M-2023-2024-kirov-10.6,vsosh,municipal,2023,2023/2024,Кировская область,,,6,unclassified,,Смешанный вопрос,automatic,,,False,archive/vsosh/municipal/2023-2024/kirov/00dba6139f9b29_tasks-math-10-mun-kirov-23-24.pdf,1,https://tasks.olimpiada.ru/upload/files/tasks/72/2023/tasks-math-10-mun-kirov-23-24.pdf
M-2023-2024-komi-10.1,vsosh,municipal,2023,2023/2024,Республика Коми,,,1,unclassified,,Существование или невозможность,automatic,,,False,archive/vsosh/municipal/2023-2024/komi/b296ff11aa9814_tasks-math-10-mun-komi-23-24.pdf,1,https://tasks.olimpiada.ru/upload/files/tasks/72/2023/tasks-math-10-mun-komi-23-24.pdf
M-2023-2024-komi-10.2,vsosh,municipal,2023,2023/2024,Республика Коми,,,2,unclassified,,Доказательство,automatic,,,False,archive/vsosh/municipal/2023-2024/komi/b296ff11aa9814_tasks-math-10-mun-komi-23-24.pdf,1,https://tasks.olimpiada.ru/upload/files/tasks/72/2023/tasks-math-10-mun-komi-23-24.pdf
M-2023-2024-komi-10.3,vsosh,municipal,2023,2023/2024,Республика Коми,,,3,geometry,angles;areas,Доказательство,automatic,,,False,archive/vsosh/municipal/2023-2024/komi/b296ff11aa9814_tasks-math-10-mun-komi-23-24.pdf,1,https://tasks.olimpiada.ru/upload/files/tasks/72/2023/tasks-math-10-mun-komi-23-24.pdf
M-2023-2024-komi-10.4,vsosh,municipal,2023,2023/2024,Республика Коми,,,4,number_theory,,Найти все,automatic,,,False,archive/vsosh/municipal/2023-2024/komi/b296ff11aa9814_tasks-math-10-mun-komi-23-24.pdf,1,https://tasks.olimpiada.ru/upload/files/tasks/72/2023/tasks-math-10-mun-komi-23-24.pdf
M-2023-2024-komi-10.5,vsosh,municipal,2023,2023/2024,Республика Коми,,,5,algebra,,Доказательство,automatic,,,False,archive/vsosh/municipal/2023-2024/komi/b296ff11aa9814_tasks-math-10-mun-komi-23-24.pdf,1,https://tasks.olimpiada.ru/upload/files/tasks/72/2023/tasks-math-10-mun-komi-23-24.pdf
M-2023-2024-kostroma-10.1,vsosh,municipal,2023,2023/2024,Костромская область,,,1,number_theory,modular,Подсчёт,automatic,,,False,archive/vsosh/municipal/2023-2024/kostroma/e4a7fa09914296_tasks-math-10-mun-kostroma-23-24.pdf,1,https://tasks.olimpiada.ru/upload/files/tasks/72/2023/tasks-math-10-mun-kostroma-23-24.pdf
M-2023-2024-kostroma-10.2,vsosh,municipal,2023,2023/2024,Костромская область,,,2,geometry;algebra,angles,Подсчёт,automatic,,,False,archive/vsosh/municipal/2023-2024/kostroma/e4a7fa09914296_tasks-math-10-mun-kostroma-23-24.pdf,1,https://tasks.olimpiada.ru/upload/files/tasks/72/2023/tasks-math-10-mun-kostroma-23-24.pdf
M-2023-2024-kostroma-10.3,vsosh,municipal,2023,2023/2024,Костромская область,,,3,geometry,angles;areas;bijection,Вычисление,automatic,,,False,archive/vsosh/municipal/2023-2024/kostroma/e4a7fa09914296_tasks-math-10-mun-kostroma-23-24.pdf,1,https://tasks.olimpiada.ru/upload/files/tasks/72/2023/tasks-math-10-mun-kostroma-23-24.pdf
M-2023-2024-kostroma-10.4,vsosh,municipal,2023,2023/2024,Костромская область,,,4,number_theory;combinatorics,extremal,Оценка и конструкция,automatic,,,False,archive/vsosh/municipal/2023-2024/kostroma/e4a7fa09914296_tasks-math-10-mun-kostroma-23-24.pdf,1,https://tasks.olimpiada.ru/upload/files/tasks/72/2023/tasks-math-10-mun-kostroma-23-24.pdf
M-2023-2024-kostroma-10.5,vsosh,municipal,2023,2023/2024,Костромская область,,,5,combinatorics,bounds,Доказательство,automatic,,,False,archive/vsosh/municipal/2023-2024/kostroma/e4a7fa09914296_tasks-math-10-mun-kostroma-23-24.pdf,1,https://tasks.olimpiada.ru/upload/files/tasks/72/2023/tasks-math-10-mun-kostroma-23-24.pdf
M-2023-2024-kryar-10.1,vsosh,municipal,2023,2023/2024,Красноярский край,,,1,combinatorics;algebra,graphs;polynomials,Вычисление,automatic,,,False,archive/vsosh/municipal/2023-2024/kryar/318326d95b533b_tasks-math-10-mun-kryar-23-24.pdf,1,https://tasks.olimpiada.ru/upload/files/tasks/72/2023/tasks-math-10-mun-kryar-23-24.pdf
M-2023-2024-kryar-10.2,vsosh,municipal,2023,2023/2024,Красноярский край,,,2,number_theory;algebra,,Доказательство,automatic,,,False,archive/vsosh/municipal/2023-2024/kryar/318326d95b533b_tasks-math-10-mun-kryar-23-24.pdf,1,https://tasks.olimpiada.ru/upload/files/tasks/72/2023/tasks-math-10-mun-kryar-23-24.pdf
M-2023-2024-kryar-10.3,vsosh,municipal,2023,2023/2024,Красноярский край,,,3,unclassified,extremal,Оценка и конструкция,automatic,,,False,archive/vsosh/municipal/2023-2024/kryar/318326d95b533b_tasks-math-10-mun-kryar-23-24.pdf,1,https://tasks.olimpiada.ru/upload/files/tasks/72/2023/tasks-math-10-mun-kryar-23-24.pdf
M-2023-2024-kryar-10.4,vsosh,municipal,2023,2023/2024,Красноярский край,,,4,number_theory,parity,Смешанный вопрос,automatic,,,False,archive/vsosh/municipal/2023-2024/kryar/318326d95b533b_tasks-math-10-mun-kryar-23-24.pdf,1,https://tasks.olimpiada.ru/upload/files/tasks/72/2023/tasks-math-10-mun-kryar-23-24.pdf
M-2023-2024-kryar-10.5,vsosh,municipal,2023,2023/2024,Красноярский край,,,5,geometry;number_theory;combinatorics,extremal;angles,Оценка и конструкция,automatic,,,False,archive/vsosh/municipal/2023-2024/kryar/318326d95b533b_tasks-math-10-mun-kryar-23-24.pdf,1,https://tasks.olimpiada.ru/upload/files/tasks/72/2023/tasks-math-10-mun-kryar-23-24.pdf
M-2023-2024-kursk-10.1,vsosh,municipal,2023,2023/2024,Курская область,,,1,number_theory,,Доказательство,automatic,,,False,archive/vsosh/municipal/2023-2024/kursk/21a0d8df23d335_tasks-math-10-mun-kursk-23-24.pdf,1,https://tasks.olimpiada.ru/upload/files/tasks/72/2023/tasks-math-10-mun-kursk-23-24.pdf
M-2023-2024-kursk-10.2,vsosh,municipal,2023,2023/2024,Курская область,,,2,unclassified,,Смешанный вопрос,automatic,,,False,archive/vsosh/municipal/2023-2024/kursk/21a0d8df23d335_tasks-math-10-mun-kursk-23-24.pdf,1,https://tasks.olimpiada.ru/upload/files/tasks/72/2023/tasks-math-10-mun-kursk-23-24.pdf
M-2023-2024-kursk-10.3,vsosh,municipal,2023,2023/2024,Курская область,,,3,algebra,,Смешанный вопрос,automatic,,,False,archive/vsosh/municipal/2023-2024/kursk/21a0d8df23d335_tasks-math-10-mun-kursk-23-24.pdf,1,https://tasks.olimpiada.ru/upload/files/tasks/72/2023/tasks-math-10-mun-kursk-23-24.pdf
M-2023-2024-kursk-10.4,vsosh,municipal,2023,2023/2024,Курская область,,,4,combinatorics;algebra,,Доказательство,automatic,,,False,archive/vsosh/municipal/2023-2024/kursk/21a0d8df23d335_tasks-math-10-mun-kursk-23-24.pdf,1,https://tasks.olimpiada.ru/upload/files/tasks/72/2023/tasks-math-10-mun-kursk-23-24.pdf
M-2023-2024-kursk-10.5,vsosh,municipal,2023,2023/2024,Курская область,,,5,geometry,angles,Смешанный вопрос,automatic,,,False,archive/vsosh/municipal/2023-2024/kursk/21a0d8df23d335_tasks-math-10-mun-kursk-23-24.pdf,1,https://tasks.olimpiada.ru/upload/files/tasks/72/2023/tasks-math-10-mun-kursk-23-24.pdf
M-2023-2024-lenobl-10.1,vsosh,municipal,2023,2023/2024,Ленинградская область,,,1,geometry;number_theory;combinatorics,angles,Существование или невозможность,automatic,,,False,archive/vsosh/municipal/2023-2024/lenobl/80722d554e879b_tasks-math-10-mun-lenobl-23-24.pdf,1,https://tasks.olimpiada.ru/upload/files/tasks/72/2023/tasks-math-10-mun-lenobl-23-24.pdf
M-2023-2024-lenobl-10.2,vsosh,municipal,2023,2023/2024,Ленинградская область,,,2,combinatorics,bounds,Доказательство,automatic,,,False,archive/vsosh/municipal/2023-2024/lenobl/80722d554e879b_tasks-math-10-mun-lenobl-23-24.pdf,1,https://tasks.olimpiada.ru/upload/files/tasks/72/2023/tasks-math-10-mun-lenobl-23-24.pdf
M-2023-2024-lenobl-10.3,vsosh,municipal,2023,2023/2024,Ленинградская область,,,3,geometry;number_theory;algebra,angles;areas,Доказательство,automatic,,,False,archive/vsosh/municipal/2023-2024/lenobl/80722d554e879b_tasks-math-10-mun-lenobl-23-24.pdf,1,https://tasks.olimpiada.ru/upload/files/tasks/72/2023/tasks-math-10-mun-lenobl-23-24.pdf
M-2023-2024-lenobl-10.4,vsosh,municipal,2023,2023/2024,Ленинградская область,,,4,number_theory;combinatorics;algebra,gcd,Смешанный вопрос,automatic,,,False,archive/vsosh/municipal/2023-2024/lenobl/80722d554e879b_tasks-math-10-mun-lenobl-23-24.pdf,2,https://tasks.olimpiada.ru/upload/files/tasks/72/2023/tasks-math-10-mun-lenobl-23-24.pdf
M-2023-2024-lenobl-10.5,vsosh,municipal,2023,2023/2024,Ленинградская область,,,5,combinatorics,extremal,Оценка и конструкция,automatic,,,False,archive/vsosh/municipal/2023-2024/lenobl/80722d554e879b_tasks-math-10-mun-lenobl-23-24.pdf,2,https://tasks.olimpiada.ru/upload/files/tasks/72/2023/tasks-math-10-mun-lenobl-23-24.pdf
M-2023-2024-lip-10.1,vsosh,municipal,2023,2023/2024,Липецкая область,,,1,combinatorics,,Смешанный вопрос,automatic,,,False,archive/vsosh/municipal/2023-2024/lip/8e326c6925d256_tasks-math-10-mun-lip-23-24.pdf,1,https://tasks.olimpiada.ru/upload/files/tasks/72/2023/tasks-math-10-mun-lip-23-24.pdf
M-2023-2024-lip-10.2,vsosh,municipal,2023,2023/2024,Липецкая область,,,2,algebra,,Смешанный вопрос,automatic,,,False,archive/vsosh/municipal/2023-2024/lip/8e326c6925d256_tasks-math-10-mun-lip-23-24.pdf,1,https://tasks.olimpiada.ru/upload/files/tasks/72/2023/tasks-math-10-mun-lip-23-24.pdf
M-2023-2024-lip-10.3,vsosh,municipal,2023,2023/2024,Липецкая область,,,3,unclassified,,Смешанный вопрос,automatic,,,False,archive/vsosh/municipal/2023-2024/lip/8e326c6925d256_tasks-math-10-mun-lip-23-24.pdf,1,https://tasks.olimpiada.ru/upload/files/tasks/72/2023/tasks-math-10-mun-lip-23-24.pdf
M-2023-2024-lip-10.4,vsosh,municipal,2023,2023/2024,Липецкая область,,,4,geometry,angles,Вычисление,automatic,,,False,archive/vsosh/municipal/2023-2024/lip/8e326c6925d256_tasks-math-10-mun-lip-23-24.pdf,1,https://tasks.olimpiada.ru/upload/files/tasks/72/2023/tasks-math-10-mun-lip-23-24.pdf
M-2023-2024-lip-10.5,vsosh,municipal,2023,2023/2024,Липецкая область,,,5,combinatorics,extremal,Оценка и конструкция,automatic,,,False,archive/vsosh/municipal/2023-2024/lip/8e326c6925d256_tasks-math-10-mun-lip-23-24.pdf,1,https://tasks.olimpiada.ru/upload/files/tasks/72/2023/tasks-math-10-mun-lip-23-24.pdf
M-2023-2024-ml-10.1,vsosh,municipal,2023,2023/2024,Республика Марий Эл,,,1,number_theory;combinatorics;algebra,extremal;construction,Оценка и конструкция,automatic,,,False,archive/vsosh/municipal/2023-2024/ml/073736ae1f75ce_tasks-math-10-mun-ml-23-24.pdf,1,https://tasks.olimpiada.ru/upload/files/tasks/72/2023/tasks-math-10-mun-ml-23-24.pdf
M-2023-2024-ml-10.2,vsosh,municipal,2023,2023/2024,Республика Марий Эл,,,2,combinatorics;algebra,,Существование или невозможность,automatic,,,False,archive/vsosh/municipal/2023-2024/ml/073736ae1f75ce_tasks-math-10-mun-ml-23-24.pdf,1,https://tasks.olimpiada.ru/upload/files/tasks/72/2023/tasks-math-10-mun-ml-23-24.pdf
M-2023-2024-ml-10.3,vsosh,municipal,2023,2023/2024,Республика Марий Эл,,,3,unclassified,bounds,Доказательство,automatic,,,False,archive/vsosh/municipal/2023-2024/ml/073736ae1f75ce_tasks-math-10-mun-ml-23-24.pdf,1,https://tasks.olimpiada.ru/upload/files/tasks/72/2023/tasks-math-10-mun-ml-23-24.pdf
M-2023-2024-ml-10.4,vsosh,municipal,2023,2023/2024,Республика Марий Эл,,,4,geometry;combinatorics,angles,Доказательство,automatic,,,False,archive/vsosh/municipal/2023-2024/ml/073736ae1f75ce_tasks-math-10-mun-ml-23-24.pdf,1,https://tasks.olimpiada.ru/upload/files/tasks/72/2023/tasks-math-10-mun-ml-23-24.pdf
M-2023-2024-ml-10.5,vsosh,municipal,2023,2023/2024,Республика Марий Эл,,,5,unclassified,extremal;bounds,Оценка и конструкция,automatic,,,False,archive/vsosh/municipal/2023-2024/ml/073736ae1f75ce_tasks-math-10-mun-ml-23-24.pdf,1,https://tasks.olimpiada.ru/upload/files/tasks/72/2023/tasks-math-10-mun-ml-23-24.pdf
M-2023-2024-moscow-10.1,vsosh,municipal,2023,2023/2024,Москва,,,1,combinatorics,,Подсчёт,automatic,,,False,archive/vsosh/municipal/2023-2024/moscow/392608928388d7_tasks-math-10-mun-msk-23-24.pdf,1,https://xn--b1ayi3a.xn--l1afu.xn--p1ai/upload/files/Arhive_tasks/2023-24/mun/math/tasks-math-10-mun-msk-23-24.pdf
M-2023-2024-moscow-10.2,vsosh,municipal,2023,2023/2024,Москва,,,2,algebra,polynomials,Вычисление,automatic,,,False,archive/vsosh/municipal/2023-2024/moscow/392608928388d7_tasks-math-10-mun-msk-23-24.pdf,1,https://xn--b1ayi3a.xn--l1afu.xn--p1ai/upload/files/Arhive_tasks/2023-24/mun/math/tasks-math-10-mun-msk-23-24.pdf
M-2023-2024-moscow-10.3,vsosh,municipal,2023,2023/2024,Москва,,,3,geometry,angles,Подсчёт,automatic,,,False,archive/vsosh/municipal/2023-2024/moscow/392608928388d7_tasks-math-10-mun-msk-23-24.pdf,1,https://xn--b1ayi3a.xn--l1afu.xn--p1ai/upload/files/Arhive_tasks/2023-24/mun/math/tasks-math-10-mun-msk-23-24.pdf
M-2023-2024-moscow-10.4,vsosh,municipal,2023,2023/2024,Москва,,,4,number_theory;algebra,extremal,Оценка и конструкция,automatic,,,False,archive/vsosh/municipal/2023-2024/moscow/392608928388d7_tasks-math-10-mun-msk-23-24.pdf,1,https://xn--b1ayi3a.xn--l1afu.xn--p1ai/upload/files/Arhive_tasks/2023-24/mun/math/tasks-math-10-mun-msk-23-24.pdf
M-2023-2024-moscow-10.5,vsosh,municipal,2023,2023/2024,Москва,,,5,number_theory,extremal,Оценка и конструкция,automatic,,,False,archive/vsosh/municipal/2023-2024/moscow/392608928388d7_tasks-math-10-mun-msk-23-24.pdf,1,https://xn--b1ayi3a.xn--l1afu.xn--p1ai/upload/files/Arhive_tasks/2023-24/mun/math/tasks-math-10-mun-msk-23-24.pdf
M-2023-2024-moscow-10.6,vsosh,municipal,2023,2023/2024,Москва,,,6,number_theory;combinatorics;algebra,extremal,Оценка и конструкция,automatic,,,False,archive/vsosh/municipal/2023-2024/moscow/392608928388d7_tasks-math-10-mun-msk-23-24.pdf,2,https://xn--b1ayi3a.xn--l1afu.xn--p1ai/upload/files/Arhive_tasks/2023-24/mun/math/tasks-math-10-mun-msk-23-24.pdf
M-2023-2024-moscow-10.7,vsosh,municipal,2023,2023/2024,Москва,,,7,algebra,extremal,Оценка и конструкция,automatic,,,False,archive/vsosh/municipal/2023-2024/moscow/392608928388d7_tasks-math-10-mun-msk-23-24.pdf,2,https://xn--b1ayi3a.xn--l1afu.xn--p1ai/upload/files/Arhive_tasks/2023-24/mun/math/tasks-math-10-mun-msk-23-24.pdf
M-2023-2024-moscow-10.8,vsosh,municipal,2023,2023/2024,Москва,,,8,geometry,angles,Вычисление,automatic,,,False,archive/vsosh/municipal/2023-2024/moscow/392608928388d7_tasks-math-10-mun-msk-23-24.pdf,2,https://xn--b1ayi3a.xn--l1afu.xn--p1ai/upload/files/Arhive_tasks/2023-24/mun/math/tasks-math-10-mun-msk-23-24.pdf
M-2023-2024-mosobl-10.1,vsosh,municipal,2023,2023/2024,Московская область,,,1,unclassified,bijection,Вычисление,automatic,,,False,archive/vsosh/municipal/2023-2024/mosobl/7f275b4a91df4d_tasks-math-10-mun-mosobl-23-24.pdf,1,https://tasks.olimpiada.ru/upload/files/tasks/72/2023/tasks-math-10-mun-mosobl-23-24.pdf
M-2023-2024-mosobl-10.2,vsosh,municipal,2023,2023/2024,Московская область,,,2,geometry;combinatorics,angles,Подсчёт,automatic,,,False,archive/vsosh/municipal/2023-2024/mosobl/7f275b4a91df4d_tasks-math-10-mun-mosobl-23-24.pdf,1,https://tasks.olimpiada.ru/upload/files/tasks/72/2023/tasks-math-10-mun-mosobl-23-24.pdf
M-2023-2024-mosobl-10.3,vsosh,municipal,2023,2023/2024,Московская область,,,3,number_theory;combinatorics;algebra,extremal,Оценка и конструкция,automatic,,,False,archive/vsosh/municipal/2023-2024/mosobl/7f275b4a91df4d_tasks-math-10-mun-mosobl-23-24.pdf,1,https://tasks.olimpiada.ru/upload/files/tasks/72/2023/tasks-math-10-mun-mosobl-23-24.pdf
M-2023-2024-mosobl-10.4,vsosh,municipal,2023,2023/2024,Московская область,,,4,combinatorics,,Игра или стратегия,automatic,,,False,archive/vsosh/municipal/2023-2024/mosobl/7f275b4a91df4d_tasks-math-10-mun-mosobl-23-24.pdf,1,https://tasks.olimpiada.ru/upload/files/tasks/72/2023/tasks-math-10-mun-mosobl-23-24.pdf
M-2023-2024-mosobl-10.5,vsosh,municipal,2023,2023/2024,Московская область,,,5,geometry,angles;bijection,Доказательство,automatic,,,False,archive/vsosh/municipal/2023-2024/mosobl/7f275b4a91df4d_tasks-math-10-mun-mosobl-23-24.pdf,1,https://tasks.olimpiada.ru/upload/files/tasks/72/2023/tasks-math-10-mun-mosobl-23-24.pdf
M-2023-2024-murman-10.1,vsosh,municipal,2023,2023/2024,Мурманская область,,,1,number_theory,,Доказательство,automatic,,,False,archive/vsosh/municipal/2023-2024/murman/a72735e30a36ea_tasks-math-10-mun-murman-23-24.pdf,1,https://tasks.olimpiada.ru/upload/files/tasks/72/2023/tasks-math-10-mun-murman-23-24.pdf
M-2023-2024-murman-10.2,vsosh,municipal,2023,2023/2024,Мурманская область,,,2,combinatorics,,Смешанный вопрос,automatic,,,False,archive/vsosh/municipal/2023-2024/murman/a72735e30a36ea_tasks-math-10-mun-murman-23-24.pdf,1,https://tasks.olimpiada.ru/upload/files/tasks/72/2023/tasks-math-10-mun-murman-23-24.pdf
M-2023-2024-murman-10.3,vsosh,municipal,2023,2023/2024,Мурманская область,,,3,geometry;number_theory,angles;areas,Вычисление,automatic,,,False,archive/vsosh/municipal/2023-2024/murman/a72735e30a36ea_tasks-math-10-mun-murman-23-24.pdf,1,https://tasks.olimpiada.ru/upload/files/tasks/72/2023/tasks-math-10-mun-murman-23-24.pdf
M-2023-2024-murman-10.4,vsosh,municipal,2023,2023/2024,Мурманская область,,,4,number_theory;combinatorics;algebra,graphs;polynomials,Смешанный вопрос,automatic,,,False,archive/vsosh/municipal/2023-2024/murman/a72735e30a36ea_tasks-math-10-mun-murman-23-24.pdf,1,https://tasks.olimpiada.ru/upload/files/tasks/72/2023/tasks-math-10-mun-murman-23-24.pdf
M-2023-2024-murman-10.5,vsosh,municipal,2023,2023/2024,Мурманская область,,,5,unclassified,,Доказательство,automatic,,,False,archive/vsosh/municipal/2023-2024/murman/a72735e30a36ea_tasks-math-10-mun-murman-23-24.pdf,1,https://tasks.olimpiada.ru/upload/files/tasks/72/2023/tasks-math-10-mun-murman-23-24.pdf
M-2023-2024-nn-10.1,vsosh,municipal,2023,2023/2024,Нижегородская область,,,1,combinatorics;algebra,coordinates,Смешанный вопрос,automatic,,,False,archive/vsosh/municipal/2023-2024/nn/3b56bc434684ca_tasks-math-10-mun-nn-23-24.pdf,1,https://tasks.olimpiada.ru/upload/files/tasks/72/2023/tasks-math-10-mun-nn-23-24.pdf
M-2023-2024-nn-10.2,vsosh,municipal,2023,2023/2024,Нижегородская область,,,2,algebra,,Смешанный вопрос,automatic,,,False,archive/vsosh/municipal/2023-2024/nn/3b56bc434684ca_tasks-math-10-mun-nn-23-24.pdf,1,https://tasks.olimpiada.ru/upload/files/tasks/72/2023/tasks-math-10-mun-nn-23-24.pdf
M-2023-2024-nn-10.3,vsosh,municipal,2023,2023/2024,Нижегородская область,,,3,geometry,angles;areas;bijection,Вычисление,automatic,,,False,archive/vsosh/municipal/2023-2024/nn/3b56bc434684ca_tasks-math-10-mun-nn-23-24.pdf,1,https://tasks.olimpiada.ru/upload/files/tasks/72/2023/tasks-math-10-mun-nn-23-24.pdf
M-2023-2024-nn-10.4,vsosh,municipal,2023,2023/2024,Нижегородская область,,,4,number_theory;algebra,,Существование или невозможность,automatic,,,False,archive/vsosh/municipal/2023-2024/nn/3b56bc434684ca_tasks-math-10-mun-nn-23-24.pdf,1,https://tasks.olimpiada.ru/upload/files/tasks/72/2023/tasks-math-10-mun-nn-23-24.pdf
M-2023-2024-nn-10.5,vsosh,municipal,2023,2023/2024,Нижегородская область,,,5,combinatorics,parity,Существование или невозможность,automatic,,,False,archive/vsosh/municipal/2023-2024/nn/3b56bc434684ca_tasks-math-10-mun-nn-23-24.pdf,1,https://tasks.olimpiada.ru/upload/files/tasks/72/2023/tasks-math-10-mun-nn-23-24.pdf
M-2023-2024-novgorod-10.1,vsosh,municipal,2023,2023/2024,Новгородская область,,,1,number_theory;algebra,,Существование или невозможность,automatic,,,False,archive/vsosh/municipal/2023-2024/novgorod/8be73318e673a3_tasks-math-10-mun-novgorod-23-24.pdf,1,https://tasks.olimpiada.ru/upload/files/tasks/72/2023/tasks-math-10-mun-novgorod-23-24.pdf
M-2023-2024-novgorod-10.2,vsosh,municipal,2023,2023/2024,Новгородская область,,,2,combinatorics;algebra,,Смешанный вопрос,automatic,,,False,archive/vsosh/municipal/2023-2024/novgorod/8be73318e673a3_tasks-math-10-mun-novgorod-23-24.pdf,1,https://tasks.olimpiada.ru/upload/files/tasks/72/2023/tasks-math-10-mun-novgorod-23-24.pdf
M-2023-2024-novgorod-10.3,vsosh,municipal,2023,2023/2024,Новгородская область,,,3,algebra,,Найти все,automatic,,,False,archive/vsosh/municipal/2023-2024/novgorod/8be73318e673a3_tasks-math-10-mun-novgorod-23-24.pdf,1,https://tasks.olimpiada.ru/upload/files/tasks/72/2023/tasks-math-10-mun-novgorod-23-24.pdf
M-2023-2024-novgorod-10.4,vsosh,municipal,2023,2023/2024,Новгородская область,,,4,number_theory;algebra,,Подсчёт,automatic,,,False,archive/vsosh/municipal/2023-2024/novgorod/8be73318e673a3_tasks-math-10-mun-novgorod-23-24.pdf,1,https://tasks.olimpiada.ru/upload/files/tasks/72/2023/tasks-math-10-mun-novgorod-23-24.pdf
M-2023-2024-novgorod-10.5,vsosh,municipal,2023,2023/2024,Новгородская область,,,5,geometry,angles,Смешанный вопрос,automatic,,,False,archive/vsosh/municipal/2023-2024/novgorod/8be73318e673a3_tasks-math-10-mun-novgorod-23-24.pdf,1,https://tasks.olimpiada.ru/upload/files/tasks/72/2023/tasks-math-10-mun-novgorod-23-24.pdf
M-2023-2024-novosb-10.1,vsosh,municipal,2023,2023/2024,Новосибирская область,,,1,algebra,,Смешанный вопрос,automatic,,,False,archive/vsosh/municipal/2023-2024/novosb/a24ed1844fe2b1_tasks-math-10-mun-novosb-23-24.pdf,1,https://tasks.olimpiada.ru/upload/files/tasks/72/2023/tasks-math-10-mun-novosb-23-24.pdf
M-2023-2024-novosb-10.2,vsosh,municipal,2023,2023/2024,Новосибирская область,,,2,geometry,angles,Смешанный вопрос,automatic,,,False,archive/vsosh/municipal/2023-2024/novosb/a24ed1844fe2b1_tasks-math-10-mun-novosb-23-24.pdf,1,https://tasks.olimpiada.ru/upload/files/tasks/72/2023/tasks-math-10-mun-novosb-23-24.pdf
M-2023-2024-novosb-10.3,vsosh,municipal,2023,2023/2024,Новосибирская область,,,3,number_theory;algebra,,Найти все,automatic,,,False,archive/vsosh/municipal/2023-2024/novosb/a24ed1844fe2b1_tasks-math-10-mun-novosb-23-24.pdf,1,https://tasks.olimpiada.ru/upload/files/tasks/72/2023/tasks-math-10-mun-novosb-23-24.pdf
M-2023-2024-novosb-10.4,vsosh,municipal,2023,2023/2024,Новосибирская область,,,4,combinatorics;algebra,,Доказательство,automatic,,,False,archive/vsosh/municipal/2023-2024/novosb/a24ed1844fe2b1_tasks-math-10-mun-novosb-23-24.pdf,1,https://tasks.olimpiada.ru/upload/files/tasks/72/2023/tasks-math-10-mun-novosb-23-24.pdf
M-2023-2024-novosb-10.5,vsosh,municipal,2023,2023/2024,Новосибирская область,,,5,combinatorics,extremal,Оценка и конструкция,automatic,,,False,archive/vsosh/municipal/2023-2024/novosb/a24ed1844fe2b1_tasks-math-10-mun-novosb-23-24.pdf,1,https://tasks.olimpiada.ru/upload/files/tasks/72/2023/tasks-math-10-mun-novosb-23-24.pdf
M-2023-2024-omsk-10.1,vsosh,municipal,2023,2023/2024,Омская область,,,1,number_theory;algebra,parity,Смешанный вопрос,automatic,,,False,archive/vsosh/municipal/2023-2024/omsk/5d93a773a8cd6c_tasks-math-10-mun-omsk-23-24.pdf,1,https://tasks.olimpiada.ru/upload/files/tasks/72/2023/tasks-math-10-mun-omsk-23-24.pdf
M-2023-2024-omsk-10.2,vsosh,municipal,2023,2023/2024,Омская область,,,2,unclassified,,Смешанный вопрос,automatic,,,False,archive/vsosh/municipal/2023-2024/omsk/5d93a773a8cd6c_tasks-math-10-mun-omsk-23-24.pdf,1,https://tasks.olimpiada.ru/upload/files/tasks/72/2023/tasks-math-10-mun-omsk-23-24.pdf
M-2023-2024-omsk-10.3,vsosh,municipal,2023,2023/2024,Омская область,,,3,geometry;combinatorics,angles;areas,Подсчёт,automatic,,,False,archive/vsosh/municipal/2023-2024/omsk/5d93a773a8cd6c_tasks-math-10-mun-omsk-23-24.pdf,1,https://tasks.olimpiada.ru/upload/files/tasks/72/2023/tasks-math-10-mun-omsk-23-24.pdf
M-2023-2024-omsk-10.4,vsosh,municipal,2023,2023/2024,Омская область,,,4,combinatorics,,Найти все,automatic,,,False,archive/vsosh/municipal/2023-2024/omsk/5d93a773a8cd6c_tasks-math-10-mun-omsk-23-24.pdf,1,https://tasks.olimpiada.ru/upload/files/tasks/72/2023/tasks-math-10-mun-omsk-23-24.pdf
M-2023-2024-omsk-10.5,vsosh,municipal,2023,2023/2024,Омская область,,,5,combinatorics;algebra,,Существование или невозможность,automatic,,,False,archive/vsosh/municipal/2023-2024/omsk/5d93a773a8cd6c_tasks-math-10-mun-omsk-23-24.pdf,1,https://tasks.olimpiada.ru/upload/files/tasks/72/2023/tasks-math-10-mun-omsk-23-24.pdf
M-2023-2024-omsk-10.6,vsosh,municipal,2023,2023/2024,Омская область,,,6,combinatorics;algebra,,Смешанный вопрос,automatic,,,False,archive/vsosh/municipal/2023-2024/omsk/5d93a773a8cd6c_tasks-math-10-mun-omsk-23-24.pdf,1,https://tasks.olimpiada.ru/upload/files/tasks/72/2023/tasks-math-10-mun-omsk-23-24.pdf
M-2023-2024-orenb-10.1,vsosh,municipal,2023,2023/2024,Оренбургская область,,,1,unclassified,,Найти все,automatic,,,False,archive/vsosh/municipal/2023-2024/orenb/70c35382680dad_tasks-math-10-mun-orenb-23-24.pdf,1,https://tasks.olimpiada.ru/upload/files/tasks/72/2023/tasks-math-10-mun-orenb-23-24.pdf
M-2023-2024-orenb-10.2,vsosh,municipal,2023,2023/2024,Оренбургская область,,,2,geometry,extremal;angles;areas,Оценка и конструкция,automatic,,,False,archive/vsosh/municipal/2023-2024/orenb/70c35382680dad_tasks-math-10-mun-orenb-23-24.pdf,1,https://tasks.olimpiada.ru/upload/files/tasks/72/2023/tasks-math-10-mun-orenb-23-24.pdf
M-2023-2024-orenb-10.3,vsosh,municipal,2023,2023/2024,Оренбургская область,,,3,unclassified,,Смешанный вопрос,automatic,,,False,archive/vsosh/municipal/2023-2024/orenb/70c35382680dad_tasks-math-10-mun-orenb-23-24.pdf,1,https://tasks.olimpiada.ru/upload/files/tasks/72/2023/tasks-math-10-mun-orenb-23-24.pdf
M-2023-2024-orenb-10.4,vsosh,municipal,2023,2023/2024,Оренбургская область,,,4,unclassified,extremal,Оценка и конструкция,automatic,,,False,archive/vsosh/municipal/2023-2024/orenb/70c35382680dad_tasks-math-10-mun-orenb-23-24.pdf,1,https://tasks.olimpiada.ru/upload/files/tasks/72/2023/tasks-math-10-mun-orenb-23-24.pdf
M-2023-2024-orenb-10.5,vsosh,municipal,2023,2023/2024,Оренбургская область,,,5,number_theory;algebra,,Смешанный вопрос,automatic,,,False,archive/vsosh/municipal/2023-2024/orenb/70c35382680dad_tasks-math-10-mun-orenb-23-24.pdf,1,https://tasks.olimpiada.ru/upload/files/tasks/72/2023/tasks-math-10-mun-orenb-23-24.pdf
M-2023-2024-orl-10.1,vsosh,municipal,2023,2023/2024,Орловская область,,,1,number_theory;combinatorics,extremal;modular,Оценка и конструкция,automatic,,,False,archive/vsosh/municipal/2023-2024/orl/b382782f3f864a_tasks-math-10-mun-orl-23-24.pdf,1,https://tasks.olimpiada.ru/upload/files/tasks/72/2023/tasks-math-10-mun-orl-23-24.pdf
M-2023-2024-orl-10.2,vsosh,municipal,2023,2023/2024,Орловская область,,,2,algebra,,Вычисление,automatic,,,False,archive/vsosh/municipal/2023-2024/orl/b382782f3f864a_tasks-math-10-mun-orl-23-24.pdf,1,https://tasks.olimpiada.ru/upload/files/tasks/72/2023/tasks-math-10-mun-orl-23-24.pdf
M-2023-2024-orl-10.3,vsosh,municipal,2023,2023/2024,Орловская область,,,3,geometry;combinatorics;algebra,angles,Вычисление,automatic,,,False,archive/vsosh/municipal/2023-2024/orl/b382782f3f864a_tasks-math-10-mun-orl-23-24.pdf,1,https://tasks.olimpiada.ru/upload/files/tasks/72/2023/tasks-math-10-mun-orl-23-24.pdf
M-2023-2024-orl-10.4,vsosh,municipal,2023,2023/2024,Орловская область,,,4,number_theory;algebra,recurrence,Смешанный вопрос,automatic,,,False,archive/vsosh/municipal/2023-2024/orl/b382782f3f864a_tasks-math-10-mun-orl-23-24.pdf,1,https://tasks.olimpiada.ru/upload/files/tasks/72/2023/tasks-math-10-mun-orl-23-24.pdf
M-2023-2024-orl-10.5,vsosh,municipal,2023,2023/2024,Орловская область,,,5,combinatorics;algebra,,Существование или невозможность,automatic,,,False,archive/vsosh/municipal/2023-2024/orl/b382782f3f864a_tasks-math-10-mun-orl-23-24.pdf,1,https://tasks.olimpiada.ru/upload/files/tasks/72/2023/tasks-math-10-mun-orl-23-24.pdf
M-2023-2024-perm-10.1,vsosh,municipal,2023,2023/2024,Пермский край,,,1,geometry;algebra,angles,Смешанный вопрос,automatic,,,False,archive/vsosh/municipal/2023-2024/perm/b56a87947456f2_tasks-math-10-mun-perm-23-24.pdf,1,https://tasks.olimpiada.ru/upload/files/tasks/72/2023/tasks-math-10-mun-perm-23-24.pdf
M-2023-2024-perm-10.2,vsosh,municipal,2023,2023/2024,Пермский край,,,2,number_theory,,Найти все,automatic,,,False,archive/vsosh/municipal/2023-2024/perm/b56a87947456f2_tasks-math-10-mun-perm-23-24.pdf,1,https://tasks.olimpiada.ru/upload/files/tasks/72/2023/tasks-math-10-mun-perm-23-24.pdf
M-2023-2024-perm-10.3,vsosh,municipal,2023,2023/2024,Пермский край,,,3,geometry,,Доказательство,automatic,,,False,archive/vsosh/municipal/2023-2024/perm/b56a87947456f2_tasks-math-10-mun-perm-23-24.pdf,1,https://tasks.olimpiada.ru/upload/files/tasks/72/2023/tasks-math-10-mun-perm-23-24.pdf
M-2023-2024-perm-10.4,vsosh,municipal,2023,2023/2024,Пермский край,,,4,number_theory;algebra,,Смешанный вопрос,automatic,,,False,archive/vsosh/municipal/2023-2024/perm/b56a87947456f2_tasks-math-10-mun-perm-23-24.pdf,1,https://tasks.olimpiada.ru/upload/files/tasks/72/2023/tasks-math-10-mun-perm-23-24.pdf
M-2023-2024-perm-10.5,vsosh,municipal,2023,2023/2024,Пермский край,,,5,combinatorics,extremal,Оценка и конструкция,automatic,,,False,archive/vsosh/municipal/2023-2024/perm/b56a87947456f2_tasks-math-10-mun-perm-23-24.pdf,1,https://tasks.olimpiada.ru/upload/files/tasks/72/2023/tasks-math-10-mun-perm-23-24.pdf
M-2023-2024-rostov-10.1,vsosh,municipal,2023,2023/2024,Ростовская область,,,1,number_theory;algebra,,Вычисление,automatic,,,False,archive/vsosh/municipal/2023-2024/rostov/956310b4c45375_tasks-math-10-mun-rostov-23-24.pdf,1,https://tasks.olimpiada.ru/upload/files/tasks/72/2023/tasks-math-10-mun-rostov-23-24.pdf
M-2023-2024-rostov-10.2,vsosh,municipal,2023,2023/2024,Ростовская область,,,2,combinatorics;algebra,graphs,Доказательство,automatic,,,False,archive/vsosh/municipal/2023-2024/rostov/956310b4c45375_tasks-math-10-mun-rostov-23-24.pdf,1,https://tasks.olimpiada.ru/upload/files/tasks/72/2023/tasks-math-10-mun-rostov-23-24.pdf
M-2023-2024-rostov-10.3,vsosh,municipal,2023,2023/2024,Ростовская область,,,3,number_theory,,Смешанный вопрос,automatic,,,False,archive/vsosh/municipal/2023-2024/rostov/956310b4c45375_tasks-math-10-mun-rostov-23-24.pdf,1,https://tasks.olimpiada.ru/upload/files/tasks/72/2023/tasks-math-10-mun-rostov-23-24.pdf
M-2023-2024-rostov-10.4,vsosh,municipal,2023,2023/2024,Ростовская область,,,4,geometry,angles;areas,Вычисление,automatic,,,False,archive/vsosh/municipal/2023-2024/rostov/956310b4c45375_tasks-math-10-mun-rostov-23-24.pdf,1,https://tasks.olimpiada.ru/upload/files/tasks/72/2023/tasks-math-10-mun-rostov-23-24.pdf
M-2023-2024-rostov-10.5,vsosh,municipal,2023,2023/2024,Ростовская область,,,5,algebra,,Найти все,automatic,,,False,archive/vsosh/municipal/2023-2024/rostov/956310b4c45375_tasks-math-10-mun-rostov-23-24.pdf,1,https://tasks.olimpiada.ru/upload/files/tasks/72/2023/tasks-math-10-mun-rostov-23-24.pdf
M-2023-2024-spb-10.1,vsosh,municipal,2023,2023/2024,Санкт-Петербург,,,1,number_theory,extremal,Доказательство,automatic,,,False,archive/vsosh/municipal/2023-2024/spb/b771649066b87a_tasks-math-10-mun-spb-23-24.pdf,1,https://tasks.olimpiada.ru/upload/files/tasks/72/2023/tasks-math-10-mun-spb-23-24.pdf
M-2023-2024-spb-10.2,vsosh,municipal,2023,2023/2024,Санкт-Петербург,,,2,geometry,angles,Доказательство,automatic,,,False,archive/vsosh/municipal/2023-2024/spb/b771649066b87a_tasks-math-10-mun-spb-23-24.pdf,1,https://tasks.olimpiada.ru/upload/files/tasks/72/2023/tasks-math-10-mun-spb-23-24.pdf
M-2023-2024-spb-10.3,vsosh,municipal,2023,2023/2024,Санкт-Петербург,,,3,combinatorics;algebra,extremal;polynomials,Оценка и конструкция,automatic,,,False,archive/vsosh/municipal/2023-2024/spb/b771649066b87a_tasks-math-10-mun-spb-23-24.pdf,1,https://tasks.olimpiada.ru/upload/files/tasks/72/2023/tasks-math-10-mun-spb-23-24.pdf
M-2023-2024-spb-10.4,vsosh,municipal,2023,2023/2024,Санкт-Петербург,,,4,number_theory;combinatorics,extremal,Игра или стратегия,automatic,,,False,archive/vsosh/municipal/2023-2024/spb/b771649066b87a_tasks-math-10-mun-spb-23-24.pdf,1,https://tasks.olimpiada.ru/upload/files/tasks/72/2023/tasks-math-10-mun-spb-23-24.pdf
M-2023-2024-spb-10.5,vsosh,municipal,2023,2023/2024,Санкт-Петербург,,,5,number_theory;algebra,extremal,Оценка и конструкция,automatic,,,False,archive/vsosh/municipal/2023-2024/spb/b771649066b87a_tasks-math-10-mun-spb-23-24.pdf,1,https://tasks.olimpiada.ru/upload/files/tasks/72/2023/tasks-math-10-mun-spb-23-24.pdf
M-2023-2024-sverd-10.1,vsosh,municipal,2023,2023/2024,Свердловская область,,,1,unclassified,,Подсчёт,automatic,,,False,archive/vsosh/municipal/2023-2024/sverd/774a33a47fa32b_tasks-math-10-mun-sverd-23-24.pdf,1,https://tasks.olimpiada.ru/upload/files/tasks/72/2023/tasks-math-10-mun-sverd-23-24.pdf
M-2023-2024-sverd-10.2,vsosh,municipal,2023,2023/2024,Свердловская область,,,2,geometry,angles;areas,Доказательство,automatic,,,False,archive/vsosh/municipal/2023-2024/sverd/774a33a47fa32b_tasks-math-10-mun-sverd-23-24.pdf,2,https://tasks.olimpiada.ru/upload/files/tasks/72/2023/tasks-math-10-mun-sverd-23-24.pdf
M-2023-2024-sverd-10.3,vsosh,municipal,2023,2023/2024,Свердловская область,,,3,algebra,,Существование или невозможность,automatic,,,False,archive/vsosh/municipal/2023-2024/sverd/774a33a47fa32b_tasks-math-10-mun-sverd-23-24.pdf,2,https://tasks.olimpiada.ru/upload/files/tasks/72/2023/tasks-math-10-mun-sverd-23-24.pdf
M-2023-2024-sverd-10.4,vsosh,municipal,2023,2023/2024,Свердловская область,,,4,number_theory;algebra,,Доказательство,automatic,,,False,archive/vsosh/municipal/2023-2024/sverd/774a33a47fa32b_tasks-math-10-mun-sverd-23-24.pdf,2,https://tasks.olimpiada.ru/upload/files/tasks/72/2023/tasks-math-10-mun-sverd-23-24.pdf
M-2023-2024-sverd-10.5,vsosh,municipal,2023,2023/2024,Свердловская область,,,5,algebra,,Подсчёт,automatic,,,False,archive/vsosh/municipal/2023-2024/sverd/774a33a47fa32b_tasks-math-10-mun-sverd-23-24.pdf,2,https://tasks.olimpiada.ru/upload/files/tasks/72/2023/tasks-math-10-mun-sverd-23-24.pdf
M-2023-2024-sverd-10.6,vsosh,municipal,2023,2023/2024,Свердловская область,,,6,combinatorics,,Существование или невозможность,automatic,,,False,archive/vsosh/municipal/2023-2024/sverd/774a33a47fa32b_tasks-math-10-mun-sverd-23-24.pdf,2,https://tasks.olimpiada.ru/upload/files/tasks/72/2023/tasks-math-10-mun-sverd-23-24.pdf
M-2023-2024-tat-10.1,vsosh,municipal,2023,2023/2024,Республика Татарстан,,,1,number_theory;algebra,,Вычисление,automatic,,,False,archive/vsosh/municipal/2023-2024/tat/b695474f5a65f2_tasks-math-10-mun-tat-23-24.pdf,1,https://tasks.olimpiada.ru/upload/files/tasks/72/2023/tasks-math-10-mun-tat-23-24.pdf
M-2023-2024-tat-10.2,vsosh,municipal,2023,2023/2024,Республика Татарстан,,,2,algebra,,Смешанный вопрос,automatic,,,False,archive/vsosh/municipal/2023-2024/tat/b695474f5a65f2_tasks-math-10-mun-tat-23-24.pdf,1,https://tasks.olimpiada.ru/upload/files/tasks/72/2023/tasks-math-10-mun-tat-23-24.pdf
M-2023-2024-tat-10.3,vsosh,municipal,2023,2023/2024,Республика Татарстан,,,3,combinatorics,extremal,Оценка и конструкция,automatic,,,False,archive/vsosh/municipal/2023-2024/tat/b695474f5a65f2_tasks-math-10-mun-tat-23-24.pdf,1,https://tasks.olimpiada.ru/upload/files/tasks/72/2023/tasks-math-10-mun-tat-23-24.pdf
M-2023-2024-tat-10.4,vsosh,municipal,2023,2023/2024,Республика Татарстан,,,4,geometry,angles;bijection,Вычисление,automatic,,,False,archive/vsosh/municipal/2023-2024/tat/b695474f5a65f2_tasks-math-10-mun-tat-23-24.pdf,1,https://tasks.olimpiada.ru/upload/files/tasks/72/2023/tasks-math-10-mun-tat-23-24.pdf
M-2023-2024-tat-10.5,vsosh,municipal,2023,2023/2024,Республика Татарстан,,,5,combinatorics;algebra,extremal,Оценка и конструкция,automatic,,,False,archive/vsosh/municipal/2023-2024/tat/b695474f5a65f2_tasks-math-10-mun-tat-23-24.pdf,1,https://tasks.olimpiada.ru/upload/files/tasks/72/2023/tasks-math-10-mun-tat-23-24.pdf
M-2023-2024-tula-10.1,vsosh,municipal,2023,2023/2024,Тульская область,,,1,unclassified,,Существование или невозможность,automatic,,,False,archive/vsosh/municipal/2023-2024/tula/69c8fa84921b10_tasks-math-10-mun-tula-23-24.pdf,1,https://tasks.olimpiada.ru/upload/files/tasks/72/2023/tasks-math-10-mun-tula-23-24.pdf
M-2023-2024-tula-10.2,vsosh,municipal,2023,2023/2024,Тульская область,,,2,algebra,extremal,Оценка и конструкция,automatic,,,False,archive/vsosh/municipal/2023-2024/tula/69c8fa84921b10_tasks-math-10-mun-tula-23-24.pdf,1,https://tasks.olimpiada.ru/upload/files/tasks/72/2023/tasks-math-10-mun-tula-23-24.pdf
M-2023-2024-tula-10.3,vsosh,municipal,2023,2023/2024,Тульская область,,,3,unclassified,extremal,Оценка и конструкция,automatic,,,False,archive/vsosh/municipal/2023-2024/tula/69c8fa84921b10_tasks-math-10-mun-tula-23-24.pdf,1,https://tasks.olimpiada.ru/upload/files/tasks/72/2023/tasks-math-10-mun-tula-23-24.pdf
M-2023-2024-tula-10.4,vsosh,municipal,2023,2023/2024,Тульская область,,,4,number_theory;algebra,,Подсчёт,automatic,,,False,archive/vsosh/municipal/2023-2024/tula/69c8fa84921b10_tasks-math-10-mun-tula-23-24.pdf,1,https://tasks.olimpiada.ru/upload/files/tasks/72/2023/tasks-math-10-mun-tula-23-24.pdf
M-2023-2024-tula-10.5,vsosh,municipal,2023,2023/2024,Тульская область,,,5,geometry,bounds;angles;areas,Доказательство,automatic,,,False,archive/vsosh/municipal/2023-2024/tula/69c8fa84921b10_tasks-math-10-mun-tula-23-24.pdf,1,https://tasks.olimpiada.ru/upload/files/tasks/72/2023/tasks-math-10-mun-tula-23-24.pdf
M-2023-2024-udmurt-10.1,vsosh,municipal,2023,2023/2024,Удмуртская Республика,,,1,number_theory;algebra,,Смешанный вопрос,automatic,,,False,archive/vsosh/municipal/2023-2024/udmurt/df56c69b17ec76_tasks-math-10-mun-udmurt-23-24.pdf,1,https://tasks.olimpiada.ru/upload/files/tasks/72/2023/tasks-math-10-mun-udmurt-23-24.pdf
M-2023-2024-udmurt-10.2,vsosh,municipal,2023,2023/2024,Удмуртская Республика,,,2,algebra,extremal,Оценка и конструкция,automatic,,,False,archive/vsosh/municipal/2023-2024/udmurt/df56c69b17ec76_tasks-math-10-mun-udmurt-23-24.pdf,1,https://tasks.olimpiada.ru/upload/files/tasks/72/2023/tasks-math-10-mun-udmurt-23-24.pdf
M-2023-2024-udmurt-10.3,vsosh,municipal,2023,2023/2024,Удмуртская Республика,,,3,geometry;combinatorics,angles,Доказательство,automatic,,,False,archive/vsosh/municipal/2023-2024/udmurt/df56c69b17ec76_tasks-math-10-mun-udmurt-23-24.pdf,1,https://tasks.olimpiada.ru/upload/files/tasks/72/2023/tasks-math-10-mun-udmurt-23-24.pdf
M-2023-2024-udmurt-10.4,vsosh,municipal,2023,2023/2024,Удмуртская Республика,,,4,number_theory;combinatorics,modular,Подсчёт,automatic,,,False,archive/vsosh/municipal/2023-2024/udmurt/df56c69b17ec76_tasks-math-10-mun-udmurt-23-24.pdf,1,https://tasks.olimpiada.ru/upload/files/tasks/72/2023/tasks-math-10-mun-udmurt-23-24.pdf
M-2023-2024-udmurt-10.5,vsosh,municipal,2023,2023/2024,Удмуртская Республика,,,5,number_theory,,Существование или невозможность,automatic,,,False,archive/vsosh/municipal/2023-2024/udmurt/df56c69b17ec76_tasks-math-10-mun-udmurt-23-24.pdf,1,https://tasks.olimpiada.ru/upload/files/tasks/72/2023/tasks-math-10-mun-udmurt-23-24.pdf
M-2023-2024-vladimir-10.1,vsosh,municipal,2023,2023/2024,Владимирская область,,,1,algebra,,Найти все,automatic,,,False,archive/vsosh/municipal/2023-2024/vladimir/ab483a6960a459_tasks-math-10-mun-vladimir-23-24.pdf,1,https://tasks.olimpiada.ru/upload/files/tasks/72/2023/tasks-math-10-mun-vladimir-23-24.pdf
M-2023-2024-vladimir-10.2,vsosh,municipal,2023,2023/2024,Владимирская область,,,2,algebra,substitution;polynomials,Доказательство,automatic,,,False,archive/vsosh/municipal/2023-2024/vladimir/ab483a6960a459_tasks-math-10-mun-vladimir-23-24.pdf,1,https://tasks.olimpiada.ru/upload/files/tasks/72/2023/tasks-math-10-mun-vladimir-23-24.pdf
M-2023-2024-vladimir-10.3,vsosh,municipal,2023,2023/2024,Владимирская область,,,3,geometry,angles;bijection,Доказательство,automatic,,,False,archive/vsosh/municipal/2023-2024/vladimir/ab483a6960a459_tasks-math-10-mun-vladimir-23-24.pdf,1,https://tasks.olimpiada.ru/upload/files/tasks/72/2023/tasks-math-10-mun-vladimir-23-24.pdf
M-2023-2024-vladimir-10.4,vsosh,municipal,2023,2023/2024,Владимирская область,,,4,geometry;combinatorics;algebra,angles,Доказательство,automatic,,,False,archive/vsosh/municipal/2023-2024/vladimir/ab483a6960a459_tasks-math-10-mun-vladimir-23-24.pdf,1,https://tasks.olimpiada.ru/upload/files/tasks/72/2023/tasks-math-10-mun-vladimir-23-24.pdf
M-2023-2024-vladimir-10.5,vsosh,municipal,2023,2023/2024,Владимирская область,,,5,combinatorics,,Подсчёт,automatic,,,False,archive/vsosh/municipal/2023-2024/vladimir/ab483a6960a459_tasks-math-10-mun-vladimir-23-24.pdf,1,https://tasks.olimpiada.ru/upload/files/tasks/72/2023/tasks-math-10-mun-vladimir-23-24.pdf
M-2023-2024-vologda-10.1,vsosh,municipal,2023,2023/2024,Вологодская область,,,1,combinatorics;algebra,,Смешанный вопрос,automatic,,,False,archive/vsosh/municipal/2023-2024/vologda/e3a1f1656cafe6_tasks-math-10-mun-vologda-23-24.pdf,1,https://tasks.olimpiada.ru/upload/files/tasks/74/2023/tasks-math-10-mun-vologda-23-24.pdf
M-2023-2024-vologda-10.2,vsosh,municipal,2023,2023/2024,Вологодская область,,,2,number_theory;combinatorics,,Смешанный вопрос,automatic,,,False,archive/vsosh/municipal/2023-2024/vologda/e3a1f1656cafe6_tasks-math-10-mun-vologda-23-24.pdf,1,https://tasks.olimpiada.ru/upload/files/tasks/74/2023/tasks-math-10-mun-vologda-23-24.pdf
M-2023-2024-vologda-10.3,vsosh,municipal,2023,2023/2024,Вологодская область,,,3,geometry,angles,Существование или невозможность,automatic,,,False,archive/vsosh/municipal/2023-2024/vologda/e3a1f1656cafe6_tasks-math-10-mun-vologda-23-24.pdf,1,https://tasks.olimpiada.ru/upload/files/tasks/74/2023/tasks-math-10-mun-vologda-23-24.pdf
M-2023-2024-vologda-10.4,vsosh,municipal,2023,2023/2024,Вологодская область,,,4,combinatorics,,Подсчёт,automatic,,,False,archive/vsosh/municipal/2023-2024/vologda/e3a1f1656cafe6_tasks-math-10-mun-vologda-23-24.pdf,1,https://tasks.olimpiada.ru/upload/files/tasks/74/2023/tasks-math-10-mun-vologda-23-24.pdf
M-2023-2024-vologda-10.5,vsosh,municipal,2023,2023/2024,Вологодская область,,,5,geometry;combinatorics,angles;symmetry,Смешанный вопрос,automatic,,,False,archive/vsosh/municipal/2023-2024/vologda/e3a1f1656cafe6_tasks-math-10-mun-vologda-23-24.pdf,1,https://tasks.olimpiada.ru/upload/files/tasks/74/2023/tasks-math-10-mun-vologda-23-24.pdf
M-2022-2023-amur-10.1,vsosh,municipal,2022,2022/2023,Амурская область,,,1,combinatorics,parity,Смешанный вопрос,automatic,,,False,archive/vsosh/municipal/2022-2023/amur/51dd3d25887595_tasks-math-10-mun-amur-22-23.pdf,2,https://tasks.olimpiada.ru/upload/files/tasks/72/2022/tasks-math-10-mun-amur-22-23.pdf
M-2022-2023-amur-10.2,vsosh,municipal,2022,2022/2023,Амурская область,,,2,unclassified,,Доказательство,automatic,,,False,archive/vsosh/municipal/2022-2023/amur/51dd3d25887595_tasks-math-10-mun-amur-22-23.pdf,2,https://tasks.olimpiada.ru/upload/files/tasks/72/2022/tasks-math-10-mun-amur-22-23.pdf
M-2022-2023-amur-10.3,vsosh,municipal,2022,2022/2023,Амурская область,,,3,geometry,angles,Подсчёт,automatic,,,False,archive/vsosh/municipal/2022-2023/amur/51dd3d25887595_tasks-math-10-mun-amur-22-23.pdf,2,https://tasks.olimpiada.ru/upload/files/tasks/72/2022/tasks-math-10-mun-amur-22-23.pdf
M-2022-2023-amur-10.4,vsosh,municipal,2022,2022/2023,Амурская область,,,4,geometry,areas,Доказательство,automatic,,,False,archive/vsosh/municipal/2022-2023/amur/51dd3d25887595_tasks-math-10-mun-amur-22-23.pdf,2,https://tasks.olimpiada.ru/upload/files/tasks/72/2022/tasks-math-10-mun-amur-22-23.pdf
M-2022-2023-amur-10.5,vsosh,municipal,2022,2022/2023,Амурская область,,,5,algebra,,Смешанный вопрос,automatic,,,False,archive/vsosh/municipal/2022-2023/amur/51dd3d25887595_tasks-math-10-mun-amur-22-23.pdf,2,https://tasks.olimpiada.ru/upload/files/tasks/72/2022/tasks-math-10-mun-amur-22-23.pdf
M-2022-2023-arh-10.1,vsosh,municipal,2022,2022/2023,Архангельская область,,,1,number_theory;algebra,,Вычисление,automatic,,,False,archive/vsosh/municipal/2022-2023/arh/8770e453e1afef_tasks-math-10-mun-arh-22-23.pdf,1,https://tasks.olimpiada.ru/upload/files/tasks/72/2022/tasks-math-10-mun-arh-22-23.pdf
M-2022-2023-arh-10.2,vsosh,municipal,2022,2022/2023,Архангельская область,,,2,combinatorics;algebra,,Смешанный вопрос,automatic,,,False,archive/vsosh/municipal/2022-2023/arh/8770e453e1afef_tasks-math-10-mun-arh-22-23.pdf,1,https://tasks.olimpiada.ru/upload/files/tasks/72/2022/tasks-math-10-mun-arh-22-23.pdf
M-2022-2023-arh-10.3,vsosh,municipal,2022,2022/2023,Архангельская область,,,3,algebra,,Смешанный вопрос,automatic,,,False,archive/vsosh/municipal/2022-2023/arh/8770e453e1afef_tasks-math-10-mun-arh-22-23.pdf,1,https://tasks.olimpiada.ru/upload/files/tasks/72/2022/tasks-math-10-mun-arh-22-23.pdf
M-2022-2023-arh-10.4,vsosh,municipal,2022,2022/2023,Архангельская область,,,4,geometry,angles;areas,Вычисление,automatic,,,False,archive/vsosh/municipal/2022-2023/arh/8770e453e1afef_tasks-math-10-mun-arh-22-23.pdf,1,https://tasks.olimpiada.ru/upload/files/tasks/72/2022/tasks-math-10-mun-arh-22-23.pdf
M-2022-2023-arh-10.5,vsosh,municipal,2022,2022/2023,Архангельская область,,,5,combinatorics,extremal,Оценка и конструкция,automatic,,,False,archive/vsosh/municipal/2022-2023/arh/8770e453e1afef_tasks-math-10-mun-arh-22-23.pdf,1,https://tasks.olimpiada.ru/upload/files/tasks/72/2022/tasks-math-10-mun-arh-22-23.pdf
M-2022-2023-bash-10.1,vsosh,municipal,2022,2022/2023,Республика Башкортостан,,,1,geometry;combinatorics,construction;angles,Подсчёт,automatic,,,False,archive/vsosh/municipal/2022-2023/bash/ba44b4e84edc99_tasks-math-10-mun-bash-22-23.pdf,1,https://tasks.olimpiada.ru/upload/files/tasks/72/2022/tasks-math-10-mun-bash-22-23.pdf
M-2022-2023-bash-10.2,vsosh,municipal,2022,2022/2023,Республика Башкортостан,,,2,geometry;algebra,angles,Доказательство,automatic,,,False,archive/vsosh/municipal/2022-2023/bash/ba44b4e84edc99_tasks-math-10-mun-bash-22-23.pdf,1,https://tasks.olimpiada.ru/upload/files/tasks/72/2022/tasks-math-10-mun-bash-22-23.pdf
M-2022-2023-bash-10.3,vsosh,municipal,2022,2022/2023,Республика Башкортостан,,,3,number_theory;combinatorics;algebra,recurrence,Смешанный вопрос,automatic,,,False,archive/vsosh/municipal/2022-2023/bash/ba44b4e84edc99_tasks-math-10-mun-bash-22-23.pdf,1,https://tasks.olimpiada.ru/upload/files/tasks/72/2022/tasks-math-10-mun-bash-22-23.pdf
M-2022-2023-bash-10.4,vsosh,municipal,2022,2022/2023,Республика Башкортостан,,,4,geometry,angles,Вычисление,automatic,,,False,archive/vsosh/municipal/2022-2023/bash/ba44b4e84edc99_tasks-math-10-mun-bash-22-23.pdf,1,https://tasks.olimpiada.ru/upload/files/tasks/72/2022/tasks-math-10-mun-bash-22-23.pdf
M-2022-2023-bash-10.5,vsosh,municipal,2022,2022/2023,Республика Башкортостан,,,5,geometry;combinatorics,angles,Смешанный вопрос,automatic,,,False,archive/vsosh/municipal/2022-2023/bash/ba44b4e84edc99_tasks-math-10-mun-bash-22-23.pdf,1,https://tasks.olimpiada.ru/upload/files/tasks/72/2022/tasks-math-10-mun-bash-22-23.pdf
M-2022-2023-bash-10.6,vsosh,municipal,2022,2022/2023,Республика Башкортостан,,,6,algebra,,Вычисление,automatic,,,False,archive/vsosh/municipal/2022-2023/bash/ba44b4e84edc99_tasks-math-10-mun-bash-22-23.pdf,1,https://tasks.olimpiada.ru/upload/files/tasks/72/2022/tasks-math-10-mun-bash-22-23.pdf
M-2022-2023-bryansk-10.1,vsosh,municipal,2022,2022/2023,Брянская область,,,1,algebra,,Смешанный вопрос,automatic,,,False,archive/vsosh/municipal/2022-2023/bryansk/b0af63a9f424a5_tasks-math-10-mun-bryansk-22-23.pdf,1,https://tasks.olimpiada.ru/upload/files/tasks/72/2022/tasks-math-10-mun-bryansk-22-23.pdf
M-2022-2023-bryansk-10.2,vsosh,municipal,2022,2022/2023,Брянская область,,,2,geometry,angles,Вычисление,automatic,,,False,archive/vsosh/municipal/2022-2023/bryansk/b0af63a9f424a5_tasks-math-10-mun-bryansk-22-23.pdf,1,https://tasks.olimpiada.ru/upload/files/tasks/72/2022/tasks-math-10-mun-bryansk-22-23.pdf
M-2022-2023-bryansk-10.3,vsosh,municipal,2022,2022/2023,Брянская область,,,3,combinatorics,,Подсчёт,automatic,,,False,archive/vsosh/municipal/2022-2023/bryansk/b0af63a9f424a5_tasks-math-10-mun-bryansk-22-23.pdf,1,https://tasks.olimpiada.ru/upload/files/tasks/72/2022/tasks-math-10-mun-bryansk-22-23.pdf
M-2022-2023-bryansk-10.4,vsosh,municipal,2022,2022/2023,Брянская область,,,4,number_theory;algebra,construction;bijection,Найти все,automatic,,,False,archive/vsosh/municipal/2022-2023/bryansk/b0af63a9f424a5_tasks-math-10-mun-bryansk-22-23.pdf,1,https://tasks.olimpiada.ru/upload/files/tasks/72/2022/tasks-math-10-mun-bryansk-22-23.pdf
M-2022-2023-bryansk-10.5,vsosh,municipal,2022,2022/2023,Брянская область,,,5,combinatorics;algebra,,Доказательство,automatic,,,False,archive/vsosh/municipal/2022-2023/bryansk/b0af63a9f424a5_tasks-math-10-mun-bryansk-22-23.pdf,1,https://tasks.olimpiada.ru/upload/files/tasks/72/2022/tasks-math-10-mun-bryansk-22-23.pdf
M-2022-2023-kalug-10.1,vsosh,municipal,2022,2022/2023,Калужская область,,,1,unclassified,,Существование или невозможность,automatic,,,False,archive/vsosh/municipal/2022-2023/kalug/fc7c5e58402792_tasks-math-10-mun-kalug-22-23.pdf,1,https://tasks.olimpiada.ru/upload/files/tasks/72/2022/tasks-math-10-mun-kalug-22-23.pdf
M-2022-2023-kalug-10.2,vsosh,municipal,2022,2022/2023,Калужская область,,,2,geometry;combinatorics,angles,Вычисление,automatic,,,False,archive/vsosh/municipal/2022-2023/kalug/fc7c5e58402792_tasks-math-10-mun-kalug-22-23.pdf,1,https://tasks.olimpiada.ru/upload/files/tasks/72/2022/tasks-math-10-mun-kalug-22-23.pdf
M-2022-2023-kalug-10.3,vsosh,municipal,2022,2022/2023,Калужская область,,,3,unclassified,,Подсчёт,automatic,,,False,archive/vsosh/municipal/2022-2023/kalug/fc7c5e58402792_tasks-math-10-mun-kalug-22-23.pdf,1,https://tasks.olimpiada.ru/upload/files/tasks/72/2022/tasks-math-10-mun-kalug-22-23.pdf
M-2022-2023-kalug-10.4,vsosh,municipal,2022,2022/2023,Калужская область,,,4,algebra,,Подсчёт,automatic,,,False,archive/vsosh/municipal/2022-2023/kalug/fc7c5e58402792_tasks-math-10-mun-kalug-22-23.pdf,1,https://tasks.olimpiada.ru/upload/files/tasks/72/2022/tasks-math-10-mun-kalug-22-23.pdf
M-2022-2023-kalug-10.5,vsosh,municipal,2022,2022/2023,Калужская область,,,5,number_theory;algebra,,Смешанный вопрос,automatic,,,False,archive/vsosh/municipal/2022-2023/kalug/fc7c5e58402792_tasks-math-10-mun-kalug-22-23.pdf,1,https://tasks.olimpiada.ru/upload/files/tasks/72/2022/tasks-math-10-mun-kalug-22-23.pdf
M-2022-2023-kamchat-10.1,vsosh,municipal,2022,2022/2023,Камчатский край,,,1,unclassified,parity;monovariant,Существование или невозможность,automatic,,,False,archive/vsosh/municipal/2022-2023/kamchat/6f3db678b4c9c8_tasks-math-10-mun-kamchat-22-23.pdf,1,https://tasks.olimpiada.ru/upload/files/tasks/72/2022/tasks-math-10-mun-kamchat-22-23.pdf
M-2022-2023-kamchat-10.2,vsosh,municipal,2022,2022/2023,Камчатский край,,,2,unclassified,,Доказательство,automatic,,,False,archive/vsosh/municipal/2022-2023/kamchat/6f3db678b4c9c8_tasks-math-10-mun-kamchat-22-23.pdf,1,https://tasks.olimpiada.ru/upload/files/tasks/72/2022/tasks-math-10-mun-kamchat-22-23.pdf
M-2022-2023-kamchat-10.3,vsosh,municipal,2022,2022/2023,Камчатский край,,,3,number_theory;algebra,bounds;modular,Найти все,automatic,,,False,archive/vsosh/municipal/2022-2023/kamchat/6f3db678b4c9c8_tasks-math-10-mun-kamchat-22-23.pdf,1,https://tasks.olimpiada.ru/upload/files/tasks/72/2022/tasks-math-10-mun-kamchat-22-23.pdf
M-2022-2023-kamchat-10.4,vsosh,municipal,2022,2022/2023,Камчатский край,,,4,geometry,angles;areas;bijection,Вычисление,automatic,,,False,archive/vsosh/municipal/2022-2023/kamchat/6f3db678b4c9c8_tasks-math-10-mun-kamchat-22-23.pdf,1,https://tasks.olimpiada.ru/upload/files/tasks/72/2022/tasks-math-10-mun-kamchat-22-23.pdf
M-2022-2023-kamchat-10.5,vsosh,municipal,2022,2022/2023,Камчатский край,,,5,number_theory,extremal;gcd,Оценка и конструкция,automatic,,,False,archive/vsosh/municipal/2022-2023/kamchat/6f3db678b4c9c8_tasks-math-10-mun-kamchat-22-23.pdf,1,https://tasks.olimpiada.ru/upload/files/tasks/72/2022/tasks-math-10-mun-kamchat-22-23.pdf
M-2022-2023-kirov-10.1,vsosh,municipal,2022,2022/2023,Кировская область,,,1,unclassified,,Смешанный вопрос,automatic,,,False,archive/vsosh/municipal/2022-2023/kirov/fa6b206e0c1f78_tasks-math-10-mun-kirov-22-23.pdf,1,https://tasks.olimpiada.ru/upload/files/tasks/72/2022/tasks-math-10-mun-kirov-22-23.pdf
M-2022-2023-kirov-10.2,vsosh,municipal,2022,2022/2023,Кировская область,,,2,combinatorics;algebra,,Смешанный вопрос,automatic,,,False,archive/vsosh/municipal/2022-2023/kirov/fa6b206e0c1f78_tasks-math-10-mun-kirov-22-23.pdf,1,https://tasks.olimpiada.ru/upload/files/tasks/72/2022/tasks-math-10-mun-kirov-22-23.pdf
M-2022-2023-kirov-10.3,vsosh,municipal,2022,2022/2023,Кировская область,,,3,algebra,,Доказательство,automatic,,,False,archive/vsosh/municipal/2022-2023/kirov/fa6b206e0c1f78_tasks-math-10-mun-kirov-22-23.pdf,1,https://tasks.olimpiada.ru/upload/files/tasks/72/2022/tasks-math-10-mun-kirov-22-23.pdf
M-2022-2023-kirov-10.4,vsosh,municipal,2022,2022/2023,Кировская область,,,4,geometry,angles,Доказательство,automatic,,,False,archive/vsosh/municipal/2022-2023/kirov/fa6b206e0c1f78_tasks-math-10-mun-kirov-22-23.pdf,1,https://tasks.olimpiada.ru/upload/files/tasks/72/2022/tasks-math-10-mun-kirov-22-23.pdf
M-2022-2023-kirov-10.5,vsosh,municipal,2022,2022/2023,Кировская область,,,5,combinatorics,,Существование или невозможность,automatic,,,False,archive/vsosh/municipal/2022-2023/kirov/fa6b206e0c1f78_tasks-math-10-mun-kirov-22-23.pdf,1,https://tasks.olimpiada.ru/upload/files/tasks/72/2022/tasks-math-10-mun-kirov-22-23.pdf
M-2022-2023-kirov-10.6,vsosh,municipal,2022,2022/2023,Кировская область,,,6,geometry;number_theory;combinatorics;algebra,,Смешанный вопрос,automatic,,,False,archive/vsosh/municipal/2022-2023/kirov/fa6b206e0c1f78_tasks-math-10-mun-kirov-22-23.pdf,1,https://tasks.olimpiada.ru/upload/files/tasks/72/2022/tasks-math-10-mun-kirov-22-23.pdf
M-2022-2023-kostroma-10.1,vsosh,municipal,2022,2022/2023,Костромская область,,,1,number_theory;combinatorics,,Существование или невозможность,automatic,,,False,archive/vsosh/municipal/2022-2023/kostroma/e7732e62f3550b_tasks-math-10-mun-kostroma-22-23.pdf,1,https://tasks.olimpiada.ru/upload/files/tasks/72/2022/tasks-math-10-mun-kostroma-22-23.pdf
M-2022-2023-kostroma-10.2,vsosh,municipal,2022,2022/2023,Костромская область,,,2,algebra,polynomials,Доказательство,automatic,,,False,archive/vsosh/municipal/2022-2023/kostroma/e7732e62f3550b_tasks-math-10-mun-kostroma-22-23.pdf,1,https://tasks.olimpiada.ru/upload/files/tasks/72/2022/tasks-math-10-mun-kostroma-22-23.pdf
M-2022-2023-kostroma-10.3,vsosh,municipal,2022,2022/2023,Костромская область,,,3,geometry;combinatorics,angles;bijection,Доказательство,automatic,,,False,archive/vsosh/municipal/2022-2023/kostroma/e7732e62f3550b_tasks-math-10-mun-kostroma-22-23.pdf,1,https://tasks.olimpiada.ru/upload/files/tasks/72/2022/tasks-math-10-mun-kostroma-22-23.pdf
M-2022-2023-kostroma-10.4,vsosh,municipal,2022,2022/2023,Костромская область,,,4,combinatorics;algebra,extremal;bounds,Оценка и конструкция,automatic,,,False,archive/vsosh/municipal/2022-2023/kostroma/e7732e62f3550b_tasks-math-10-mun-kostroma-22-23.pdf,1,https://tasks.olimpiada.ru/upload/files/tasks/72/2022/tasks-math-10-mun-kostroma-22-23.pdf
M-2022-2023-kostroma-10.5,vsosh,municipal,2022,2022/2023,Костромская область,,,5,number_theory;algebra,,Доказательство,automatic,,,False,archive/vsosh/municipal/2022-2023/kostroma/e7732e62f3550b_tasks-math-10-mun-kostroma-22-23.pdf,1,https://tasks.olimpiada.ru/upload/files/tasks/72/2022/tasks-math-10-mun-kostroma-22-23.pdf
M-2022-2023-kryar-10.1,vsosh,municipal,2022,2022/2023,Красноярский край,,,1,algebra,,Смешанный вопрос,automatic,,,False,archive/vsosh/municipal/2022-2023/kryar/8f1512acde1e77_tasks-math-10-mun-kryar-22-23.pdf,1,https://tasks.olimpiada.ru/upload/files/tasks/72/2022/tasks-math-10-mun-kryar-22-23.pdf
M-2022-2023-kryar-10.2,vsosh,municipal,2022,2022/2023,Красноярский край,,,2,geometry,angles,Подсчёт,automatic,,,False,archive/vsosh/municipal/2022-2023/kryar/8f1512acde1e77_tasks-math-10-mun-kryar-22-23.pdf,1,https://tasks.olimpiada.ru/upload/files/tasks/72/2022/tasks-math-10-mun-kryar-22-23.pdf
M-2022-2023-kryar-10.3,vsosh,municipal,2022,2022/2023,Красноярский край,,,3,combinatorics,,Найти все,automatic,,,False,archive/vsosh/municipal/2022-2023/kryar/8f1512acde1e77_tasks-math-10-mun-kryar-22-23.pdf,1,https://tasks.olimpiada.ru/upload/files/tasks/72/2022/tasks-math-10-mun-kryar-22-23.pdf
M-2022-2023-kryar-10.4,vsosh,municipal,2022,2022/2023,Красноярский край,,,4,geometry;combinatorics;algebra,extremal;angles;bijection,Оценка и конструкция,automatic,,,False,archive/vsosh/municipal/2022-2023/kryar/8f1512acde1e77_tasks-math-10-mun-kryar-22-23.pdf,1,https://tasks.olimpiada.ru/upload/files/tasks/72/2022/tasks-math-10-mun-kryar-22-23.pdf
M-2022-2023-lenobl-10.1,vsosh,municipal,2022,2022/2023,Ленинградская область,,,1,algebra,,Найти все,automatic,,,False,archive/vsosh/municipal/2022-2023/lenobl/a285c523112c7a_tasks-math-10-mun-lenobl-22-23.pdf,1,https://tasks.olimpiada.ru/upload/files/tasks/72/2022/tasks-math-10-mun-lenobl-22-23.pdf
M-2022-2023-lenobl-10.2,vsosh,municipal,2022,2022/2023,Ленинградская область,,,2,algebra,,Доказательство,automatic,,,False,archive/vsosh/municipal/2022-2023/lenobl/a285c523112c7a_tasks-math-10-mun-lenobl-22-23.pdf,1,https://tasks.olimpiada.ru/upload/files/tasks/72/2022/tasks-math-10-mun-lenobl-22-23.pdf
M-2022-2023-lenobl-10.3,vsosh,municipal,2022,2022/2023,Ленинградская область,,,3,unclassified,,Доказательство,automatic,,,False,archive/vsosh/municipal/2022-2023/lenobl/a285c523112c7a_tasks-math-10-mun-lenobl-22-23.pdf,1,https://tasks.olimpiada.ru/upload/files/tasks/72/2022/tasks-math-10-mun-lenobl-22-23.pdf
M-2022-2023-lenobl-10.4,vsosh,municipal,2022,2022/2023,Ленинградская область,,,4,geometry,angles,Доказательство,automatic,,,False,archive/vsosh/municipal/2022-2023/lenobl/a285c523112c7a_tasks-math-10-mun-lenobl-22-23.pdf,1,https://tasks.olimpiada.ru/upload/files/tasks/72/2022/tasks-math-10-mun-lenobl-22-23.pdf
M-2022-2023-lenobl-10.5,vsosh,municipal,2022,2022/2023,Ленинградская область,,,5,combinatorics,extremal;bounds,Оценка и конструкция,automatic,,,False,archive/vsosh/municipal/2022-2023/lenobl/a285c523112c7a_tasks-math-10-mun-lenobl-22-23.pdf,1,https://tasks.olimpiada.ru/upload/files/tasks/72/2022/tasks-math-10-mun-lenobl-22-23.pdf
M-2022-2023-moscow-10.1-v1,vsosh,municipal,2022,2022/2023,Москва,,1,1,number_theory,extremal;modular,Оценка и конструкция,automatic,,,False,archive/vsosh/municipal/2022-2023/moscow/e42525c108ecf2_ii-10.pdf,1,https://olympiads.mccme.ru/vmo/2023/ii-10.pdf
M-2022-2023-moscow-10.2-v1,vsosh,municipal,2022,2022/2023,Москва,,1,2,algebra,,Смешанный вопрос,automatic,,,False,archive/vsosh/municipal/2022-2023/moscow/e42525c108ecf2_ii-10.pdf,1,https://olympiads.mccme.ru/vmo/2023/ii-10.pdf
M-2022-2023-moscow-10.3-v1,vsosh,municipal,2022,2022/2023,Москва,,1,3,number_theory;combinatorics;algebra,extremal;contradiction;modular;gcd,Оценка и конструкция,automatic,,,False,archive/vsosh/municipal/2022-2023/moscow/e42525c108ecf2_ii-10.pdf,1,https://olympiads.mccme.ru/vmo/2023/ii-10.pdf
M-2022-2023-moscow-10.4-v1,vsosh,municipal,2022,2022/2023,Москва,,1,4,geometry,angles,Подсчёт,automatic,,,False,archive/vsosh/municipal/2022-2023/moscow/e42525c108ecf2_ii-10.pdf,2,https://olympiads.mccme.ru/vmo/2023/ii-10.pdf
M-2022-2023-moscow-10.5-v1,vsosh,municipal,2022,2022/2023,Москва,,1,5,combinatorics,,Смешанный вопрос,automatic,,,False,archive/vsosh/municipal/2022-2023/moscow/e42525c108ecf2_ii-10.pdf,3,https://olympiads.mccme.ru/vmo/2023/ii-10.pdf
M-2022-2023-moscow-10.6-v1,vsosh,municipal,2022,2022/2023,Москва,,1,6,number_theory;combinatorics,information,Подсчёт,automatic,,,False,archive/vsosh/municipal/2022-2023/moscow/e42525c108ecf2_ii-10.pdf,4,https://olympiads.mccme.ru/vmo/2023/ii-10.pdf
M-2022-2023-moscow-10.7-v1,vsosh,municipal,2022,2022/2023,Москва,,1,7,number_theory,pigeonhole;extremal;contradiction;bounds,Оценка и конструкция,automatic,,,False,archive/vsosh/municipal/2022-2023/moscow/e42525c108ecf2_ii-10.pdf,5,https://olympiads.mccme.ru/vmo/2023/ii-10.pdf
M-2022-2023-moscow-10.8-v1,vsosh,municipal,2022,2022/2023,Москва,,1,8,geometry,angles;bijection,Вычисление,automatic,,,False,archive/vsosh/municipal/2022-2023/moscow/e42525c108ecf2_ii-10.pdf,6,https://olympiads.mccme.ru/vmo/2023/ii-10.pdf
M-2022-2023-moscow-10.1-v2,vsosh,municipal,2022,2022/2023,Москва,,2,1,number_theory,extremal;modular,Оценка и конструкция,automatic,,,False,archive/vsosh/municipal/2022-2023/moscow/e42525c108ecf2_ii-10.pdf,8,https://olympiads.mccme.ru/vmo/2023/ii-10.pdf
M-2022-2023-moscow-10.2-v2,vsosh,municipal,2022,2022/2023,Москва,,2,2,algebra,,Смешанный вопрос,automatic,,,False,archive/vsosh/municipal/2022-2023/moscow/e42525c108ecf2_ii-10.pdf,8,https://olympiads.mccme.ru/vmo/2023/ii-10.pdf
M-2022-2023-moscow-10.3-v2,vsosh,municipal,2022,2022/2023,Москва,,2,3,number_theory;combinatorics;algebra,extremal,Оценка и конструкция,automatic,,,False,archive/vsosh/municipal/2022-2023/moscow/e42525c108ecf2_ii-10.pdf,9,https://olympiads.mccme.ru/vmo/2023/ii-10.pdf
M-2022-2023-moscow-10.4-v2,vsosh,municipal,2022,2022/2023,Москва,,2,4,geometry,angles,Подсчёт,automatic,,,False,archive/vsosh/municipal/2022-2023/moscow/e42525c108ecf2_ii-10.pdf,10,https://olympiads.mccme.ru/vmo/2023/ii-10.pdf
M-2022-2023-moscow-10.5-v2,vsosh,municipal,2022,2022/2023,Москва,,2,5,combinatorics,,Смешанный вопрос,automatic,,,False,archive/vsosh/municipal/2022-2023/moscow/e42525c108ecf2_ii-10.pdf,11,https://olympiads.mccme.ru/vmo/2023/ii-10.pdf
M-2022-2023-moscow-10.6-v2,vsosh,municipal,2022,2022/2023,Москва,,2,6,number_theory;combinatorics,,Подсчёт,automatic,,,False,archive/vsosh/municipal/2022-2023/moscow/e42525c108ecf2_ii-10.pdf,13,https://olympiads.mccme.ru/vmo/2023/ii-10.pdf
M-2022-2023-moscow-10.7-v2,vsosh,municipal,2022,2022/2023,Москва,,2,7,number_theory,extremal;bounds,Оценка и конструкция,automatic,,,False,archive/vsosh/municipal/2022-2023/moscow/e42525c108ecf2_ii-10.pdf,13,https://olympiads.mccme.ru/vmo/2023/ii-10.pdf
M-2022-2023-moscow-10.8-v2,vsosh,municipal,2022,2022/2023,Москва,,2,8,geometry,angles;bijection,Вычисление,automatic,,,False,archive/vsosh/municipal/2022-2023/moscow/e42525c108ecf2_ii-10.pdf,14,https://olympiads.mccme.ru/vmo/2023/ii-10.pdf
M-2022-2023-moscow-10.1-v3,vsosh,municipal,2022,2022/2023,Москва,,3,1,number_theory,extremal;modular,Оценка и конструкция,automatic,,,False,archive/vsosh/municipal/2022-2023/moscow/e42525c108ecf2_ii-10.pdf,8,https://olympiads.mccme.ru/vmo/2023/ii-10.pdf
M-2022-2023-moscow-10.2-v3,vsosh,municipal,2022,2022/2023,Москва,,3,2,algebra,,Смешанный вопрос,automatic,,,False,archive/vsosh/municipal/2022-2023/moscow/e42525c108ecf2_ii-10.pdf,9,https://olympiads.mccme.ru/vmo/2023/ii-10.pdf
M-2022-2023-moscow-10.3-v3,vsosh,municipal,2022,2022/2023,Москва,,3,3,number_theory;combinatorics;algebra,extremal,Оценка и конструкция,automatic,,,False,archive/vsosh/municipal/2022-2023/moscow/e42525c108ecf2_ii-10.pdf,9,https://olympiads.mccme.ru/vmo/2023/ii-10.pdf
M-2022-2023-moscow-10.4-v3,vsosh,municipal,2022,2022/2023,Москва,,3,4,geometry,angles,Подсчёт,automatic,,,False,archive/vsosh/municipal/2022-2023/moscow/e42525c108ecf2_ii-10.pdf,10,https://olympiads.mccme.ru/vmo/2023/ii-10.pdf
M-2022-2023-moscow-10.5-v3,vsosh,municipal,2022,2022/2023,Москва,,3,5,combinatorics,,Смешанный вопрос,automatic,,,False,archive/vsosh/municipal/2022-2023/moscow/e42525c108ecf2_ii-10.pdf,12,https://olympiads.mccme.ru/vmo/2023/ii-10.pdf
M-2022-2023-moscow-10.6-v3,vsosh,municipal,2022,2022/2023,Москва,,3,6,number_theory;combinatorics,,Подсчёт,automatic,,,False,archive/vsosh/municipal/2022-2023/moscow/e42525c108ecf2_ii-10.pdf,13,https://olympiads.mccme.ru/vmo/2023/ii-10.pdf
M-2022-2023-moscow-10.7-v3,vsosh,municipal,2022,2022/2023,Москва,,3,7,number_theory,extremal;bounds,Оценка и конструкция,automatic,,,False,archive/vsosh/municipal/2022-2023/moscow/e42525c108ecf2_ii-10.pdf,14,https://olympiads.mccme.ru/vmo/2023/ii-10.pdf
M-2022-2023-moscow-10.8-v3,vsosh,municipal,2022,2022/2023,Москва,,3,8,geometry,angles;bijection,Вычисление,automatic,,,False,archive/vsosh/municipal/2022-2023/moscow/e42525c108ecf2_ii-10.pdf,15,https://olympiads.mccme.ru/vmo/2023/ii-10.pdf
M-2022-2023-moscow-10.1-v4,vsosh,municipal,2022,2022/2023,Москва,,4,1,number_theory,extremal;modular,Оценка и конструкция,automatic,,,False,archive/vsosh/municipal/2022-2023/moscow/e42525c108ecf2_ii-10.pdf,8,https://olympiads.mccme.ru/vmo/2023/ii-10.pdf
M-2022-2023-moscow-10.2-v4,vsosh,municipal,2022,2022/2023,Москва,,4,2,algebra,,Смешанный вопрос,automatic,,,False,archive/vsosh/municipal/2022-2023/moscow/e42525c108ecf2_ii-10.pdf,9,https://olympiads.mccme.ru/vmo/2023/ii-10.pdf
M-2022-2023-moscow-10.3-v4,vsosh,municipal,2022,2022/2023,Москва,,4,3,number_theory;combinatorics;algebra,extremal,Оценка и конструкция,automatic,,,False,archive/vsosh/municipal/2022-2023/moscow/e42525c108ecf2_ii-10.pdf,10,https://olympiads.mccme.ru/vmo/2023/ii-10.pdf
M-2022-2023-moscow-10.4-v4,vsosh,municipal,2022,2022/2023,Москва,,4,4,geometry,angles,Подсчёт,automatic,,,False,archive/vsosh/municipal/2022-2023/moscow/e42525c108ecf2_ii-10.pdf,11,https://olympiads.mccme.ru/vmo/2023/ii-10.pdf
M-2022-2023-moscow-10.5-v4,vsosh,municipal,2022,2022/2023,Москва,,4,5,combinatorics,,Смешанный вопрос,automatic,,,False,archive/vsosh/municipal/2022-2023/moscow/e42525c108ecf2_ii-10.pdf,12,https://olympiads.mccme.ru/vmo/2023/ii-10.pdf
M-2022-2023-moscow-10.6-v4,vsosh,municipal,2022,2022/2023,Москва,,4,6,number_theory;combinatorics,,Подсчёт,automatic,,,False,archive/vsosh/municipal/2022-2023/moscow/e42525c108ecf2_ii-10.pdf,13,https://olympiads.mccme.ru/vmo/2023/ii-10.pdf
M-2022-2023-moscow-10.7-v4,vsosh,municipal,2022,2022/2023,Москва,,4,7,number_theory,extremal;bounds,Оценка и конструкция,automatic,,,False,archive/vsosh/municipal/2022-2023/moscow/e42525c108ecf2_ii-10.pdf,14,https://olympiads.mccme.ru/vmo/2023/ii-10.pdf
M-2022-2023-moscow-10.8-v4,vsosh,municipal,2022,2022/2023,Москва,,4,8,geometry,angles;bijection,Вычисление,automatic,,,False,archive/vsosh/municipal/2022-2023/moscow/e42525c108ecf2_ii-10.pdf,15,https://olympiads.mccme.ru/vmo/2023/ii-10.pdf
M-2022-2023-mosobl-10.1,vsosh,municipal,2022,2022/2023,Московская область,,,1,combinatorics,extremal,Оценка и конструкция,automatic,,,False,archive/vsosh/municipal/2022-2023/mosobl/9e0d1916d38cb0_tasks-math-10-mun-mosobl-22-23.pdf,1,https://tasks.olimpiada.ru/upload/files/tasks/72/2022/tasks-math-10-mun-mosobl-22-23.pdf
M-2022-2023-mosobl-10.2,vsosh,municipal,2022,2022/2023,Московская область,,,2,geometry;number_theory,angles,Существование или невозможность,automatic,,,False,archive/vsosh/municipal/2022-2023/mosobl/9e0d1916d38cb0_tasks-math-10-mun-mosobl-22-23.pdf,1,https://tasks.olimpiada.ru/upload/files/tasks/72/2022/tasks-math-10-mun-mosobl-22-23.pdf
M-2022-2023-mosobl-10.3,vsosh,municipal,2022,2022/2023,Московская область,,,3,geometry;algebra,angles,Доказательство,automatic,,,False,archive/vsosh/municipal/2022-2023/mosobl/9e0d1916d38cb0_tasks-math-10-mun-mosobl-22-23.pdf,1,https://tasks.olimpiada.ru/upload/files/tasks/72/2022/tasks-math-10-mun-mosobl-22-23.pdf
M-2022-2023-mosobl-10.4,vsosh,municipal,2022,2022/2023,Московская область,,,4,geometry;combinatorics,angles,Доказательство,automatic,,,False,archive/vsosh/municipal/2022-2023/mosobl/9e0d1916d38cb0_tasks-math-10-mun-mosobl-22-23.pdf,1,https://tasks.olimpiada.ru/upload/files/tasks/72/2022/tasks-math-10-mun-mosobl-22-23.pdf
M-2022-2023-mosobl-10.5,vsosh,municipal,2022,2022/2023,Московская область,,,5,combinatorics;algebra,extremal,Оценка и конструкция,automatic,,,False,archive/vsosh/municipal/2022-2023/mosobl/9e0d1916d38cb0_tasks-math-10-mun-mosobl-22-23.pdf,1,https://tasks.olimpiada.ru/upload/files/tasks/72/2022/tasks-math-10-mun-mosobl-22-23.pdf
M-2022-2023-omsk-10.1,vsosh,municipal,2022,2022/2023,Омская область,,,1,algebra,,Смешанный вопрос,automatic,,,False,archive/vsosh/municipal/2022-2023/omsk/386bc328e7f679_tasks-math-10-mun-omsk-22-23.pdf,1,https://tasks.olimpiada.ru/upload/files/tasks/72/2022/tasks-math-10-mun-omsk-22-23.pdf
M-2022-2023-omsk-10.2,vsosh,municipal,2022,2022/2023,Омская область,,,2,number_theory;algebra,,Смешанный вопрос,automatic,,,False,archive/vsosh/municipal/2022-2023/omsk/386bc328e7f679_tasks-math-10-mun-omsk-22-23.pdf,1,https://tasks.olimpiada.ru/upload/files/tasks/72/2022/tasks-math-10-mun-omsk-22-23.pdf
M-2022-2023-omsk-10.3,vsosh,municipal,2022,2022/2023,Омская область,,,3,combinatorics,,Подсчёт,automatic,,,False,archive/vsosh/municipal/2022-2023/omsk/386bc328e7f679_tasks-math-10-mun-omsk-22-23.pdf,1,https://tasks.olimpiada.ru/upload/files/tasks/72/2022/tasks-math-10-mun-omsk-22-23.pdf
M-2022-2023-omsk-10.4,vsosh,municipal,2022,2022/2023,Омская область,,,4,combinatorics;algebra,bijection,Существование или невозможность,automatic,,,False,archive/vsosh/municipal/2022-2023/omsk/386bc328e7f679_tasks-math-10-mun-omsk-22-23.pdf,1,https://tasks.olimpiada.ru/upload/files/tasks/72/2022/tasks-math-10-mun-omsk-22-23.pdf
M-2022-2023-omsk-10.5,vsosh,municipal,2022,2022/2023,Омская область,,,5,geometry,angles,Вычисление,automatic,,,False,archive/vsosh/municipal/2022-2023/omsk/386bc328e7f679_tasks-math-10-mun-omsk-22-23.pdf,1,https://tasks.olimpiada.ru/upload/files/tasks/72/2022/tasks-math-10-mun-omsk-22-23.pdf
M-2022-2023-omsk-10.6,vsosh,municipal,2022,2022/2023,Омская область,,,6,combinatorics,extremal;bounds,Оценка и конструкция,automatic,,,False,archive/vsosh/municipal/2022-2023/omsk/386bc328e7f679_tasks-math-10-mun-omsk-22-23.pdf,1,https://tasks.olimpiada.ru/upload/files/tasks/72/2022/tasks-math-10-mun-omsk-22-23.pdf
M-2022-2023-orel-10.1,vsosh,municipal,2022,2022/2023,Орловская область,,,1,number_theory;algebra,,Смешанный вопрос,automatic,,,False,archive/vsosh/municipal/2022-2023/orel/93271c4183cecc_tasks-math-10-mun-orel-22-23.pdf,1,https://tasks.olimpiada.ru/upload/files/tasks/72/2022/tasks-math-10-mun-orel-22-23.pdf
M-2022-2023-orel-10.2,vsosh,municipal,2022,2022/2023,Орловская область,,,2,unclassified,order,Смешанный вопрос,automatic,,,False,archive/vsosh/municipal/2022-2023/orel/93271c4183cecc_tasks-math-10-mun-orel-22-23.pdf,1,https://tasks.olimpiada.ru/upload/files/tasks/72/2022/tasks-math-10-mun-orel-22-23.pdf
M-2022-2023-orel-10.3,vsosh,municipal,2022,2022/2023,Орловская область,,,3,geometry,angles;bijection,Доказательство,automatic,,,False,archive/vsosh/municipal/2022-2023/orel/93271c4183cecc_tasks-math-10-mun-orel-22-23.pdf,1,https://tasks.olimpiada.ru/upload/files/tasks/72/2022/tasks-math-10-mun-orel-22-23.pdf
M-2022-2023-orel-10.4,vsosh,municipal,2022,2022/2023,Орловская область,,,4,combinatorics;algebra,,Доказательство,automatic,,,False,archive/vsosh/municipal/2022-2023/orel/93271c4183cecc_tasks-math-10-mun-orel-22-23.pdf,1,https://tasks.olimpiada.ru/upload/files/tasks/72/2022/tasks-math-10-mun-orel-22-23.pdf
M-2022-2023-orel-10.5,vsosh,municipal,2022,2022/2023,Орловская область,,,5,combinatorics;algebra,,Подсчёт,automatic,,,False,archive/vsosh/municipal/2022-2023/orel/93271c4183cecc_tasks-math-10-mun-orel-22-23.pdf,1,https://tasks.olimpiada.ru/upload/files/tasks/72/2022/tasks-math-10-mun-orel-22-23.pdf
M-2022-2023-perm-10.1,vsosh,municipal,2022,2022/2023,Пермский край,,,1,combinatorics,,Доказательство,automatic,,,False,archive/vsosh/municipal/2022-2023/perm/c6aed086daadc9_tasks-math-10-mun-perm-22-23.pdf,1,https://tasks.olimpiada.ru/upload/files/tasks/72/2022/tasks-math-10-mun-perm-22-23.pdf
M-2022-2023-perm-10.2,vsosh,municipal,2022,2022/2023,Пермский край,,,2,geometry,angles,Смешанный вопрос,automatic,,,False,archive/vsosh/municipal/2022-2023/perm/c6aed086daadc9_tasks-math-10-mun-perm-22-23.pdf,1,https://tasks.olimpiada.ru/upload/files/tasks/72/2022/tasks-math-10-mun-perm-22-23.pdf
M-2022-2023-perm-10.3,vsosh,municipal,2022,2022/2023,Пермский край,,,3,number_theory,,Доказательство,automatic,,,False,archive/vsosh/municipal/2022-2023/perm/c6aed086daadc9_tasks-math-10-mun-perm-22-23.pdf,1,https://tasks.olimpiada.ru/upload/files/tasks/72/2022/tasks-math-10-mun-perm-22-23.pdf
M-2022-2023-perm-10.4,vsosh,municipal,2022,2022/2023,Пермский край,,,4,unclassified,extremal,Оценка и конструкция,automatic,,,False,archive/vsosh/municipal/2022-2023/perm/c6aed086daadc9_tasks-math-10-mun-perm-22-23.pdf,1,https://tasks.olimpiada.ru/upload/files/tasks/72/2022/tasks-math-10-mun-perm-22-23.pdf
M-2022-2023-perm-10.5,vsosh,municipal,2022,2022/2023,Пермский край,,,5,combinatorics,,Смешанный вопрос,automatic,,,False,archive/vsosh/municipal/2022-2023/perm/c6aed086daadc9_tasks-math-10-mun-perm-22-23.pdf,1,https://tasks.olimpiada.ru/upload/files/tasks/72/2022/tasks-math-10-mun-perm-22-23.pdf
M-2022-2023-rostov-10.1,vsosh,municipal,2022,2022/2023,Ростовская область,,,1,algebra,,Смешанный вопрос,automatic,,,False,archive/vsosh/municipal/2022-2023/rostov/9466a230307b8f_tasks-math-10-mun-rostov-22-23.pdf,1,https://tasks.olimpiada.ru/upload/files/tasks/72/2022/tasks-math-10-mun-rostov-22-23.pdf
M-2022-2023-rostov-10.2,vsosh,municipal,2022,2022/2023,Ростовская область,,,2,number_theory;algebra,,Вычисление,automatic,,,False,archive/vsosh/municipal/2022-2023/rostov/9466a230307b8f_tasks-math-10-mun-rostov-22-23.pdf,1,https://tasks.olimpiada.ru/upload/files/tasks/72/2022/tasks-math-10-mun-rostov-22-23.pdf
M-2022-2023-rostov-10.3,vsosh,municipal,2022,2022/2023,Ростовская область,,,3,combinatorics,extremal,Оценка и конструкция,automatic,,,False,archive/vsosh/municipal/2022-2023/rostov/9466a230307b8f_tasks-math-10-mun-rostov-22-23.pdf,1,https://tasks.olimpiada.ru/upload/files/tasks/72/2022/tasks-math-10-mun-rostov-22-23.pdf
M-2022-2023-rostov-10.4,vsosh,municipal,2022,2022/2023,Ростовская область,,,4,geometry;combinatorics,angles,Доказательство,automatic,,,False,archive/vsosh/municipal/2022-2023/rostov/9466a230307b8f_tasks-math-10-mun-rostov-22-23.pdf,1,https://tasks.olimpiada.ru/upload/files/tasks/72/2022/tasks-math-10-mun-rostov-22-23.pdf
M-2022-2023-rostov-10.5,vsosh,municipal,2022,2022/2023,Ростовская область,,,5,combinatorics;algebra,,Смешанный вопрос,automatic,,,False,archive/vsosh/municipal/2022-2023/rostov/9466a230307b8f_tasks-math-10-mun-rostov-22-23.pdf,1,https://tasks.olimpiada.ru/upload/files/tasks/72/2022/tasks-math-10-mun-rostov-22-23.pdf
M-2022-2023-sp-10.1,vsosh,municipal,2022,2022/2023,Санкт-Петербург,,,1,algebra,polynomials,Смешанный вопрос,automatic,,,False,archive/vsosh/municipal/2022-2023/sp/0d18cbafecc17b_tasks-math-10-mun-sp-22-23.pdf,1,https://tasks.olimpiada.ru/upload/files/tasks/72/2022/tasks-math-10-mun-sp-22-23.pdf
M-2022-2023-sp-10.2,vsosh,municipal,2022,2022/2023,Санкт-Петербург,,,2,geometry;combinatorics,extremal;bounds;angles,Оценка и конструкция,automatic,,,False,archive/vsosh/municipal/2022-2023/sp/0d18cbafecc17b_tasks-math-10-mun-sp-22-23.pdf,1,https://tasks.olimpiada.ru/upload/files/tasks/72/2022/tasks-math-10-mun-sp-22-23.pdf
M-2022-2023-sp-10.3,vsosh,municipal,2022,2022/2023,Санкт-Петербург,,,3,number_theory;combinatorics,extremal;modular,Оценка и конструкция,automatic,,,False,archive/vsosh/municipal/2022-2023/sp/0d18cbafecc17b_tasks-math-10-mun-sp-22-23.pdf,1,https://tasks.olimpiada.ru/upload/files/tasks/72/2022/tasks-math-10-mun-sp-22-23.pdf
M-2022-2023-sp-10.4,vsosh,municipal,2022,2022/2023,Санкт-Петербург,,,4,number_theory,,Доказательство,automatic,,,False,archive/vsosh/municipal/2022-2023/sp/0d18cbafecc17b_tasks-math-10-mun-sp-22-23.pdf,1,https://tasks.olimpiada.ru/upload/files/tasks/72/2022/tasks-math-10-mun-sp-22-23.pdf
M-2022-2023-sp-10.5,vsosh,municipal,2022,2022/2023,Санкт-Петербург,,,5,geometry;combinatorics;algebra,extremal;angles,Оценка и конструкция,automatic,,,False,archive/vsosh/municipal/2022-2023/sp/0d18cbafecc17b_tasks-math-10-mun-sp-22-23.pdf,1,https://tasks.olimpiada.ru/upload/files/tasks/72/2022/tasks-math-10-mun-sp-22-23.pdf
M-2022-2023-tat-10.1,vsosh,municipal,2022,2022/2023,Республика Татарстан,,,1,number_theory;algebra,extremal;bounds,Оценка и конструкция,automatic,,,False,archive/vsosh/municipal/2022-2023/tat/b73de3c58fa569_sol-math-10-mun-tat-22-23.pdf,1,https://tasks.olimpiada.ru/upload/files/tasks/72/2022/sol-math-10-mun-tat-22-23.pdf
M-2022-2023-tat-10.2,vsosh,municipal,2022,2022/2023,Республика Татарстан,,,2,combinatorics,strategy,Подсчёт,automatic,,,False,archive/vsosh/municipal/2022-2023/tat/b73de3c58fa569_sol-math-10-mun-tat-22-23.pdf,1,https://tasks.olimpiada.ru/upload/files/tasks/72/2022/sol-math-10-mun-tat-22-23.pdf
M-2022-2023-tat-10.3,vsosh,municipal,2022,2022/2023,Республика Татарстан,,,3,unclassified,,Смешанный вопрос,automatic,,,False,archive/vsosh/municipal/2022-2023/tat/b73de3c58fa569_sol-math-10-mun-tat-22-23.pdf,1,https://tasks.olimpiada.ru/upload/files/tasks/72/2022/sol-math-10-mun-tat-22-23.pdf
M-2022-2023-tat-10.4,vsosh,municipal,2022,2022/2023,Республика Татарстан,,,4,unclassified,,Смешанный вопрос,automatic,,,False,archive/vsosh/municipal/2022-2023/tat/b73de3c58fa569_sol-math-10-mun-tat-22-23.pdf,1,https://tasks.olimpiada.ru/upload/files/tasks/72/2022/sol-math-10-mun-tat-22-23.pdf
M-2022-2023-tat-10.5,vsosh,municipal,2022,2022/2023,Республика Татарстан,,,5,geometry,angles,Вычисление,automatic,,,False,archive/vsosh/municipal/2022-2023/tat/b73de3c58fa569_sol-math-10-mun-tat-22-23.pdf,2,https://tasks.olimpiada.ru/upload/files/tasks/72/2022/sol-math-10-mun-tat-22-23.pdf
M-2022-2023-tula-10.1,vsosh,municipal,2022,2022/2023,Тульская область,,,1,number_theory,,Найти все,automatic,,,False,archive/vsosh/municipal/2022-2023/tula/b747ed092bb185_tasks-math-10-mun-tula-22-23.pdf,1,https://tasks.olimpiada.ru/upload/files/tasks/72/2022/tasks-math-10-mun-tula-22-23.pdf
M-2022-2023-tula-10.2,vsosh,municipal,2022,2022/2023,Тульская область,,,2,geometry;combinatorics,angles,Подсчёт,automatic,,,False,archive/vsosh/municipal/2022-2023/tula/b747ed092bb185_tasks-math-10-mun-tula-22-23.pdf,1,https://tasks.olimpiada.ru/upload/files/tasks/72/2022/tasks-math-10-mun-tula-22-23.pdf
M-2022-2023-tula-10.3,vsosh,municipal,2022,2022/2023,Тульская область,,,3,algebra,,Смешанный вопрос,automatic,,,False,archive/vsosh/municipal/2022-2023/tula/b747ed092bb185_tasks-math-10-mun-tula-22-23.pdf,1,https://tasks.olimpiada.ru/upload/files/tasks/72/2022/tasks-math-10-mun-tula-22-23.pdf
M-2022-2023-tula-10.4,vsosh,municipal,2022,2022/2023,Тульская область,,,4,number_theory,extremal;bounds,Оценка и конструкция,automatic,,,False,archive/vsosh/municipal/2022-2023/tula/b747ed092bb185_tasks-math-10-mun-tula-22-23.pdf,1,https://tasks.olimpiada.ru/upload/files/tasks/72/2022/tasks-math-10-mun-tula-22-23.pdf
M-2022-2023-tula-10.5,vsosh,municipal,2022,2022/2023,Тульская область,,,5,geometry,angles,Вычисление,automatic,,,False,archive/vsosh/municipal/2022-2023/tula/b747ed092bb185_tasks-math-10-mun-tula-22-23.pdf,1,https://tasks.olimpiada.ru/upload/files/tasks/72/2022/tasks-math-10-mun-tula-22-23.pdf
M-2022-2023-vladimir-10.1,vsosh,municipal,2022,2022/2023,Владимирская область,,,1,number_theory;algebra,bijection,Найти все,automatic,,,False,archive/vsosh/municipal/2022-2023/vladimir/af1b45000a64b0_tasks-math-10-mun-vladimir-22-23.pdf,1,https://tasks.olimpiada.ru/upload/files/tasks/72/2022/tasks-math-10-mun-vladimir-22-23.pdf
M-2022-2023-vladimir-10.2,vsosh,municipal,2022,2022/2023,Владимирская область,,,2,algebra,,Вычисление,automatic,,,False,archive/vsosh/municipal/2022-2023/vladimir/af1b45000a64b0_tasks-math-10-mun-vladimir-22-23.pdf,1,https://tasks.olimpiada.ru/upload/files/tasks/72/2022/tasks-math-10-mun-vladimir-22-23.pdf
M-2022-2023-vladimir-10.3,vsosh,municipal,2022,2022/2023,Владимирская область,,,3,geometry,construction;angles,Смешанный вопрос,automatic,,,False,archive/vsosh/municipal/2022-2023/vladimir/af1b45000a64b0_tasks-math-10-mun-vladimir-22-23.pdf,1,https://tasks.olimpiada.ru/upload/files/tasks/72/2022/tasks-math-10-mun-vladimir-22-23.pdf
M-2022-2023-vladimir-10.4,vsosh,municipal,2022,2022/2023,Владимирская область,,,4,number_theory,,Найти все,automatic,,,False,archive/vsosh/municipal/2022-2023/vladimir/af1b45000a64b0_tasks-math-10-mun-vladimir-22-23.pdf,1,https://tasks.olimpiada.ru/upload/files/tasks/72/2022/tasks-math-10-mun-vladimir-22-23.pdf
M-2022-2023-vladimir-10.5,vsosh,municipal,2022,2022/2023,Владимирская область,,,5,number_theory,,Существование или невозможность,automatic,,,False,archive/vsosh/municipal/2022-2023/vladimir/af1b45000a64b0_tasks-math-10-mun-vladimir-22-23.pdf,1,https://tasks.olimpiada.ru/upload/files/tasks/72/2022/tasks-math-10-mun-vladimir-22-23.pdf
M-2022-2023-xakas-10.1,vsosh,municipal,2022,2022/2023,Республика Хакасия,,,1,geometry;number_theory;combinatorics;algebra,extremal;angles;areas,Оценка и конструкция,automatic,,,False,archive/vsosh/municipal/2022-2023/xakas/201aad91a4f5e8_tasks-math-10-mun-xakas-22-23.pdf,1,https://tasks.olimpiada.ru/upload/files/tasks/72/2022/tasks-math-10-mun-xakas-22-23.pdf
M-2022-2023-xakas-10.2,vsosh,municipal,2022,2022/2023,Республика Хакасия,,,2,combinatorics,bijection,Доказательство,automatic,,,False,archive/vsosh/municipal/2022-2023/xakas/201aad91a4f5e8_tasks-math-10-mun-xakas-22-23.pdf,1,https://tasks.olimpiada.ru/upload/files/tasks/72/2022/tasks-math-10-mun-xakas-22-23.pdf
M-2022-2023-xakas-10.3,vsosh,municipal,2022,2022/2023,Республика Хакасия,,,3,unclassified,extremal,Оценка и конструкция,automatic,,,False,archive/vsosh/municipal/2022-2023/xakas/201aad91a4f5e8_tasks-math-10-mun-xakas-22-23.pdf,1,https://tasks.olimpiada.ru/upload/files/tasks/72/2022/tasks-math-10-mun-xakas-22-23.pdf
M-2022-2023-xakas-10.4,vsosh,municipal,2022,2022/2023,Республика Хакасия,,,4,number_theory,extremal,Оценка и конструкция,automatic,,,False,archive/vsosh/municipal/2022-2023/xakas/201aad91a4f5e8_tasks-math-10-mun-xakas-22-23.pdf,1,https://tasks.olimpiada.ru/upload/files/tasks/72/2022/tasks-math-10-mun-xakas-22-23.pdf
M-2022-2023-xakas-10.5,vsosh,municipal,2022,2022/2023,Республика Хакасия,,,5,geometry;combinatorics,angles;areas,Вычисление,automatic,,,False,archive/vsosh/municipal/2022-2023/xakas/201aad91a4f5e8_tasks-math-10-mun-xakas-22-23.pdf,1,https://tasks.olimpiada.ru/upload/files/tasks/72/2022/tasks-math-10-mun-xakas-22-23.pdf
M-2022-2023-yakut-10.1,vsosh,municipal,2022,2022/2023,Республика Саха (Якутия),,,1,combinatorics;algebra,bounds,Доказательство,automatic,,,False,archive/vsosh/municipal/2022-2023/yakut/8f03dffa6acc42_tasks-math-10-mun-yakut-22-23.pdf,1,https://tasks.olimpiada.ru/upload/files/tasks/72/2022/tasks-math-10-mun-yakut-22-23.pdf
M-2022-2023-yakut-10.2,vsosh,municipal,2022,2022/2023,Республика Саха (Якутия),,,2,number_theory,,Найти все,automatic,,,False,archive/vsosh/municipal/2022-2023/yakut/8f03dffa6acc42_tasks-math-10-mun-yakut-22-23.pdf,1,https://tasks.olimpiada.ru/upload/files/tasks/72/2022/tasks-math-10-mun-yakut-22-23.pdf
M-2022-2023-yakut-10.3,vsosh,municipal,2022,2022/2023,Республика Саха (Якутия),,,3,number_theory,,Подсчёт,automatic,,,False,archive/vsosh/municipal/2022-2023/yakut/8f03dffa6acc42_tasks-math-10-mun-yakut-22-23.pdf,1,https://tasks.olimpiada.ru/upload/files/tasks/72/2022/tasks-math-10-mun-yakut-22-23.pdf
M-2022-2023-yakut-10.4,vsosh,municipal,2022,2022/2023,Республика Саха (Якутия),,,4,combinatorics,,Доказательство,automatic,,,False,archive/vsosh/municipal/2022-2023/yakut/8f03dffa6acc42_tasks-math-10-mun-yakut-22-23.pdf,1,https://tasks.olimpiada.ru/upload/files/tasks/72/2022/tasks-math-10-mun-yakut-22-23.pdf
M-2022-2023-yakut-10.5,vsosh,municipal,2022,2022/2023,Республика Саха (Якутия),,,5,geometry,angles,Доказательство,automatic,,,False,archive/vsosh/municipal/2022-2023/yakut/8f03dffa6acc42_tasks-math-10-mun-yakut-22-23.pdf,1,https://tasks.olimpiada.ru/upload/files/tasks/72/2022/tasks-math-10-mun-yakut-22-23.pdf
M-2022-2023-yamal-10.1,vsosh,municipal,2022,2022/2023,Ямало-Ненецкий автономный округ,,,1,algebra,,Смешанный вопрос,automatic,,,False,archive/vsosh/municipal/2022-2023/yamal/202bc0a3962175_tasks-math-10-mun-yamal-22-23.pdf,1,https://tasks.olimpiada.ru/upload/files/tasks/72/2022/tasks-math-10-mun-yamal-22-23.pdf
M-2022-2023-yamal-10.2,vsosh,municipal,2022,2022/2023,Ямало-Ненецкий автономный округ,,,2,algebra,,Вычисление,automatic,,,False,archive/vsosh/municipal/2022-2023/yamal/202bc0a3962175_tasks-math-10-mun-yamal-22-23.pdf,1,https://tasks.olimpiada.ru/upload/files/tasks/72/2022/tasks-math-10-mun-yamal-22-23.pdf
M-2022-2023-yamal-10.3,vsosh,municipal,2022,2022/2023,Ямало-Ненецкий автономный округ,,,3,geometry;combinatorics,angles,Существование или невозможность,automatic,,,False,archive/vsosh/municipal/2022-2023/yamal/202bc0a3962175_tasks-math-10-mun-yamal-22-23.pdf,1,https://tasks.olimpiada.ru/upload/files/tasks/72/2022/tasks-math-10-mun-yamal-22-23.pdf
M-2022-2023-yamal-10.4,vsosh,municipal,2022,2022/2023,Ямало-Ненецкий автономный округ,,,4,geometry;combinatorics,extremal;angles,Оценка и конструкция,automatic,,,False,archive/vsosh/municipal/2022-2023/yamal/202bc0a3962175_tasks-math-10-mun-yamal-22-23.pdf,1,https://tasks.olimpiada.ru/upload/files/tasks/72/2022/tasks-math-10-mun-yamal-22-23.pdf
M-2022-2023-yamal-10.5,vsosh,municipal,2022,2022/2023,Ямало-Ненецкий автономный округ,,,5,number_theory;algebra,extremal;bounds,Оценка и конструкция,automatic,,,False,archive/vsosh/municipal/2022-2023/yamal/202bc0a3962175_tasks-math-10-mun-yamal-22-23.pdf,1,https://tasks.olimpiada.ru/upload/files/tasks/72/2022/tasks-math-10-mun-yamal-22-23.pdf
M-2021-2022-moscow-10.1,vsosh,municipal,2021,2021/2022,Москва,,,1,number_theory;algebra,,Вычисление,automatic,,,False,archive/vsosh/municipal/2021-2022/moscow/5e8a2f052ed565_ii-10.pdf,2,https://olympiads.mccme.ru/vmo/2022/ii-10.pdf
M-2021-2022-moscow-10.2,vsosh,municipal,2021,2021/2022,Москва,,,2,combinatorics,parity,Подсчёт,automatic,,,False,archive/vsosh/municipal/2021-2022/moscow/5e8a2f052ed565_ii-10.pdf,2,https://olympiads.mccme.ru/vmo/2022/ii-10.pdf
M-2021-2022-moscow-10.3,vsosh,municipal,2021,2021/2022,Москва,,,3,geometry,angles,Подсчёт,automatic,,,False,archive/vsosh/municipal/2021-2022/moscow/5e8a2f052ed565_ii-10.pdf,3,https://olympiads.mccme.ru/vmo/2022/ii-10.pdf
M-2021-2022-moscow-10.4,vsosh,municipal,2021,2021/2022,Москва,,,4,geometry;combinatorics,bounds;angles;vieta;polynomials,Подсчёт,automatic,,,False,archive/vsosh/municipal/2021-2022/moscow/5e8a2f052ed565_ii-10.pdf,5,https://olympiads.mccme.ru/vmo/2022/ii-10.pdf
M-2021-2022-moscow-10.5,vsosh,municipal,2021,2021/2022,Москва,,,5,unclassified,construction;bounds;bijection;order,Подсчёт,automatic,,,False,archive/vsosh/municipal/2021-2022/moscow/5e8a2f052ed565_ii-10.pdf,5,https://olympiads.mccme.ru/vmo/2022/ii-10.pdf
M-2021-2022-moscow-10.6,vsosh,municipal,2021,2021/2022,Москва,,,6,geometry,angles;similarity;areas;bijection;projection,Вычисление,automatic,,,False,archive/vsosh/municipal/2021-2022/moscow/5e8a2f052ed565_ii-10.pdf,6,https://olympiads.mccme.ru/vmo/2022/ii-10.pdf
M-2021-2022-moscow-10.7,vsosh,municipal,2021,2021/2022,Москва,,,7,combinatorics,extremal;bounds;strategy,Оценка и конструкция,automatic,,,False,archive/vsosh/municipal/2021-2022/moscow/5e8a2f052ed565_ii-10.pdf,7,https://olympiads.mccme.ru/vmo/2022/ii-10.pdf
M-2021-2022-moscow-10.8,vsosh,municipal,2021,2021/2022,Москва,,,8,algebra,extremal;bounds,Оценка и конструкция,automatic,,,False,archive/vsosh/municipal/2021-2022/moscow/5e8a2f052ed565_ii-10.pdf,8,https://olympiads.mccme.ru/vmo/2022/ii-10.pdf
M-2019-2020-moscow-10.1,vsosh,municipal,2019,2019/2020,Москва,,,1,number_theory;algebra,factorization;vieta,Доказательство,automatic,,,False,archive/vsosh/municipal/2019-2020/moscow/8c54a3d3b31b2f_Resh_10.pdf,1,https://mmo.mccme.ru/2020/okrug/Resh_10.pdf
M-2019-2020-moscow-10.2,vsosh,municipal,2019,2019/2020,Москва,,,2,geometry,angles,Существование или невозможность,automatic,,,False,archive/vsosh/municipal/2019-2020/moscow/8c54a3d3b31b2f_Resh_10.pdf,1,https://mmo.mccme.ru/2020/okrug/Resh_10.pdf
M-2019-2020-moscow-10.3,vsosh,municipal,2019,2019/2020,Москва,,,3,number_theory,,Смешанный вопрос,automatic,,,False,archive/vsosh/municipal/2019-2020/moscow/8c54a3d3b31b2f_Resh_10.pdf,1,https://mmo.mccme.ru/2020/okrug/Resh_10.pdf
M-2019-2020-moscow-10.4,vsosh,municipal,2019,2019/2020,Москва,,,4,geometry;combinatorics,contradiction;angles;similarity;bijection,Вычисление,automatic,,,False,archive/vsosh/municipal/2019-2020/moscow/8c54a3d3b31b2f_Resh_10.pdf,1,https://mmo.mccme.ru/2020/okrug/Resh_10.pdf
M-2019-2020-moscow-10.5,vsosh,municipal,2019,2019/2020,Москва,,,5,unclassified,extremal;bounds;symmetry,Оценка и конструкция,automatic,,,False,archive/vsosh/municipal/2019-2020/moscow/8c54a3d3b31b2f_Resh_10.pdf,2,https://mmo.mccme.ru/2020/okrug/Resh_10.pdf
M-2019-2020-moscow-10.6,vsosh,municipal,2019,2019/2020,Москва,,,6,combinatorics;algebra,extremal,Доказательство,automatic,,,False,archive/vsosh/municipal/2019-2020/moscow/8c54a3d3b31b2f_Resh_10.pdf,3,https://mmo.mccme.ru/2020/okrug/Resh_10.pdf
M-2018-2019-moscow-10.1,vsosh,municipal,2018,2018/2019,Москва,,,1,geometry;combinatorics;algebra,graphs;angles;coordinates,Смешанный вопрос,automatic,,,False,archive/vsosh/municipal/2018-2019/moscow/beb463a8e308ee_usl_7-11.pdf,4,https://mmo.mccme.ru/2019/okrug/usl_7-11.pdf
M-2018-2019-moscow-10.2,vsosh,municipal,2018,2018/2019,Москва,,,2,number_theory;combinatorics,,Смешанный вопрос,automatic,,,False,archive/vsosh/municipal/2018-2019/moscow/beb463a8e308ee_usl_7-11.pdf,4,https://mmo.mccme.ru/2019/okrug/usl_7-11.pdf
M-2018-2019-moscow-10.3,vsosh,municipal,2018,2018/2019,Москва,,,3,geometry,angles,Доказательство,automatic,,,False,archive/vsosh/municipal/2018-2019/moscow/beb463a8e308ee_usl_7-11.pdf,4,https://mmo.mccme.ru/2019/okrug/usl_7-11.pdf
M-2018-2019-moscow-10.4,vsosh,municipal,2018,2018/2019,Москва,,,4,geometry;number_theory;combinatorics,extremal;angles,Оценка и конструкция,automatic,,,False,archive/vsosh/municipal/2018-2019/moscow/beb463a8e308ee_usl_7-11.pdf,4,https://mmo.mccme.ru/2019/okrug/usl_7-11.pdf
M-2018-2019-moscow-10.5,vsosh,municipal,2018,2018/2019,Москва,,,5,algebra,,Найти все,automatic,,,False,archive/vsosh/municipal/2018-2019/moscow/beb463a8e308ee_usl_7-11.pdf,4,https://mmo.mccme.ru/2019/okrug/usl_7-11.pdf
M-2018-2019-moscow-10.6,vsosh,municipal,2018,2018/2019,Москва,,,6,combinatorics,extremal;construction;information,Оценка и конструкция,automatic,,,False,archive/vsosh/municipal/2018-2019/moscow/beb463a8e308ee_usl_7-11.pdf,4,https://mmo.mccme.ru/2019/okrug/usl_7-11.pdf
M-2017-2018-moscow-10.1,vsosh,municipal,2017,2017/2018,Москва,,,1,combinatorics,,Существование или невозможность,automatic,,,False,archive/vsosh/municipal/2017-2018/moscow/3a73566fcceb20_usl_7-11.pdf,4,https://mmo.mccme.ru/2018/okrug/usl_7-11.pdf
M-2017-2018-moscow-10.2,vsosh,municipal,2017,2017/2018,Москва,,,2,algebra,polynomials,Существование или невозможность,automatic,,,False,archive/vsosh/municipal/2017-2018/moscow/3a73566fcceb20_usl_7-11.pdf,4,https://mmo.mccme.ru/2018/okrug/usl_7-11.pdf
M-2017-2018-moscow-10.3,vsosh,municipal,2017,2017/2018,Москва,,,3,geometry,angles,Доказательство,automatic,,,False,archive/vsosh/municipal/2017-2018/moscow/3a73566fcceb20_usl_7-11.pdf,4,https://mmo.mccme.ru/2018/okrug/usl_7-11.pdf
M-2017-2018-moscow-10.4,vsosh,municipal,2017,2017/2018,Москва,,,4,number_theory,extremal,Подсчёт,automatic,,,False,archive/vsosh/municipal/2017-2018/moscow/3a73566fcceb20_usl_7-11.pdf,4,https://mmo.mccme.ru/2018/okrug/usl_7-11.pdf
M-2017-2018-moscow-10.5,vsosh,municipal,2017,2017/2018,Москва,,,5,geometry,angles;areas;bijection,Доказательство,automatic,,,False,archive/vsosh/municipal/2017-2018/moscow/3a73566fcceb20_usl_7-11.pdf,4,https://mmo.mccme.ru/2018/okrug/usl_7-11.pdf
M-2017-2018-moscow-10.6,vsosh,municipal,2017,2017/2018,Москва,,,6,combinatorics,strategy;information,Игра или стратегия,automatic,,,False,archive/vsosh/municipal/2017-2018/moscow/3a73566fcceb20_usl_7-11.pdf,4,https://mmo.mccme.ru/2018/okrug/usl_7-11.pdf
M-2015-2016-moscow-10.1,vsosh,municipal,2015,2015/2016,Москва,,,1,number_theory;combinatorics,construction,Существование или невозможность,automatic,,,False,archive/vsosh/municipal/2015-2016/moscow/14d09c4403c539_usl_7-11.pdf,4,https://mmo.mccme.ru/2016/okrug/usl_7-11.pdf
M-2015-2016-moscow-10.2,vsosh,municipal,2015,2015/2016,Москва,,,2,number_theory,extremal,Оценка и конструкция,automatic,,,False,archive/vsosh/municipal/2015-2016/moscow/14d09c4403c539_usl_7-11.pdf,4,https://mmo.mccme.ru/2016/okrug/usl_7-11.pdf
M-2015-2016-moscow-10.3,vsosh,municipal,2015,2015/2016,Москва,,,3,geometry,angles,Доказательство,automatic,,,False,archive/vsosh/municipal/2015-2016/moscow/14d09c4403c539_usl_7-11.pdf,4,https://mmo.mccme.ru/2016/okrug/usl_7-11.pdf
M-2015-2016-moscow-10.4,vsosh,municipal,2015,2015/2016,Москва,,,4,algebra,polynomials,Доказательство,automatic,,,False,archive/vsosh/municipal/2015-2016/moscow/14d09c4403c539_usl_7-11.pdf,4,https://mmo.mccme.ru/2016/okrug/usl_7-11.pdf
M-2015-2016-moscow-10.5,vsosh,municipal,2015,2015/2016,Москва,,,5,combinatorics,,Существование или невозможность,automatic,,,False,archive/vsosh/municipal/2015-2016/moscow/14d09c4403c539_usl_7-11.pdf,4,https://mmo.mccme.ru/2016/okrug/usl_7-11.pdf
M-2015-2016-moscow-10.6,vsosh,municipal,2015,2015/2016,Москва,,,6,geometry;number_theory,angles;areas;information,Доказательство,automatic,,,False,archive/vsosh/municipal/2015-2016/moscow/14d09c4403c539_usl_7-11.pdf,4,https://mmo.mccme.ru/2016/okrug/usl_7-11.pdf
M-2014-2015-moscow-10.1,vsosh,municipal,2014,2014/2015,Москва,,,1,number_theory,modular,Смешанный вопрос,automatic,,,False,archive/vsosh/municipal/2014-2015/moscow/b17db93aafce39_usl_7-11.pdf,4,https://mmo.mccme.ru/2015/okrug/usl_7-11.pdf
M-2014-2015-moscow-10.2,vsosh,municipal,2014,2014/2015,Москва,,,2,algebra,similarity;polynomials,Доказательство,automatic,,,False,archive/vsosh/municipal/2014-2015/moscow/b17db93aafce39_usl_7-11.pdf,4,https://mmo.mccme.ru/2015/okrug/usl_7-11.pdf
M-2014-2015-moscow-10.3,vsosh,municipal,2014,2014/2015,Москва,,,3,unclassified,,Доказательство,automatic,,,False,archive/vsosh/municipal/2014-2015/moscow/b17db93aafce39_usl_7-11.pdf,4,https://mmo.mccme.ru/2015/okrug/usl_7-11.pdf
M-2014-2015-moscow-10.4,vsosh,municipal,2014,2014/2015,Москва,,,4,combinatorics;algebra,extremal,Оценка и конструкция,automatic,,,False,archive/vsosh/municipal/2014-2015/moscow/b17db93aafce39_usl_7-11.pdf,4,https://mmo.mccme.ru/2015/okrug/usl_7-11.pdf
M-2014-2015-moscow-10.5,vsosh,municipal,2014,2014/2015,Москва,,,5,geometry,angles;bijection,Вычисление,automatic,,,False,archive/vsosh/municipal/2014-2015/moscow/b17db93aafce39_usl_7-11.pdf,4,https://mmo.mccme.ru/2015/okrug/usl_7-11.pdf
M-2014-2015-moscow-10.6,vsosh,municipal,2014,2014/2015,Москва,,,6,geometry;combinatorics,angles;information,Подсчёт,automatic,,,False,archive/vsosh/municipal/2014-2015/moscow/b17db93aafce39_usl_7-11.pdf,4,https://mmo.mccme.ru/2015/okrug/usl_7-11.pdf
M-2012-2013-moscow-10.1,vsosh,municipal,2012,2012/2013,Москва,,,1,number_theory;combinatorics,gcd,Смешанный вопрос,automatic,,,False,archive/vsosh/municipal/2012-2013/moscow/b5d2e6fc2dd1df_7-11.pdf,4,https://mmo.mccme.ru/2013/okrug/7-11.pdf
M-2012-2013-moscow-10.2,vsosh,municipal,2012,2012/2013,Москва,,,2,algebra,polynomials,Доказательство,automatic,,,False,archive/vsosh/municipal/2012-2013/moscow/b5d2e6fc2dd1df_7-11.pdf,4,https://mmo.mccme.ru/2013/okrug/7-11.pdf
M-2012-2013-moscow-10.3,vsosh,municipal,2012,2012/2013,Москва,,,3,geometry,angles;areas;bijection,Вычисление,automatic,,,False,archive/vsosh/municipal/2012-2013/moscow/b5d2e6fc2dd1df_7-11.pdf,4,https://mmo.mccme.ru/2013/okrug/7-11.pdf
M-2012-2013-moscow-10.4,vsosh,municipal,2012,2012/2013,Москва,,,4,combinatorics,extremal;construction,Оценка и конструкция,automatic,,,False,archive/vsosh/municipal/2012-2013/moscow/b5d2e6fc2dd1df_7-11.pdf,4,https://mmo.mccme.ru/2013/okrug/7-11.pdf
M-2012-2013-moscow-10.5,vsosh,municipal,2012,2012/2013,Москва,,,5,geometry;combinatorics,angles,Доказательство,automatic,,,False,archive/vsosh/municipal/2012-2013/moscow/b5d2e6fc2dd1df_7-11.pdf,4,https://mmo.mccme.ru/2013/okrug/7-11.pdf
M-2012-2013-moscow-10.6,vsosh,municipal,2012,2012/2013,Москва,,,6,number_theory;algebra,information,Доказательство,automatic,,,False,archive/vsosh/municipal/2012-2013/moscow/b5d2e6fc2dd1df_7-11.pdf,4,https://mmo.mccme.ru/2013/okrug/7-11.pdf
M-2012-2013-moscow-10.7,vsosh,municipal,2012,2012/2013,Москва,,,7,combinatorics,graphs,Смешанный вопрос,automatic,,,False,archive/vsosh/municipal/2012-2013/moscow/2cec5b9c863746_pr.644_1.10.12.dogm.pdf,3,http://vos.olimpiada.ru/files/m_files/19/pr.644_1.10.12.dogm.pdf
M-2012-2013-moscow-10.9,vsosh,municipal,2012,2012/2013,Москва,,,9,unclassified,,Смешанный вопрос,automatic,,,False,archive/vsosh/municipal/2012-2013/moscow/2cec5b9c863746_pr.644_1.10.12.dogm.pdf,8,http://vos.olimpiada.ru/files/m_files/19/pr.644_1.10.12.dogm.pdf
M-2011-2012-moscow-10.1,vsosh,municipal,2011,2011/2012,Москва,,,1,geometry;combinatorics,angles,Смешанный вопрос,automatic,,,False,archive/vsosh/municipal/2011-2012/moscow/85ae71710a6ff6_7-11.pdf,4,https://mmo.mccme.ru/2012/okrug/7-11.pdf
M-2011-2012-moscow-10.2,vsosh,municipal,2011,2011/2012,Москва,,,2,combinatorics;algebra,graphs,Доказательство,automatic,,,False,archive/vsosh/municipal/2011-2012/moscow/85ae71710a6ff6_7-11.pdf,4,https://mmo.mccme.ru/2012/okrug/7-11.pdf
M-2011-2012-moscow-10.3,vsosh,municipal,2011,2011/2012,Москва,,,3,geometry;combinatorics,angles;areas;bijection,Доказательство,automatic,,,False,archive/vsosh/municipal/2011-2012/moscow/85ae71710a6ff6_7-11.pdf,4,https://mmo.mccme.ru/2012/okrug/7-11.pdf
M-2011-2012-moscow-10.4,vsosh,municipal,2011,2011/2012,Москва,,,4,combinatorics,extremal;information,Оценка и конструкция,automatic,,,False,archive/vsosh/municipal/2011-2012/moscow/85ae71710a6ff6_7-11.pdf,4,https://mmo.mccme.ru/2012/okrug/7-11.pdf
M-2011-2012-moscow-10.5,vsosh,municipal,2011,2011/2012,Москва,,,5,geometry;combinatorics,angles,Доказательство,automatic,,,False,archive/vsosh/municipal/2011-2012/moscow/85ae71710a6ff6_7-11.pdf,4,https://mmo.mccme.ru/2012/okrug/7-11.pdf
M-2011-2012-moscow-10.6,vsosh,municipal,2011,2011/2012,Москва,,,6,number_theory;algebra,information,Доказательство,automatic,,,False,archive/vsosh/municipal/2011-2012/moscow/85ae71710a6ff6_7-11.pdf,4,https://mmo.mccme.ru/2012/okrug/7-11.pdf
R-2026-10.1,vsosh,regional,2026,2025/2026,Федеральный комплект,1,,1,algebra,symmetry;construction,Доказательство,solution_reviewed,1,Перестановка шести последовательных чисел для целой суммы дробей.,True,archive/vsosh/regional/2025-2026/moscow/b25fd7563997dd_iii-day1.pdf,3,https://olympiads.mccme.ru/vmo/2026/iii-day1.pdf
R-2026-10.2,vsosh,regional,2026,2025/2026,Федеральный комплект,1,,2,combinatorics,double_counting;bijection,Доказательство,solution_reviewed,2,Сравнение доминошечных покрытий и наборов окрашенных границ.,True,archive/vsosh/regional/2025-2026/moscow/b25fd7563997dd_iii-day1.pdf,3,https://olympiads.mccme.ru/vmo/2026/iii-day1.pdf
R-2026-10.3,vsosh,regional,2026,2025/2026,Федеральный комплект,1,,3,geometry,projection;bounds,Доказательство,solution_reviewed,2,Периметр пятиугольника из середин отрезков к центрам окружностей.,True,archive/vsosh/regional/2025-2026/moscow/b25fd7563997dd_iii-day1.pdf,3,https://olympiads.mccme.ru/vmo/2026/iii-day1.pdf
R-2026-10.4,vsosh,regional,2026,2025/2026,Федеральный комплект,1,,4,number_theory,gcd;bounds;extremal,Существование или невозможность,solution_reviewed,2,Может ли (a-1)*(b-1)*(c-1) для делителей n делиться на n^2.,True,archive/vsosh/regional/2025-2026/moscow/b25fd7563997dd_iii-day1.pdf,3,https://olympiads.mccme.ru/vmo/2026/iii-day1.pdf
R-2026-10.5,vsosh,regional,2026,2025/2026,Федеральный комплект,1,,5,combinatorics,information;strategy;induction,Оценка и конструкция,solution_reviewed,3,"Поиск кольца с ответами, среди которых не бывает двух лжей подряд.",True,archive/vsosh/regional/2025-2026/moscow/b25fd7563997dd_iii-day1.pdf,3,https://olympiads.mccme.ru/vmo/2026/iii-day1.pdf
R-2026-10.6,vsosh,regional,2026,2025/2026,Федеральный комплект,2,,6,number_theory;combinatorics,parity;modular,Существование или невозможность,statement_reviewed,1,Восемь последовательных сумм противоположных пар из 16 последовательных чисел.,True,archive/vsosh/regional/2025-2026/moscow/9c932d5166b11c_iii-day2.pdf,3,https://olympiads.mccme.ru/vmo/2026/iii-day2.pdf
R-2026-10.7,vsosh,regional,2026,2025/2026,Федеральный комплект,2,,7,geometry;algebra,coordinates,Доказательство,statement_reviewed,1,Касательная к единичной окружности и прямоугольный треугольник из коэффициентов.,True,archive/vsosh/regional/2025-2026/moscow/9c932d5166b11c_iii-day2.pdf,3,https://olympiads.mccme.ru/vmo/2026/iii-day2.pdf
R-2026-10.8,vsosh,regional,2026,2025/2026,Федеральный комплект,2,,8,combinatorics,graphs;bounds;construction,Оценка и конструкция,statement_reviewed,2,"Максимум рёбер графа, где степени соседей отличаются на один.",True,archive/vsosh/regional/2025-2026/moscow/9c932d5166b11c_iii-day2.pdf,3,https://olympiads.mccme.ru/vmo/2026/iii-day2.pdf
R-2026-10.9,vsosh,regional,2026,2025/2026,Федеральный комплект,2,,9,geometry,symmetry;angles;power,Доказательство,statement_reviewed,3,Отражения центра окружности и касание двух новых окружностей.,True,archive/vsosh/regional/2025-2026/moscow/9c932d5166b11c_iii-day2.pdf,3,https://olympiads.mccme.ru/vmo/2026/iii-day2.pdf
R-2026-10.10,vsosh,regional,2026,2025/2026,Федеральный комплект,2,,10,number_theory;algebra,polynomials;factorization;construction,Доказательство,statement_reviewed,3,Кубический целый многочлен с корнями-квадратами принимает по модулю квадрат.,True,archive/vsosh/regional/2025-2026/moscow/9c932d5166b11c_iii-day2.pdf,3,https://olympiads.mccme.ru/vmo/2026/iii-day2.pdf
R-2025-10.1,vsosh,regional,2025,2024/2025,Федеральный комплект,1,,1,algebra,vieta;symmetry,Смешанный вопрос,solution_reviewed,1,Свободный член трёхчлена по значению на сумме корней.,False,archive/vsosh/regional/2024-2025/sverdlovsk/81517167987d67_usloviya-1-den-9-11-klass.pdf,2,https://zsfond.ru/wp-content/uploads/2025/02/usloviya-1-den-9-11-klass.pdf
R-2025-10.2,vsosh,regional,2025,2024/2025,Федеральный комплект,1,,2,combinatorics,graphs;construction,Существование или невозможность,solution_reviewed,2,Добавить десять авиалиний к циклу из тридцати городов.,False,archive/vsosh/regional/2024-2025/sverdlovsk/81517167987d67_usloviya-1-den-9-11-klass.pdf,2,https://zsfond.ru/wp-content/uploads/2025/02/usloviya-1-den-9-11-klass.pdf
R-2025-10.3,vsosh,regional,2025,2024/2025,Федеральный комплект,1,,3,algebra,factorization;bounds,Доказательство,statement_reviewed,2,Разность двух циклических сумм и разность двух переменных.,False,archive/vsosh/regional/2024-2025/sverdlovsk/81517167987d67_usloviya-1-den-9-11-klass.pdf,2,https://zsfond.ru/wp-content/uploads/2025/02/usloviya-1-den-9-11-klass.pdf
R-2025-10.4,vsosh,regional,2025,2024/2025,Федеральный комплект,1,,4,number_theory;geometry,parity;descent,Существование или невозможность,solution_reviewed,3,Конечные узлы сетки с равноудалённой точкой для каждой пары.,False,archive/vsosh/regional/2024-2025/sverdlovsk/81517167987d67_usloviya-1-den-9-11-klass.pdf,2,https://zsfond.ru/wp-content/uploads/2025/02/usloviya-1-den-9-11-klass.pdf
R-2025-10.5,vsosh,regional,2025,2024/2025,Федеральный комплект,1,,5,geometry,coordinates;bounds,Доказательство,statement_reviewed,3,Ортоцентры двух треугольников и геометрическое неравенство.,False,archive/vsosh/regional/2024-2025/sverdlovsk/81517167987d67_usloviya-1-den-9-11-klass.pdf,2,https://zsfond.ru/wp-content/uploads/2025/02/usloviya-1-den-9-11-klass.pdf
R-2025-10.6,vsosh,regional,2025,2024/2025,Федеральный комплект,2,,6,number_theory;combinatorics,invariant;parity;graphs,Существование или невозможность,solution_reviewed,1,Табло с изменениями на 50 или 51 и ограничением 0..99.,False,archive/vsosh/regional/2024-2025/sverdlovsk/e87595d1af6bf7_usloviya-2-den-9-11-klass.pdf,2,https://zsfond.ru/wp-content/uploads/2025/02/usloviya-2-den-9-11-klass.pdf
R-2025-10.7,vsosh,regional,2025,2024/2025,Федеральный комплект,2,,7,geometry,angles;symmetry,Доказательство,solution_reviewed,2,Биссектрисы прямоугольной трапеции и касание окружностей.,False,archive/vsosh/regional/2024-2025/sverdlovsk/e87595d1af6bf7_usloviya-2-den-9-11-klass.pdf,2,https://zsfond.ru/wp-content/uploads/2025/02/usloviya-2-den-9-11-klass.pdf
R-2025-10.8,vsosh,regional,2025,2024/2025,Федеральный комплект,2,,8,combinatorics,matching;bounds;construction,Оценка и конструкция,statement_reviewed,3,Единственное доминошечное разбиение двухцветного прямоугольника.,False,archive/vsosh/regional/2024-2025/sverdlovsk/e87595d1af6bf7_usloviya-2-den-9-11-klass.pdf,2,https://zsfond.ru/wp-content/uploads/2025/02/usloviya-2-den-9-11-klass.pdf
R-2025-10.9,vsosh,regional,2025,2024/2025,Федеральный комплект,2,,9,number_theory,modular;construction,Существование или невозможность,statement_reviewed,3,Арифметическая прогрессия из чисел с одной последней цифрой простых делителей.,False,archive/vsosh/regional/2024-2025/sverdlovsk/e87595d1af6bf7_usloviya-2-den-9-11-klass.pdf,2,https://zsfond.ru/wp-content/uploads/2025/02/usloviya-2-den-9-11-klass.pdf
R-2025-10.10,vsosh,regional,2025,2024/2025,Федеральный комплект,2,,10,geometry;combinatorics,pigeonhole;coordinates;areas,Доказательство,statement_reviewed,3,Два треугольника равной площади среди целых точек параболы.,False,archive/vsosh/regional/2024-2025/sverdlovsk/e87595d1af6bf7_usloviya-2-den-9-11-klass.pdf,2,https://zsfond.ru/wp-content/uploads/2025/02/usloviya-2-den-9-11-klass.pdf
R-2024-10.1,vsosh,regional,2024,2023/2024,Федеральный комплект,1,,1,combinatorics;geometry,extremal;areas;bounds,Существование или невозможность,solution_reviewed,1,Можно ли сложить квадрат из различных полосок 1xj.,False,archive/vsosh/regional/2023-2024/sverdlovsk/68cebd691fc652_10-klass-zadanie-1-tura.pdf,1,https://zsfond.ru/wp-content/uploads/2024/02/10-klass-zadanie-1-tura.pdf
R-2024-10.2,vsosh,regional,2024,2023/2024,Федеральный комплект,1,,2,algebra;geometry,coordinates,Доказательство,statement_reviewed,2,Общая точка боковых сторон трапеций на параболе.,False,archive/vsosh/regional/2023-2024/sverdlovsk/68cebd691fc652_10-klass-zadanie-1-tura.pdf,1,https://zsfond.ru/wp-content/uploads/2024/02/10-klass-zadanie-1-tura.pdf
R-2024-10.3,vsosh,regional,2024,2023/2024,Федеральный комплект,1,,3,combinatorics,strategy;bounds;construction,Оценка и конструкция,statement_reviewed,2,Игра на круге с максимизацией разноцветных соседств.,False,archive/vsosh/regional/2023-2024/sverdlovsk/68cebd691fc652_10-klass-zadanie-1-tura.pdf,1,https://zsfond.ru/wp-content/uploads/2024/02/10-klass-zadanie-1-tura.pdf
R-2024-10.4,vsosh,regional,2024,2023/2024,Федеральный комплект,1,,4,combinatorics;number_theory,extremal;bounds,Подсчёт,solution_reviewed,2,Подряд идущий блок перестановки 1..1000 с суммой в заданном интервале.,False,archive/vsosh/regional/2023-2024/sverdlovsk/68cebd691fc652_10-klass-zadanie-1-tura.pdf,1,https://zsfond.ru/wp-content/uploads/2024/02/10-klass-zadanie-1-tura.pdf
R-2024-10.5,vsosh,regional,2024,2023/2024,Федеральный комплект,1,,5,geometry,projection;bounds,Доказательство,solution_reviewed,3,Периметр четырёх центров вписанных окружностей и сумма радиусов.,False,archive/vsosh/regional/2023-2024/sverdlovsk/68cebd691fc652_10-klass-zadanie-1-tura.pdf,1,https://zsfond.ru/wp-content/uploads/2024/02/10-klass-zadanie-1-tura.pdf
R-2024-10.6,vsosh,regional,2024,2023/2024,Федеральный комплект,2,,6,algebra,bounds,Смешанный вопрос,statement_reviewed,1,Сумма трёх величин 1/(x^2+x+1) для различных x.,False,archive/vsosh/regional/2023-2024/federal/48f2dbbebe9984_Задания_РЭ_ВсОШ_2023-24_математика.pdf,4,https://vso.edsoo.ru/index.php/s/Z6koPaoPfx2Fjse/download/%D0%9C%D0%B0%D1%82%D0%B5%D0%BC%D0%B0%D1%82%D0%B8%D0%BA%D0%B0%20%D0%A0%D0%AD%20%D0%92%D1%81%D0%9E%D0%A8%202023-24.zip
R-2024-10.7,vsosh,regional,2024,2023/2024,Федеральный комплект,2,,7,number_theory,modular;bounds,Смешанный вопрос,statement_reviewed,2,Десять последовательных чисел с одинаковой частотой всех цифр.,False,archive/vsosh/regional/2023-2024/federal/48f2dbbebe9984_Задания_РЭ_ВсОШ_2023-24_математика.pdf,4,https://vso.edsoo.ru/index.php/s/Z6koPaoPfx2Fjse/download/%D0%9C%D0%B0%D1%82%D0%B5%D0%BC%D0%B0%D1%82%D0%B8%D0%BA%D0%B0%20%D0%A0%D0%AD%20%D0%92%D1%81%D0%9E%D0%A8%202023-24.zip
R-2024-10.8,vsosh,regional,2024,2023/2024,Федеральный комплект,2,,8,geometry,angles;similarity,Доказательство,solution_reviewed,2,Середины сторон и взаимный перенос вписанности.,False,archive/vsosh/regional/2023-2024/federal/48f2dbbebe9984_Задания_РЭ_ВсОШ_2023-24_математика.pdf,4,https://vso.edsoo.ru/index.php/s/Z6koPaoPfx2Fjse/download/%D0%9C%D0%B0%D1%82%D0%B5%D0%BC%D0%B0%D1%82%D0%B8%D0%BA%D0%B0%20%D0%A0%D0%AD%20%D0%92%D1%81%D0%9E%D0%A8%202023-24.zip
R-2024-10.9,vsosh,regional,2024,2023/2024,Федеральный комплект,2,,9,number_theory,modular;factorization;bounds,Найти все,statement_reviewed,3,Тройки натуральных чисел с простыми делителями произведения квадратов плюс один.,False,archive/vsosh/regional/2023-2024/federal/48f2dbbebe9984_Задания_РЭ_ВсОШ_2023-24_математика.pdf,4,https://vso.edsoo.ru/index.php/s/Z6koPaoPfx2Fjse/download/%D0%9C%D0%B0%D1%82%D0%B5%D0%BC%D0%B0%D1%82%D0%B8%D0%BA%D0%B0%20%D0%A0%D0%AD%20%D0%92%D1%81%D0%9E%D0%A8%202023-24.zip
R-2024-10.10,vsosh,regional,2024,2023/2024,Федеральный комплект,2,,10,combinatorics,graphs;bounds;construction,Оценка и конструкция,statement_reviewed,3,Рыцари и лжецы с различными заявленными степенями дружбы.,False,archive/vsosh/regional/2023-2024/federal/48f2dbbebe9984_Задания_РЭ_ВсОШ_2023-24_математика.pdf,4,https://vso.edsoo.ru/index.php/s/Z6koPaoPfx2Fjse/download/%D0%9C%D0%B0%D1%82%D0%B5%D0%BC%D0%B0%D1%82%D0%B8%D0%BA%D0%B0%20%D0%A0%D0%AD%20%D0%92%D1%81%D0%9E%D0%A8%202023-24.zip
R-2023-10.1,vsosh,regional,2023,2022/2023,Федеральный комплект,1,,1,combinatorics,construction,Существование или невозможность,solution_reviewed,1,Восемь изменений в таблице 6x6 и двенадцать разных положительных сумм.,False,archive/vsosh/regional/2022-2023/sverdlovsk/494b34508ef0c4_usloviya-i-tur-10-klass.pdf,1,https://zsfond.ru/wp-content/uploads/2023/02/usloviya-i-tur-10-klass.pdf
R-2023-10.2,vsosh,regional,2023,2022/2023,Федеральный комплект,1,,2,geometry,areas;bounds,Подсчёт,statement_reviewed,2,"Разрезание треугольника 5-12-13 на фигуры с площадью, равной периметру.",False,archive/vsosh/regional/2022-2023/sverdlovsk/494b34508ef0c4_usloviya-i-tur-10-klass.pdf,1,https://zsfond.ru/wp-content/uploads/2023/02/usloviya-i-tur-10-klass.pdf
R-2023-10.3,vsosh,regional,2023,2022/2023,Федеральный комплект,1,,3,combinatorics,extremal;contradiction,Смешанный вопрос,solution_reviewed,3,Общий участник любых 30 олимпиад должен участвовать во всех 50.,False,archive/vsosh/regional/2022-2023/sverdlovsk/494b34508ef0c4_usloviya-i-tur-10-klass.pdf,1,https://zsfond.ru/wp-content/uploads/2023/02/usloviya-i-tur-10-klass.pdf
R-2023-10.4,vsosh,regional,2023,2022/2023,Федеральный комплект,1,,4,number_theory,modular;bounds,Доказательство,statement_reviewed,3,Из делимости abc+1 на ab-b+1 вывести a делит b.,False,archive/vsosh/regional/2022-2023/sverdlovsk/494b34508ef0c4_usloviya-i-tur-10-klass.pdf,1,https://zsfond.ru/wp-content/uploads/2023/02/usloviya-i-tur-10-klass.pdf
R-2023-10.5,vsosh,regional,2023,2022/2023,Федеральный комплект,1,,5,geometry,angles;power,Доказательство,statement_reviewed,3,Ортоцентр и серединный перпендикуляр к HD.,False,archive/vsosh/regional/2022-2023/sverdlovsk/494b34508ef0c4_usloviya-i-tur-10-klass.pdf,1,https://zsfond.ru/wp-content/uploads/2023/02/usloviya-i-tur-10-klass.pdf
R-2023-10.6,vsosh,regional,2023,2022/2023,Федеральный комплект,2,,6,number_theory,valuations;gcd,Оценка и конструкция,solution_reviewed,1,Может ли НОК чисел до m увеличиться ровно в четыре раза.,False,archive/vsosh/regional/2022-2023/sverdlovsk/c5e52df2c6218d_usloviya-ii-tur-10-klass.pdf,1,https://zsfond.ru/wp-content/uploads/2023/02/usloviya-ii-tur-10-klass.pdf
R-2023-10.7,vsosh,regional,2023,2022/2023,Федеральный комплект,2,,7,algebra;number_theory,construction;polynomials;bounds,Доказательство,statement_reviewed,2,Выбор 30-значного значения многочлена с трёхзначными коэффициентами.,False,archive/vsosh/regional/2022-2023/sverdlovsk/c5e52df2c6218d_usloviya-ii-tur-10-klass.pdf,1,https://zsfond.ru/wp-content/uploads/2023/02/usloviya-ii-tur-10-klass.pdf
R-2023-10.8,vsosh,regional,2023,2022/2023,Федеральный комплект,2,,8,geometry,angles;symmetry,Доказательство,solution_reviewed,2,Биссектриса параллелограмма и вписанный четырёхугольник.,False,archive/vsosh/regional/2022-2023/sverdlovsk/c5e52df2c6218d_usloviya-ii-tur-10-klass.pdf,1,https://zsfond.ru/wp-content/uploads/2023/02/usloviya-ii-tur-10-klass.pdf
R-2023-10.9,vsosh,regional,2023,2022/2023,Федеральный комплект,2,,9,combinatorics,double_counting;bounds;construction,Оценка и конструкция,statement_reviewed,3,Разные расстояния между соседними одноцветными столбами.,False,archive/vsosh/regional/2022-2023/sverdlovsk/c5e52df2c6218d_usloviya-ii-tur-10-klass.pdf,1,https://zsfond.ru/wp-content/uploads/2023/02/usloviya-ii-tur-10-klass.pdf
R-2023-10.10,vsosh,regional,2023,2022/2023,Федеральный комплект,2,,10,algebra,order;bounds,Доказательство,statement_reviewed,3,Циклическое неравенство с тремя радикалами.,False,archive/vsosh/regional/2022-2023/sverdlovsk/c5e52df2c6218d_usloviya-ii-tur-10-klass.pdf,1,https://zsfond.ru/wp-content/uploads/2023/02/usloviya-ii-tur-10-klass.pdf
R-2022-10.1,vsosh,regional,2022,2021/2022,Федеральный комплект,1,,1,number_theory;combinatorics,construction,Существование или невозможность,solution_reviewed,1,Десять различных чисел с тремя кратными 5 и четырьмя кратными 4.,False,archive/vsosh/regional/2021-2022/federal/04b78203db8261_day1-all-three.pdf,2,https://vso.edsoo.ru/index.php/s/gQkkPcaC5LQkwzy/download/%D0%9C%D0%B0%D1%82%D0%B5%D0%BC%D0%B0%D1%82%D0%B8%D0%BA%D0%B0.7z
R-2022-10.2,vsosh,regional,2022,2021/2022,Федеральный комплект,1,,2,algebra,symmetry;polynomials;construction,Существование или невозможность,statement_reviewed,2,Три различных аргумента с P(b+c)=P(a) и циклическими равенствами.,False,archive/vsosh/regional/2021-2022/federal/04b78203db8261_day1-all-three.pdf,2,https://vso.edsoo.ru/index.php/s/gQkkPcaC5LQkwzy/download/%D0%9C%D0%B0%D1%82%D0%B5%D0%BC%D0%B0%D1%82%D0%B8%D0%BA%D0%B0.7z
R-2022-10.3,vsosh,regional,2022,2021/2022,Федеральный комплект,1,,3,combinatorics,bounds;construction,Оценка и конструкция,statement_reviewed,2,Группы конфет с обязательным сортом ровно из десяти штук.,True,archive/vsosh/regional/2021-2022/federal/04b78203db8261_day1-all-three.pdf,2,https://vso.edsoo.ru/index.php/s/gQkkPcaC5LQkwzy/download/%D0%9C%D0%B0%D1%82%D0%B5%D0%BC%D0%B0%D1%82%D0%B8%D0%BA%D0%B0.7z
R-2022-10.4,vsosh,regional,2022,2021/2022,Федеральный комплект,1,,4,algebra;number_theory,factorization;polynomials;symmetry,Доказательство,solution_reviewed,3,Симметричные целые коэффициенты и квадратный делитель P(2022).,False,archive/vsosh/regional/2021-2022/federal/04b78203db8261_day1-all-three.pdf,2,https://vso.edsoo.ru/index.php/s/gQkkPcaC5LQkwzy/download/%D0%9C%D0%B0%D1%82%D0%B5%D0%BC%D0%B0%D1%82%D0%B8%D0%BA%D0%B0.7z
R-2022-10.5,vsosh,regional,2022,2021/2022,Федеральный комплект,1,,5,geometry,angles;power,Доказательство,statement_reviewed,3,Два треугольника с общей вписанной окружностью в шестиугольнике.,False,archive/vsosh/regional/2021-2022/federal/04b78203db8261_day1-all-three.pdf,2,https://vso.edsoo.ru/index.php/s/gQkkPcaC5LQkwzy/download/%D0%9C%D0%B0%D1%82%D0%B5%D0%BC%D0%B0%D1%82%D0%B8%D0%BA%D0%B0.7z
R-2022-10.6,vsosh,regional,2022,2021/2022,Федеральный комплект,2,,6,number_theory,modular,Смешанный вопрос,solution_reviewed,1,Простая сумма остатков трёх последовательных нечётных чисел.,False,archive/vsosh/regional/2021-2022/federal/79cec42c2f0bd1_day2-all-three.pdf,2,https://vso.edsoo.ru/index.php/s/gQkkPcaC5LQkwzy/download/%D0%9C%D0%B0%D1%82%D0%B5%D0%BC%D0%B0%D1%82%D0%B8%D0%BA%D0%B0.7z
R-2022-10.7,vsosh,regional,2022,2021/2022,Федеральный комплект,2,,7,geometry,angles;symmetry,Смешанный вопрос,solution_reviewed,2,Биссектриса во вписанном четырёхугольнике с углом A=2B.,False,archive/vsosh/regional/2021-2022/federal/79cec42c2f0bd1_day2-all-three.pdf,2,https://vso.edsoo.ru/index.php/s/gQkkPcaC5LQkwzy/download/%D0%9C%D0%B0%D1%82%D0%B5%D0%BC%D0%B0%D1%82%D0%B8%D0%BA%D0%B0.7z
R-2022-10.8,vsosh,regional,2022,2021/2022,Федеральный комплект,2,,8,geometry;combinatorics,angles;bounds;construction,Оценка и конструкция,statement_reviewed,3,Максимум точек с целыми углами всех треугольников.,False,archive/vsosh/regional/2021-2022/federal/79cec42c2f0bd1_day2-all-three.pdf,2,https://vso.edsoo.ru/index.php/s/gQkkPcaC5LQkwzy/download/%D0%9C%D0%B0%D1%82%D0%B5%D0%BC%D0%B0%D1%82%D0%B8%D0%BA%D0%B0.7z
R-2022-10.9,vsosh,regional,2022,2021/2022,Федеральный комплект,2,,9,combinatorics,invariant;construction,Оценка и конструкция,solution_reviewed,3,Соседние обмены с ограничением разности номеров фишек.,False,archive/vsosh/regional/2021-2022/federal/79cec42c2f0bd1_day2-all-three.pdf,2,https://vso.edsoo.ru/index.php/s/gQkkPcaC5LQkwzy/download/%D0%9C%D0%B0%D1%82%D0%B5%D0%BC%D0%B0%D1%82%D0%B8%D0%BA%D0%B0.7z
R-2022-10.10,vsosh,regional,2022,2021/2022,Федеральный комплект,2,,10,number_theory,bounds;modular,Существование или невозможность,statement_reviewed,3,Сумма цифр факториала неограниченно возрастает.,False,archive/vsosh/regional/2021-2022/federal/79cec42c2f0bd1_day2-all-three.pdf,2,https://vso.edsoo.ru/index.php/s/gQkkPcaC5LQkwzy/download/%D0%9C%D0%B0%D1%82%D0%B5%D0%BC%D0%B0%D1%82%D0%B8%D0%BA%D0%B0.7z
R-2021-10.1,vsosh,regional,2021,2020/2021,Федеральный комплект,1,,1,geometry;combinatorics,order;bounds;construction,Смешанный вопрос,statement_reviewed,1,Треугольники из трёх длинных и трёх коротких палочек.,False,archive/vsosh/regional/2020-2021/moscow/c9bb543200000e_iii-1.pdf,12,https://olympiads.mccme.ru/vmo/2021/iii-1.pdf
R-2021-10.2,vsosh,regional,2021,2020/2021,Федеральный комплект,1,,2,algebra,bounds;contradiction,Существование или невозможность,statement_reviewed,2,Знак произведения при двух неравенствах с четвёртыми степенями.,False,archive/vsosh/regional/2020-2021/moscow/c9bb543200000e_iii-1.pdf,12,https://olympiads.mccme.ru/vmo/2021/iii-1.pdf
R-2021-10.3,vsosh,regional,2021,2020/2021,Федеральный комплект,1,,3,number_theory,valuations;extremal,Существование или невозможность,solution_reviewed,2,Бесконечность множества с соотношением a=b*(3c-5)/15.,False,archive/vsosh/regional/2020-2021/moscow/c9bb543200000e_iii-1.pdf,13,https://olympiads.mccme.ru/vmo/2021/iii-1.pdf
R-2021-10.4,vsosh,regional,2021,2020/2021,Федеральный комплект,1,,4,geometry,angles;power,Доказательство,statement_reviewed,3,"Точки касания, средняя линия и касание второй окружности.",False,archive/vsosh/regional/2020-2021/moscow/c9bb543200000e_iii-1.pdf,13,https://olympiads.mccme.ru/vmo/2021/iii-1.pdf
R-2021-10.5,vsosh,regional,2021,2020/2021,Федеральный комплект,1,,5,combinatorics,strategy;symmetry,Игра или стратегия,statement_reviewed,3,Игра диагональных и вертикальных отрезков клеток.,False,archive/vsosh/regional/2020-2021/moscow/c9bb543200000e_iii-1.pdf,15,https://olympiads.mccme.ru/vmo/2021/iii-1.pdf
R-2021-10.6,vsosh,regional,2021,2020/2021,Федеральный комплект,2,,6,number_theory,parity;construction;bounds,Оценка и конструкция,statement_reviewed,2,Максимум нечётных цифр в двух слагаемых и их сумме.,False,archive/vsosh/regional/2020-2021/moscow/4610608a0e95fa_iii-2.pdf,13,https://olympiads.mccme.ru/vmo/2021/iii-2.pdf
R-2021-10.7,vsosh,regional,2021,2020/2021,Федеральный комплект,2,,7,combinatorics;number_theory,pigeonhole;parity;modular,Смешанный вопрос,solution_reviewed,2,"Расстановка 1..81 с соседством чисел, отличающихся на три.",False,archive/vsosh/regional/2020-2021/moscow/4610608a0e95fa_iii-2.pdf,13,https://olympiads.mccme.ru/vmo/2021/iii-2.pdf
R-2021-10.8,vsosh,regional,2021,2020/2021,Федеральный комплект,2,,8,geometry,angles;similarity,Доказательство,statement_reviewed,3,Касание двух окружностей в равнобедренном треугольнике.,False,archive/vsosh/regional/2020-2021/moscow/4610608a0e95fa_iii-2.pdf,14,https://olympiads.mccme.ru/vmo/2021/iii-2.pdf
R-2021-10.9,vsosh,regional,2021,2020/2021,Федеральный комплект,2,,9,combinatorics,information;strategy;construction,Игра или стратегия,solution_reviewed,3,Карточный фокус с поиском карт 1 и 2 по двум вскрытиям.,False,archive/vsosh/regional/2020-2021/moscow/4610608a0e95fa_iii-2.pdf,15,https://olympiads.mccme.ru/vmo/2021/iii-2.pdf
R-2021-10.10,vsosh,regional,2021,2020/2021,Федеральный комплект,2,,10,number_theory,valuations;modular,Существование или невозможность,statement_reviewed,3,Попарные НОК как непостоянная арифметическая прогрессия.,False,archive/vsosh/regional/2020-2021/moscow/4610608a0e95fa_iii-2.pdf,17,https://olympiads.mccme.ru/vmo/2021/iii-2.pdf
R-2020-10.1,vsosh,regional,2020,2019/2020,Федеральный комплект,1,,1,number_theory,construction;factorization,Вычисление,solution_reviewed,1,Четырёхзначное число с произведением суммы и произведения цифр 3990.,False,archive/vsosh/regional/2019-2020/moscow/e0bcdb81a64e0a_iii-day1.pdf,2,https://olympiads.mccme.ru/vmo/2020/iii-day1.pdf
R-2020-10.2,vsosh,regional,2020,2019/2020,Федеральный комплект,1,,2,combinatorics;number_theory,bounds;contradiction,Смешанный вопрос,solution_reviewed,1,Два n-элементных множества с суммой n^2 обязаны пересекаться.,False,archive/vsosh/regional/2019-2020/moscow/e0bcdb81a64e0a_iii-day1.pdf,2,https://olympiads.mccme.ru/vmo/2020/iii-day1.pdf
R-2020-10.3,vsosh,regional,2020,2019/2020,Федеральный комплект,1,,3,combinatorics,strategy;construction,Игра или стратегия,solution_reviewed,2,Крестики против доминошек на доске 8x8.,False,archive/vsosh/regional/2019-2020/moscow/e0bcdb81a64e0a_iii-day1.pdf,2,https://olympiads.mccme.ru/vmo/2020/iii-day1.pdf
R-2020-10.4,vsosh,regional,2020,2019/2020,Федеральный комплект,1,,4,number_theory,factorization;extremal,Доказательство,statement_reviewed,3,Число py+1 без разложения на два множителя больше y.,False,archive/vsosh/regional/2019-2020/moscow/e0bcdb81a64e0a_iii-day1.pdf,2,https://olympiads.mccme.ru/vmo/2020/iii-day1.pdf
R-2020-10.5,vsosh,regional,2020,2019/2020,Федеральный комплект,1,,5,geometry,areas;bounds,Смешанный вопрос,solution_reviewed,3,Диаметр вписанной окружности и расстояние между серединами сторон.,False,archive/vsosh/regional/2019-2020/moscow/e0bcdb81a64e0a_iii-day1.pdf,2,https://olympiads.mccme.ru/vmo/2020/iii-day1.pdf
R-2020-10.6,vsosh,regional,2020,2019/2020,Федеральный комплект,2,,6,algebra,construction,Подсчёт,solution_reviewed,1,Сложениями и произведениями cos(x) получить нуль при x=pi.,False,archive/vsosh/regional/2019-2020/moscow/2e887ae52d5be7_iii-day2.pdf,2,https://olympiads.mccme.ru/vmo/2020/iii-day2.pdf
R-2020-10.7,vsosh,regional,2020,2019/2020,Федеральный комплект,2,,7,geometry,angles;coordinates,Доказательство,statement_reviewed,2,Прямоугольники с внешними вершинами на одной окружности.,False,archive/vsosh/regional/2019-2020/moscow/2e887ae52d5be7_iii-day2.pdf,2,https://olympiads.mccme.ru/vmo/2020/iii-day2.pdf
R-2020-10.8,vsosh,regional,2020,2019/2020,Федеральный комплект,2,,8,algebra;number_theory,vieta;extremal;parity;bounds,Существование или невозможность,solution_reviewed,3,Последовательные натуральные коэффициенты трёхчленов с целыми корнями.,False,archive/vsosh/regional/2019-2020/moscow/2e887ae52d5be7_iii-day2.pdf,2,https://olympiads.mccme.ru/vmo/2020/iii-day2.pdf
R-2020-10.9,vsosh,regional,2020,2019/2020,Федеральный комплект,2,,9,geometry;combinatorics,parity;angles,Подсчёт,statement_reviewed,3,Разбиение правильного многоугольника на многоугольники с нечётным числом сторон.,False,archive/vsosh/regional/2019-2020/moscow/2e887ae52d5be7_iii-day2.pdf,2,https://olympiads.mccme.ru/vmo/2020/iii-day2.pdf
R-2020-10.10,vsosh,regional,2020,2019/2020,Федеральный комплект,2,,10,algebra;combinatorics,information;polynomials;strategy,Игра или стратегия,solution_reviewed,3,Определение одного из двух скрытых многочленов по ответам.,False,archive/vsosh/regional/2019-2020/moscow/2e887ae52d5be7_iii-day2.pdf,2,https://olympiads.mccme.ru/vmo/2020/iii-day2.pdf
R-2019-10.1,vsosh,regional,2019,2018/2019,Федеральный комплект,1,,1,combinatorics,bounds;construction,Смешанный вопрос,statement_reviewed,1,Максимум рыцарей при двух сериях числовых утверждений.,False,archive/vsosh/regional/2018-2019/moscow/209d3bd3a6ea3f_iii-day1.pdf,2,https://olympiads.mccme.ru/vmo/2019/iii-day1.pdf
R-2019-10.2,vsosh,regional,2019,2018/2019,Федеральный комплект,1,,2,number_theory;geometry,extremal;valuations;bounds,Доказательство,statement_reviewed,2,Целочисленные стороны и делимость периметра на каждую сторону.,False,archive/vsosh/regional/2018-2019/moscow/209d3bd3a6ea3f_iii-day1.pdf,2,https://olympiads.mccme.ru/vmo/2019/iii-day1.pdf
R-2019-10.3,vsosh,regional,2019,2018/2019,Федеральный комплект,1,,3,algebra;combinatorics,parity;graphs,Смешанный вопрос,statement_reviewed,2,Максимум иррациональных чисел в переставленных строках с рациональными суммами.,True,archive/vsosh/regional/2018-2019/moscow/209d3bd3a6ea3f_iii-day1.pdf,2,https://olympiads.mccme.ru/vmo/2019/iii-day1.pdf
R-2019-10.4,vsosh,regional,2019,2018/2019,Федеральный комплект,1,,4,algebra,polynomials;recurrence;bounds,Оценка и конструкция,statement_reviewed,3,Наименьшие корни чётных многочленов и убывание последовательности.,False,archive/vsosh/regional/2018-2019/moscow/209d3bd3a6ea3f_iii-day1.pdf,2,https://olympiads.mccme.ru/vmo/2019/iii-day1.pdf
R-2019-10.5,vsosh,regional,2019,2018/2019,Федеральный комплект,1,,5,geometry,angles;power,Смешанный вопрос,statement_reviewed,3,"Биссектриса, продолженная медиана и касательная.",False,archive/vsosh/regional/2018-2019/moscow/209d3bd3a6ea3f_iii-day1.pdf,2,https://olympiads.mccme.ru/vmo/2019/iii-day1.pdf
R-2019-10.6,vsosh,regional,2019,2018/2019,Федеральный комплект,2,,6,number_theory,modular;construction;factorization,Доказательство,statement_reviewed,1,Сумма трёх из четырёх последовательных чисел с тремя различными множителями.,False,archive/vsosh/regional/2018-2019/moscow/0b54e710ef4b25_iii-day2.pdf,2,https://olympiads.mccme.ru/vmo/2019/iii-day2.pdf
R-2019-10.7,vsosh,regional,2019,2018/2019,Федеральный комплект,2,,7,algebra,factorization;bounds,Доказательство,statement_reviewed,2,Убывание последовательности разностей корней степени 2^n.,False,archive/vsosh/regional/2018-2019/moscow/0b54e710ef4b25_iii-day2.pdf,2,https://olympiads.mccme.ru/vmo/2019/iii-day2.pdf
R-2019-10.8,vsosh,regional,2019,2018/2019,Федеральный комплект,2,,8,geometry,projection;symmetry,Доказательство,solution_reviewed,2,Диаметр окружности через середины двух отрезков основания.,False,archive/vsosh/regional/2018-2019/moscow/0b54e710ef4b25_iii-day2.pdf,2,https://olympiads.mccme.ru/vmo/2019/iii-day2.pdf
R-2019-10.9,vsosh,regional,2019,2018/2019,Федеральный комплект,2,,9,combinatorics,recurrence;construction,Вычисление,statement_reviewed,3,Двухцветные раскраски с триангуляцией разноцветными диагоналями.,False,archive/vsosh/regional/2018-2019/moscow/0b54e710ef4b25_iii-day2.pdf,2,https://olympiads.mccme.ru/vmo/2019/iii-day2.pdf
R-2019-10.10,vsosh,regional,2019,2018/2019,Федеральный комплект,2,,10,number_theory,modular;recurrence,Оценка и конструкция,statement_reviewed,3,"Член рекуррентной последовательности, кратный произвольному k.",False,archive/vsosh/regional/2018-2019/moscow/0b54e710ef4b25_iii-day2.pdf,2,https://olympiads.mccme.ru/vmo/2019/iii-day2.pdf
R-2018-10.1,vsosh,regional,2018,2017/2018,Федеральный комплект,1,,1,combinatorics,construction,Смешанный вопрос,statement_reviewed,1,Разбиение квадрата с одинаковым числом квадратиков каждого размера.,False,archive/vsosh/regional/2017-2018/moscow/a863a3fbd92d08_iii-day1.pdf,2,https://olympiads.mccme.ru/vmo/2018/iii-day1.pdf
R-2018-10.2,vsosh,regional,2018,2017/2018,Федеральный комплект,1,,2,combinatorics;number_theory,strategy;parity,Игра или стратегия,solution_reviewed,2,Игра на числах до 2018 с целью получить арифметическую прогрессию.,False,archive/vsosh/regional/2017-2018/moscow/a863a3fbd92d08_iii-day1.pdf,2,https://olympiads.mccme.ru/vmo/2018/iii-day1.pdf
R-2018-10.3,vsosh,regional,2018,2017/2018,Федеральный комплект,1,,3,algebra,contradiction;bounds,Доказательство,statement_reviewed,2,Из x^5-y^3>=2x вывести x^3>=2y.,False,archive/vsosh/regional/2017-2018/moscow/a863a3fbd92d08_iii-day1.pdf,2,https://olympiads.mccme.ru/vmo/2018/iii-day1.pdf
R-2018-10.4,vsosh,regional,2018,2017/2018,Федеральный комплект,1,,4,geometry,angles,Доказательство,solution_reviewed,2,Центр окружности BXP на окружности ABO.,False,archive/vsosh/regional/2017-2018/moscow/a863a3fbd92d08_iii-day1.pdf,2,https://olympiads.mccme.ru/vmo/2018/iii-day1.pdf
R-2018-10.5,vsosh,regional,2018,2017/2018,Федеральный комплект,1,,5,number_theory;combinatorics,extremal;recurrence,Подсчёт,statement_reviewed,3,Расстановки на круге с делимостью суммы соседей.,False,archive/vsosh/regional/2017-2018/moscow/a863a3fbd92d08_iii-day1.pdf,2,https://olympiads.mccme.ru/vmo/2018/iii-day1.pdf
R-2018-10.6,vsosh,regional,2018,2017/2018,Федеральный комплект,2,,6,number_theory;algebra,construction,Доказательство,statement_reviewed,1,Нужное целое значение среди дробей k/(n-k).,True,archive/vsosh/regional/2017-2018/moscow/aae8f652a0d229_iii-day2.pdf,2,https://olympiads.mccme.ru/vmo/2018/iii-day2.pdf
R-2018-10.7,vsosh,regional,2018,2017/2018,Федеральный комплект,2,,7,geometry,construction,Смешанный вопрос,statement_reviewed,2,Четырёхугольник из четырёх равных треугольников.,False,archive/vsosh/regional/2017-2018/moscow/aae8f652a0d229_iii-day2.pdf,2,https://olympiads.mccme.ru/vmo/2018/iii-day2.pdf
R-2018-10.8,vsosh,regional,2018,2017/2018,Федеральный комплект,2,,8,combinatorics,bounds;construction,Оценка и конструкция,statement_reviewed,3,Максимум небьющих друг друга гепардов на доске.,False,archive/vsosh/regional/2017-2018/moscow/aae8f652a0d229_iii-day2.pdf,2,https://olympiads.mccme.ru/vmo/2018/iii-day2.pdf
R-2018-10.9,vsosh,regional,2018,2017/2018,Федеральный комплект,2,,9,number_theory,gcd;extremal,Доказательство,statement_reviewed,3,Сумма простых чисел меньше n взаимно проста с n.,False,archive/vsosh/regional/2017-2018/moscow/aae8f652a0d229_iii-day2.pdf,2,https://olympiads.mccme.ru/vmo/2018/iii-day2.pdf
R-2018-10.10,vsosh,regional,2018,2017/2018,Федеральный комплект,2,,10,geometry,similarity;bounds,Доказательство,solution_reviewed,3,Сравнение периметров в треугольнике с углами 30 градусов.,False,archive/vsosh/regional/2017-2018/moscow/aae8f652a0d229_iii-day2.pdf,2,https://olympiads.mccme.ru/vmo/2018/iii-day2.pdf
R-2017-10.1,vsosh,regional,2017,2016/2017,Федеральный комплект,1,,1,algebra,construction,Существование или невозможность,solution_reviewed,1,Пять натуральных сомножителей уменьшают на три.,False,archive/vsosh/regional/2016-2017/moscow/ffe73ee256596c_iii-day1.pdf,2,https://olympiads.mccme.ru/vmo/2017/iii-day1.pdf
R-2017-10.2,vsosh,regional,2017,2016/2017,Федеральный комплект,1,,2,geometry,angles,Доказательство,statement_reviewed,2,Две точки пересечения сторон описанного четырёхугольника.,False,archive/vsosh/regional/2016-2017/moscow/ffe73ee256596c_iii-day1.pdf,2,https://olympiads.mccme.ru/vmo/2017/iii-day1.pdf
R-2017-10.3,vsosh,regional,2017,2016/2017,Федеральный комплект,1,,3,number_theory;combinatorics,modular;construction,Оценка и конструкция,statement_reviewed,2,Уравнивание 2017 коробок за минимальное число ходов.,False,archive/vsosh/regional/2016-2017/moscow/ffe73ee256596c_iii-day1.pdf,2,https://olympiads.mccme.ru/vmo/2017/iii-day1.pdf
R-2017-10.4,vsosh,regional,2017,2016/2017,Федеральный комплект,1,,4,algebra;number_theory,polynomials;construction;bounds,Оценка и конструкция,statement_reviewed,3,Определение целого унитарного многочлена по произведению значений.,False,archive/vsosh/regional/2016-2017/moscow/ffe73ee256596c_iii-day1.pdf,2,https://olympiads.mccme.ru/vmo/2017/iii-day1.pdf
R-2017-10.5,vsosh,regional,2017,2016/2017,Федеральный комплект,2,,5,algebra;combinatorics,bounds;construction,Оценка и конструкция,statement_reviewed,2,Рациональные произведения в таблице из рациональных и иррациональных чисел.,False,archive/vsosh/regional/2016-2017/moscow/84f55674260a16_iii-day2.pdf,2,https://olympiads.mccme.ru/vmo/2017/iii-day2.pdf
R-2017-10.6,vsosh,regional,2017,2016/2017,Федеральный комплект,2,,6,number_theory,recurrence;gcd;induction,Подсчёт,solution_reviewed,2,Суммы квадратов и рост числа различных простых делителей.,False,archive/vsosh/regional/2016-2017/moscow/84f55674260a16_iii-day2.pdf,2,https://olympiads.mccme.ru/vmo/2017/iii-day2.pdf
R-2017-10.7,vsosh,regional,2017,2016/2017,Федеральный комплект,2,,7,geometry;combinatorics,graphs;extremal,Доказательство,statement_reviewed,2,Разбиение многоугольника на равнобедренные треугольники.,False,archive/vsosh/regional/2016-2017/moscow/84f55674260a16_iii-day2.pdf,2,https://olympiads.mccme.ru/vmo/2017/iii-day2.pdf
R-2017-10.8,vsosh,regional,2017,2016/2017,Федеральный комплект,2,,8,geometry,angles;similarity,Доказательство,statement_reviewed,3,Две параллельности в конфигурации с описанной окружностью.,False,archive/vsosh/regional/2016-2017/moscow/84f55674260a16_iii-day2.pdf,2,https://olympiads.mccme.ru/vmo/2017/iii-day2.pdf
R-2016-10.1,vsosh,regional,2016,2015/2016,Федеральный комплект,1,,1,algebra,polynomials,Смешанный вопрос,solution_reviewed,1,Циклическая сумма значений трёхчленов на чужих корнях.,False,archive/vsosh/regional/2015-2016/moscow/1d3cf4382aa4fa_iii-day1.pdf,2,https://olympiads.mccme.ru/vmo/2016/iii-day1.pdf
R-2016-10.2,vsosh,regional,2016,2015/2016,Федеральный комплект,1,,2,number_theory,modular;valuations,Оценка и конструкция,statement_reviewed,2,Сумма НОК двух цветов среди десяти последовательных чисел.,False,archive/vsosh/regional/2015-2016/moscow/1d3cf4382aa4fa_iii-day1.pdf,2,https://olympiads.mccme.ru/vmo/2016/iii-day1.pdf
R-2016-10.3,vsosh,regional,2016,2015/2016,Федеральный комплект,1,,3,geometry,angles;similarity,Доказательство,solution_reviewed,2,Перенос свойства вписанности при равных отрезках.,False,archive/vsosh/regional/2015-2016/moscow/1d3cf4382aa4fa_iii-day1.pdf,2,https://olympiads.mccme.ru/vmo/2016/iii-day1.pdf
R-2016-10.4,vsosh,regional,2016,2015/2016,Федеральный комплект,1,,4,combinatorics,bounds;construction;double_counting,Оценка и конструкция,statement_reviewed,3,Максимум разноцветных соседств при ограничениях на строки и столбцы.,False,archive/vsosh/regional/2015-2016/moscow/1d3cf4382aa4fa_iii-day1.pdf,2,https://olympiads.mccme.ru/vmo/2016/iii-day1.pdf
R-2016-10.5,vsosh,regional,2016,2015/2016,Федеральный комплект,2,,5,algebra,extremal;construction;bounds,Найти все,statement_reviewed,2,Классификация множеств с условием a+b в A -> ab в A.,False,archive/vsosh/regional/2015-2016/moscow/6a26b3e08e8c14_iii-day2.pdf,2,https://olympiads.mccme.ru/vmo/2016/iii-day2.pdf
R-2016-10.6,vsosh,regional,2016,2015/2016,Федеральный комплект,2,,6,geometry,angles,Доказательство,statement_reviewed,2,Окружность в равнобокой трапеции и новая касательная.,False,archive/vsosh/regional/2015-2016/moscow/6a26b3e08e8c14_iii-day2.pdf,2,https://olympiads.mccme.ru/vmo/2016/iii-day2.pdf
R-2016-10.7,vsosh,regional,2016,2015/2016,Федеральный комплект,2,,7,combinatorics,bijection;graphs,Доказательство,statement_reviewed,3,Хорошие пары мальчик-девочка на круге.,False,archive/vsosh/regional/2015-2016/moscow/6a26b3e08e8c14_iii-day2.pdf,2,https://olympiads.mccme.ru/vmo/2016/iii-day2.pdf
R-2016-10.8,vsosh,regional,2016,2015/2016,Федеральный комплект,2,,8,algebra,factorization;bounds,Найти все,statement_reviewed,3,Система разностей степеней 100 и 200.,False,archive/vsosh/regional/2015-2016/moscow/6a26b3e08e8c14_iii-day2.pdf,2,https://olympiads.mccme.ru/vmo/2016/iii-day2.pdf
R-2015-10.1,vsosh,regional,2015,2014/2015,Федеральный комплект,1,,1,number_theory;algebra,parity;extremal,Доказательство,statement_reviewed,2,Равенство произведений (1+x_i) и (1-x_i) для 13 целых.,False,archive/vsosh/regional/2014-2015/moscow/dfd286357b017d_iii-day1.pdf,2,https://olympiads.mccme.ru/vmo/2015/iii-day1.pdf
R-2015-10.2,vsosh,regional,2015,2014/2015,Федеральный комплект,1,,2,combinatorics,information;parity;construction,Найти все,statement_reviewed,3,Восстановление чисел в вершинах по неупорядоченным тройкам.,False,archive/vsosh/regional/2014-2015/moscow/dfd286357b017d_iii-day1.pdf,2,https://olympiads.mccme.ru/vmo/2015/iii-day1.pdf
R-2015-10.3,vsosh,regional,2015,2014/2015,Федеральный комплект,1,,3,geometry,symmetry;angles,Доказательство,solution_reviewed,2,"Биссектриса, серединный перпендикуляр и касание окружности.",False,archive/vsosh/regional/2014-2015/moscow/dfd286357b017d_iii-day1.pdf,2,https://olympiads.mccme.ru/vmo/2015/iii-day1.pdf
R-2015-10.4,vsosh,regional,2015,2014/2015,Федеральный комплект,1,,4,algebra,bounds,Доказательство,statement_reviewed,3,Неравенство с радикалами при ab+bc+ca=1.,False,archive/vsosh/regional/2014-2015/moscow/dfd286357b017d_iii-day1.pdf,2,https://olympiads.mccme.ru/vmo/2015/iii-day1.pdf
R-2015-10.5,vsosh,regional,2015,2014/2015,Федеральный комплект,2,,5,algebra;number_theory,bounds;construction,Смешанный вопрос,statement_reviewed,2,"Целый рейтинг фильма, убывающий на единицу с каждым голосом.",False,archive/vsosh/regional/2014-2015/moscow/e7f525b51f90ad_iii-day2.pdf,2,https://olympiads.mccme.ru/vmo/2015/iii-day2.pdf
R-2015-10.6,vsosh,regional,2015,2014/2015,Федеральный комплект,2,,6,geometry,angles;symmetry,Доказательство,solution_reviewed,2,Биссектриса прямоугольного треугольника и сумма двух отрезков.,False,archive/vsosh/regional/2014-2015/moscow/e7f525b51f90ad_iii-day2.pdf,2,https://olympiads.mccme.ru/vmo/2015/iii-day2.pdf
R-2015-10.7,vsosh,regional,2015,2014/2015,Федеральный комплект,2,,7,algebra;number_theory,construction;bounds;polynomials,Смешанный вопрос,statement_reviewed,3,Изменение целых коэффициентов трёхчлена с ограниченной стоимостью.,False,archive/vsosh/regional/2014-2015/moscow/e7f525b51f90ad_iii-day2.pdf,2,https://olympiads.mccme.ru/vmo/2015/iii-day2.pdf
R-2015-10.8,vsosh,regional,2015,2014/2015,Федеральный комплект,2,,8,combinatorics,bounds;construction;graphs,Смешанный вопрос,statement_reviewed,3,Четыре разных цвета в пересечении двух строк и столбцов.,False,archive/vsosh/regional/2014-2015/moscow/e7f525b51f90ad_iii-day2.pdf,2,https://olympiads.mccme.ru/vmo/2015/iii-day2.pdf
R-2014-10.1,vsosh,regional,2014,2013/2014,Федеральный комплект,1,,1,number_theory;combinatorics,contradiction;bounds;modular,Доказательство,solution_reviewed,1,17 школьных оценок и целое среднее арифметическое.,False,archive/vsosh/regional/2013-2014/moscow/9ae2593c18b9a9_iii-day1.pdf,2,https://olympiads.mccme.ru/vmo/2014/iii-day1.pdf
R-2014-10.2,vsosh,regional,2014,2013/2014,Федеральный комплект,1,,2,number_theory,modular;construction;factorization,Существование или невозможность,solution_reviewed,2,Стозначные числа с заданными окончаниями квадрата и куба.,False,archive/vsosh/regional/2013-2014/moscow/9ae2593c18b9a9_iii-day1.pdf,2,https://olympiads.mccme.ru/vmo/2014/iii-day1.pdf
R-2014-10.3,vsosh,regional,2014,2013/2014,Федеральный комплект,1,,3,combinatorics,bounds;construction;bijection,Оценка и конструкция,statement_reviewed,3,Максимум слов длины до 13 без слова-конкатенации.,False,archive/vsosh/regional/2013-2014/moscow/9ae2593c18b9a9_iii-day1.pdf,2,https://olympiads.mccme.ru/vmo/2014/iii-day1.pdf
R-2014-10.4,vsosh,regional,2014,2013/2014,Федеральный комплект,1,,4,geometry,areas;similarity,Доказательство,statement_reviewed,3,Три равных конкурентных отрезка под углами 60 градусов.,False,archive/vsosh/regional/2013-2014/moscow/9ae2593c18b9a9_iii-day1.pdf,2,https://olympiads.mccme.ru/vmo/2014/iii-day1.pdf
R-2014-10.5,vsosh,regional,2014,2013/2014,Федеральный комплект,2,,5,algebra;combinatorics,strategy;vieta,Смешанный вопрос,statement_reviewed,2,Игра с коэффициентами кубического уравнения и разностью корней.,False,archive/vsosh/regional/2013-2014/moscow/f4c5dfd23f4f3f_iii-day2.pdf,2,https://olympiads.mccme.ru/vmo/2014/iii-day2.pdf
R-2014-10.6,vsosh,regional,2014,2013/2014,Федеральный комплект,2,,6,geometry,power;angles,Доказательство,statement_reviewed,3,Касательные и окружность на диаметре AO.,False,archive/vsosh/regional/2013-2014/moscow/f4c5dfd23f4f3f_iii-day2.pdf,2,https://olympiads.mccme.ru/vmo/2014/iii-day2.pdf
R-2014-10.7,vsosh,regional,2014,2013/2014,Федеральный комплект,2,,7,number_theory,valuations;extremal,Оценка и конструкция,statement_reviewed,3,Могут ли НОК соседей на круге стать последовательными числами.,False,archive/vsosh/regional/2013-2014/moscow/f4c5dfd23f4f3f_iii-day2.pdf,2,https://olympiads.mccme.ru/vmo/2014/iii-day2.pdf
R-2014-10.8,vsosh,regional,2014,2013/2014,Федеральный комплект,2,,8,combinatorics,parity;graphs;induction,Подсчёт,solution_reviewed,2,Дополнение фишек до чётности каждой строки и столбца.,False,archive/vsosh/regional/2013-2014/moscow/f4c5dfd23f4f3f_iii-day2.pdf,2,https://olympiads.mccme.ru/vmo/2014/iii-day2.pdf
R-2013-10.1,vsosh,regional,2013,2012/2013,Федеральный комплект,1,,1,number_theory,modular;construction,Найти все,statement_reviewed,1,Последняя цифра N при M=3N и заданных изменениях цифр.,False,archive/vsosh/regional/2012-2013/moscow/ab9932c17685fe_iii-day1.pdf,2,https://olympiads.mccme.ru/vmo/2013/iii-day1.pdf
R-2013-10.2,vsosh,regional,2013,2012/2013,Федеральный комплект,1,,2,geometry,angles;symmetry,Доказательство,statement_reviewed,2,Хорда через основания высот и две касательные.,False,archive/vsosh/regional/2012-2013/moscow/ab9932c17685fe_iii-day1.pdf,2,https://olympiads.mccme.ru/vmo/2013/iii-day1.pdf
R-2013-10.3,vsosh,regional,2013,2012/2013,Федеральный комплект,1,,3,algebra,vieta;polynomials,Доказательство,statement_reviewed,2,Равенство сумм корней трёх квадратных трёхчленов.,False,archive/vsosh/regional/2012-2013/moscow/ab9932c17685fe_iii-day1.pdf,2,https://olympiads.mccme.ru/vmo/2013/iii-day1.pdf
R-2013-10.4,vsosh,regional,2013,2012/2013,Федеральный комплект,1,,4,number_theory;combinatorics,bounds;construction,Существование или невозможность,statement_reviewed,3,Разбиение натуральных чисел на конечные блоки с заданными суммами.,False,archive/vsosh/regional/2012-2013/moscow/ab9932c17685fe_iii-day1.pdf,2,https://olympiads.mccme.ru/vmo/2013/iii-day1.pdf
R-2013-10.5,vsosh,regional,2013,2012/2013,Федеральный комплект,2,,5,combinatorics,double_counting,Подсчёт,statement_reviewed,2,Правдивые ответы соседок в двухцветном хороводе.,False,archive/vsosh/regional/2012-2013/moscow/296589f4971e9f_iii-day2.pdf,2,https://olympiads.mccme.ru/vmo/2013/iii-day2.pdf
R-2013-10.6,vsosh,regional,2013,2012/2013,Федеральный комплект,2,,6,number_theory,gcd;contradiction,Доказательство,solution_reviewed,1,Из 1/a+1/b=1/c следует составность a+c или b+c.,False,archive/vsosh/regional/2012-2013/moscow/296589f4971e9f_iii-day2.pdf,2,https://olympiads.mccme.ru/vmo/2013/iii-day2.pdf
R-2013-10.7,vsosh,regional,2013,2012/2013,Федеральный комплект,2,,7,geometry,similarity;power;projection,Доказательство,statement_reviewed,3,Площади треугольников из точек общих касательных двух окружностей.,False,archive/vsosh/regional/2012-2013/moscow/296589f4971e9f_iii-day2.pdf,2,https://olympiads.mccme.ru/vmo/2013/iii-day2.pdf
R-2013-10.8,vsosh,regional,2013,2012/2013,Федеральный комплект,2,,8,combinatorics,bounds;construction,Оценка и конструкция,statement_reviewed,3,Перестановка фишек по окружности с увеличением малых расстояний.,False,archive/vsosh/regional/2012-2013/moscow/296589f4971e9f_iii-day2.pdf,2,https://olympiads.mccme.ru/vmo/2013/iii-day2.pdf
R-2012-10.1,vsosh,regional,2012,2011/2012,Федеральный комплект,1,,1,algebra,order;bounds,Доказательство,statement_reviewed,1,Сравнение произведений выбранных положительных чисел.,False,archive/vsosh/regional/2011-2012/moscow/5fa1088f91c924_iii-day1.pdf,2,https://olympiads.mccme.ru/vmo/2012/iii-day1.pdf
R-2012-10.2,vsosh,regional,2012,2011/2012,Федеральный комплект,1,,2,geometry,angles,Доказательство,solution_reviewed,2,Два вписанных четырёхугольника в шестиугольнике.,False,archive/vsosh/regional/2011-2012/moscow/5fa1088f91c924_iii-day1.pdf,2,https://olympiads.mccme.ru/vmo/2012/iii-day1.pdf
R-2012-10.3,vsosh,regional,2012,2011/2012,Федеральный комплект,1,,3,algebra;number_theory,recurrence,Смешанный вопрос,solution_reviewed,2,Целочисленность рекуррентной последовательности через среднее.,False,archive/vsosh/regional/2011-2012/moscow/5fa1088f91c924_iii-day1.pdf,2,https://olympiads.mccme.ru/vmo/2012/iii-day1.pdf
R-2012-10.4,vsosh,regional,2012,2011/2012,Федеральный комплект,1,,4,combinatorics,parity;matching;bijection;induction,Вычисление,solution_reviewed,3,Разность числа чётных и нечётных паросочетаний на окружности.,False,archive/vsosh/regional/2011-2012/moscow/5fa1088f91c924_iii-day1.pdf,2,https://olympiads.mccme.ru/vmo/2012/iii-day1.pdf
R-2012-10.5,vsosh,regional,2012,2011/2012,Федеральный комплект,2,,5,geometry;algebra,angles;construction,Смешанный вопрос,statement_reviewed,2,Совпадения синусов и косинусов углов пятиугольника.,False,archive/vsosh/regional/2011-2012/moscow/0b788b9b3656b7_iii-day2.pdf,2,https://olympiads.mccme.ru/vmo/2012/iii-day2.pdf
R-2012-10.6,vsosh,regional,2012,2011/2012,Федеральный комплект,2,,6,number_theory,gcd;factorization;bounds,Оценка и конструкция,statement_reviewed,3,Максимум попарно взаимно простых чисел 1+a^j.,False,archive/vsosh/regional/2011-2012/moscow/0b788b9b3656b7_iii-day2.pdf,2,https://olympiads.mccme.ru/vmo/2012/iii-day2.pdf
R-2012-10.7,vsosh,regional,2012,2011/2012,Федеральный комплект,2,,7,combinatorics,invariant;modular;construction,Найти все,solution_reviewed,3,Перекрашивание квадратов 2x2 в цикле из трёх цветов.,False,archive/vsosh/regional/2011-2012/moscow/0b788b9b3656b7_iii-day2.pdf,2,https://olympiads.mccme.ru/vmo/2012/iii-day2.pdf
R-2012-10.8,vsosh,regional,2012,2011/2012,Федеральный комплект,2,,8,geometry,angles;similarity,Доказательство,statement_reviewed,2,Окружность в прямоугольной трапеции и равенство углов.,False,archive/vsosh/regional/2011-2012/moscow/0b788b9b3656b7_iii-day2.pdf,2,https://olympiads.mccme.ru/vmo/2012/iii-day2.pdf
R-2011-10.1,vsosh,regional,2011,2010/2011,Федеральный комплект,1,,1,algebra,bounds,Доказательство,solution_reviewed,1,Два обгона при трёх кругах и отношение скоростей.,False,archive/vsosh/regional/2010-2011/moscow/5e60d68aecae1b_iii-1.pdf,7,https://olympiads.mccme.ru/vmo/2011/iii-1.pdf
R-2011-10.2,vsosh,regional,2011,2010/2011,Федеральный комплект,1,,2,geometry,angles,Доказательство,statement_reviewed,2,Четыре центра окружностей при равенстве двух углов.,False,archive/vsosh/regional/2010-2011/moscow/5e60d68aecae1b_iii-1.pdf,7,https://olympiads.mccme.ru/vmo/2011/iii-1.pdf
R-2011-10.3,vsosh,regional,2011,2010/2011,Федеральный комплект,1,,3,number_theory;combinatorics,modular;double_counting,Смешанный вопрос,statement_reviewed,2,Могут ли суммы 14 чисел покрыть все двузначные окончания.,False,archive/vsosh/regional/2010-2011/moscow/5e60d68aecae1b_iii-1.pdf,8,https://olympiads.mccme.ru/vmo/2011/iii-1.pdf
R-2011-10.4,vsosh,regional,2011,2010/2011,Федеральный комплект,1,,4,algebra,polynomials,Доказательство,statement_reviewed,3,Попарно общий корень у трёх разреженных многочленов.,False,archive/vsosh/regional/2010-2011/moscow/5e60d68aecae1b_iii-1.pdf,8,https://olympiads.mccme.ru/vmo/2011/iii-1.pdf
R-2011-10.5,vsosh,regional,2011,2010/2011,Федеральный комплект,2,,5,number_theory,gcd;modular,Найти все,statement_reviewed,2,Параметр a и целочисленность a*n*(n+2)*(n+3)*(n+4).,False,archive/vsosh/regional/2010-2011/moscow/60fbdeaa08db78_iii-2.pdf,8,https://olympiads.mccme.ru/vmo/2011/iii-2.pdf
R-2011-10.6,vsosh,regional,2011,2010/2011,Федеральный комплект,2,,6,algebra;combinatorics,order;extremal;bounds;construction,Оценка и конструкция,solution_reviewed,2,"Конечный набор, замкнутый относительно суммы трёх чисел.",False,archive/vsosh/regional/2010-2011/moscow/60fbdeaa08db78_iii-2.pdf,8,https://olympiads.mccme.ru/vmo/2011/iii-2.pdf
R-2011-10.7,vsosh,regional,2011,2010/2011,Федеральный комплект,2,,7,geometry,angles;coordinates,Доказательство,statement_reviewed,3,Ромб из центра окружности и ортоцентра.,False,archive/vsosh/regional/2010-2011/moscow/60fbdeaa08db78_iii-2.pdf,9,https://olympiads.mccme.ru/vmo/2011/iii-2.pdf
R-2011-10.8,vsosh,regional,2011,2010/2011,Федеральный комплект,2,,8,combinatorics;number_theory,pigeonhole;bounds;construction,Оценка и конструкция,statement_reviewed,3,Из целочисленных частей двухметровой палки сложить прямоугольник.,False,archive/vsosh/regional/2010-2011/moscow/60fbdeaa08db78_iii-2.pdf,10,https://olympiads.mccme.ru/vmo/2011/iii-2.pdf
R-2010-10.1,vsosh,regional,2010,2009/2010,Федеральный комплект,1,,1,combinatorics,extremal;contradiction,Существование или невозможность,solution_reviewed,1,Девять лыжников и ровно четыре обгона для каждого.,False,archive/vsosh/regional/2009-2010/moscow/822eaa1cef6f8d_1.pdf,2,https://olympiads.mccme.ru/vmo/2010/1.pdf
R-2010-10.2,vsosh,regional,2010,2009/2010,Федеральный комплект,1,,2,number_theory;combinatorics,extremal;contradiction,Существование или невозможность,statement_reviewed,2,Разбиение чисел от 1 до k с одинаковыми конкатенациями.,False,archive/vsosh/regional/2009-2010/moscow/822eaa1cef6f8d_1.pdf,2,https://olympiads.mccme.ru/vmo/2010/1.pdf
R-2010-10.3,vsosh,regional,2010,2009/2010,Федеральный комплект,1,,3,geometry,angles;power,Доказательство,statement_reviewed,2,Биссектрисы и серединный перпендикуляр дают четыре точки на окружности.,True,archive/vsosh/regional/2009-2010/moscow/822eaa1cef6f8d_1.pdf,2,https://olympiads.mccme.ru/vmo/2010/1.pdf
R-2010-10.4,vsosh,regional,2010,2009/2010,Федеральный комплект,1,,4,number_theory,valuations;bounds,Подсчёт,statement_reviewed,2,Числа b с импликацией b^2 делит a^5 -> b делит a^2.,False,archive/vsosh/regional/2009-2010/moscow/822eaa1cef6f8d_1.pdf,2,https://olympiads.mccme.ru/vmo/2010/1.pdf
R-2010-10.5,vsosh,regional,2010,2009/2010,Федеральный комплект,2,,5,algebra,bounds;polynomials,Доказательство,statement_reviewed,2,Положительность одного квадратного трёхчлена влечет другую.,False,archive/vsosh/regional/2009-2010/moscow/81b37e6f718fc3_2.pdf,2,https://olympiads.mccme.ru/vmo/2010/2.pdf
R-2010-10.6,vsosh,regional,2010,2009/2010,Федеральный комплект,2,,6,geometry,similarity;angles,Доказательство,statement_reviewed,3,Касательные и параллельная хорде прямая делят две ломаные пропорционально.,False,archive/vsosh/regional/2009-2010/moscow/81b37e6f718fc3_2.pdf,2,https://olympiads.mccme.ru/vmo/2010/2.pdf
R-2010-10.7,vsosh,regional,2010,2009/2010,Федеральный комплект,2,,7,number_theory;algebra,construction;factorization,Существование или невозможность,statement_reviewed,3,Три целых с нулевой суммой и квадратом суммы тринадцатых степеней.,False,archive/vsosh/regional/2009-2010/moscow/81b37e6f718fc3_2.pdf,2,https://olympiads.mccme.ru/vmo/2010/2.pdf
R-2010-10.8,vsosh,regional,2010,2009/2010,Федеральный комплект,2,,8,combinatorics,bounds;construction;recurrence,Подсчёт,statement_reviewed,3,Разбиение клетчатой лестницы на прямоугольники разных площадей.,False,archive/vsosh/regional/2009-2010/moscow/81b37e6f718fc3_2.pdf,2,https://olympiads.mccme.ru/vmo/2010/2.pdf
